company,job_title,salary,location,year
NVIDIA CORPORATION,Business Intelligence Engineer,208000,"Nashville, TN",2026
NVIDIA CORPORATION,Product Manager,188000,"Phoenix, AZ",2026
LINKEDIN CORPORATION,Big Data Engineer,178000,"Sunnyvale, CA",2024
SQUARE INC,Network Engineer,161000,"Pittsburgh, PA",2026
SERVICENOW INC,Engineering Manager,146000,"Santa Clara, CA",2026
UBER TECHNOLOGIES INC,Operations Research Analyst,137000,"Irvine, CA",2026
INTEL CORPORATION,Engineering Manager,166000,"Santa Clara, CA",2024
TWITTER INC,DevOps Engineer,124000,"San Francisco, CA",2026
COGNIZANT TECHNOLOGY SOLUTIONS,Full Stack Engineer,108000,"Teaneck, NJ",2026
SALESFORCE INC,SDET,181000,"New York, NY",2025
AIRBNB INC,Big Data Engineer,179000,"San Francisco, CA",2025
INTEL CORPORATION,Infrastructure Engineer,174000,"Atlanta, GA",2026
SALESFORCE INC,Senior Product Manager,196000,"San Francisco, CA",2025
DATADOG INC,Analytics Engineer,185000,"Redmond, WA",2026
JPMORGAN CHASE & CO,Infrastructure Engineer,160000,"Boston, MA",2024
AIRBNB INC,Software Engineer,191000,"San Francisco, CA",2025
DROPOBOX INC,Backend Engineer,131000,"San Francisco, CA",2024
META PLATFORMS INC,Operations Research Analyst,210000,"Menlo Park, CA",2026
STRIPE INC,Senior Software Engineer,170000,"South San Francisco, CA",2026
IBM CORPORATION,Technical Lead,150000,"Reston, VA",2025
AMAZON WEB SERVICES INC,Product Manager,159000,"Bentonville, AR",2024
INTEL CORPORATION,QA Engineer,136000,"Santa Clara, CA",2024
ZOOM VIDEO COMMUNICATIONS,Applied Scientist,180000,"Nashville, TN",2026
TWITTER INC,Database Administrator,173000,"San Francisco, CA",2024
DROPOBOX INC,Technical Lead,154000,"Mountain View, CA",2025
MICROSOFT CORPORATION,QA Engineer,193000,"Redmond, WA",2024
GOOGLE LLC,Senior Engineering Manager,210000,"Columbus, OH",2026
INFOSYS LIMITED,Big Data Engineer,94000,"Plano, TX",2026
SERVICENOW INC,Security Engineer,149000,"Santa Clara, CA",2025
STRIPE INC,Financial Analyst,156000,"South San Francisco, CA",2025
META PLATFORMS INC,Senior Product Manager,169000,"Menlo Park, CA",2026
AIRBNB INC,AI Engineer,137000,"San Francisco, CA",2025
WALMART GLOBAL TECH,QA Engineer,130000,"Bentonville, AR",2024
AMAZON COM SERVICES LLC,Data Engineer,159000,"Seattle, WA",2025
IBM CORPORATION,Software Engineer,128000,"Armonk, NY",2026
TESLA INC,Senior Engineering Manager,169000,"Pittsburgh, PA",2024
COGNIZANT TECHNOLOGY SOLUTIONS,Machine Learning Engineer,71000,"Teaneck, NJ",2024
WALMART GLOBAL TECH,Business Intelligence Engineer,122000,"Bentonville, AR",2025
VMWARE LLC,Data Engineer,116000,"Palo Alto, CA",2025
NETFLIX INC,Infrastructure Engineer,272000,"Los Gatos, CA",2025
ZOOM VIDEO COMMUNICATIONS,Systems Engineer,130000,"San Jose, CA",2024
NETFLIX INC,Machine Learning Engineer,229000,"Los Gatos, CA",2026
STRIPE INC,Infrastructure Engineer,210000,"South San Francisco, CA",2024
JPMORGAN CHASE & CO,Research Scientist,105000,"Dallas, TX",2026
TATA CONSULTANCY SERVICES,Software Engineer,72000,"Dallas, TX",2024
UBER TECHNOLOGIES INC,Systems Engineer,154000,"San Francisco, CA",2025
STRIPE INC,AI Engineer,207000,"South San Francisco, CA",2026
NVIDIA CORPORATION,Backend Engineer,173000,"Detroit, MI",2024
UBER TECHNOLOGIES INC,SDET,127000,"New York, NY",2025
DATADOG INC,Backend Engineer,165000,"New York, NY",2026
PINTEREST INC,Full Stack Engineer,189000,"San Francisco, CA",2025
SQUARE INC,Solutions Architect,172000,"Jersey City, NJ",2025
ORACLE AMERICA INC,Platform Engineer,110000,"Richmond, VA",2024
GOLDMAN SACHS & CO LLC,Engineering Manager,147000,"St. Louis, MO",2024
SQUARE INC,Applied Scientist,168000,"San Francisco, CA",2026
PALANTIR TECHNOLOGIES,Staff Software Engineer,140000,"Denver, CO",2025
AMAZON COM SERVICES LLC,UX Engineer,177000,"Austin, TX",2026
ORACLE AMERICA INC,Solutions Architect,173000,"Austin, TX",2026
TWITTER INC,Infrastructure Engineer,148000,"San Francisco, CA",2025
PALANTIR TECHNOLOGIES,Research Scientist,128000,"Denver, CO",2026
GOOGLE LLC,Research Scientist,157000,"Mountain View, CA",2026
WORKDAY INC,Operations Research Analyst,144000,"Newark, NJ",2024
META PLATFORMS INC,Site Reliability Engineer,181000,"Menlo Park, CA",2026
INTEL CORPORATION,Applied Scientist,128000,"Redmond, WA",2025
IBM CORPORATION,Systems Engineer,110000,"Armonk, NY",2025
INTEL CORPORATION,Security Engineer,142000,"Plano, TX",2024
WORKDAY INC,Operations Research Analyst,161000,"Raleigh, NC",2026
ZOOM VIDEO COMMUNICATIONS,Software Engineer,184000,"Minneapolis, MN",2026
AMAZON WEB SERVICES INC,Compliance Analyst,187000,"Seattle, WA",2026
IBM CORPORATION,Machine Learning Engineer,148000,"San Francisco, CA",2024
LINKEDIN CORPORATION,Backend Engineer,207000,"Sunnyvale, CA",2025
GOOGLE LLC,Technical Program Manager,186000,"Mountain View, CA",2026
PINTEREST INC,DevOps Engineer,180000,"San Francisco, CA",2024
AIRBNB INC,UX Engineer,169000,"San Francisco, CA",2025
NETFLIX INC,UX Engineer,322000,"Los Gatos, CA",2025
STRIPE INC,Compliance Analyst,198000,"Schaumburg, IL",2024
SALESFORCE INC,Site Reliability Engineer,185000,"San Francisco, CA",2024
STRIPE INC,Senior Product Manager,199000,"South San Francisco, CA",2026
NETFLIX INC,Technical Lead,332000,"Los Gatos, CA",2026
META PLATFORMS INC,Senior Engineering Manager,199000,"Menlo Park, CA",2026
APPLE INC,Senior Software Engineer,172000,"Cupertino, CA",2024
LINKEDIN CORPORATION,Full Stack Engineer,166000,"Austin, TX",2026
AMAZON WEB SERVICES INC,Data Scientist,166000,"Seattle, WA",2024
TATA CONSULTANCY SERVICES,SRE,69000,"Bridgewater, NJ",2026
ZOOM VIDEO COMMUNICATIONS,AI Engineer,134000,"San Jose, CA",2026
WALMART GLOBAL TECH,Data Engineer,106000,"Los Angeles, CA",2024
PALANTIR TECHNOLOGIES,Research Scientist,153000,"Denver, CO",2025
TATA CONSULTANCY SERVICES,Frontend Engineer,72000,"Bridgewater, NJ",2025
DATADOG INC,Machine Learning Engineer,126000,"New York, NY",2025
DATADOG INC,Security Engineer,140000,"San Diego, CA",2025
ADOBE INC,Senior Data Scientist,149000,"Phoenix, AZ",2024
META PLATFORMS INC,Business Intelligence Engineer,168000,"New York, NY",2025
AMAZON COM SERVICES LLC,Senior Data Engineer,159000,"Seattle, WA",2026
APPLE INC,Research Scientist,170000,"Bridgewater, NJ",2026
SQUARE INC,Security Engineer,186000,"Detroit, MI",2025
AMAZON COM SERVICES LLC,Security Engineer,193000,"Kansas City, MO",2024
META PLATFORMS INC,Senior Data Scientist,206000,"Menlo Park, CA",2024
META PLATFORMS INC,Big Data Engineer,184000,"Menlo Park, CA",2026
STRIPE INC,Machine Learning Engineer,212000,"Salt Lake City, UT",2025
SERVICENOW INC,Systems Engineer,156000,"Santa Clara, CA",2026
META PLATFORMS INC,AI Engineer,194000,"Cambridge, MA",2025
MICROSOFT CORPORATION,Senior Product Manager,186000,"Redmond, WA",2024
SERVICENOW INC,Product Manager,144000,"Tempe, AZ",2026
APPLE INC,Software Engineer,146000,"Cupertino, CA",2024
CAPITAL ONE SERVICES LLC,Data Scientist,114000,"Atlanta, GA",2026
SPLUNK INC,Solutions Architect,154000,"Dallas, TX",2024
DROPOBOX INC,Senior DevOps Engineer,175000,"McLean, VA",2025
STRIPE INC,Senior Software Engineer,191000,"South San Francisco, CA",2026
PINTEREST INC,Senior Data Engineer,149000,"Brooklyn, NY",2026
JPMORGAN CHASE & CO,Backend Engineer,153000,"New York, NY",2024
CAPITAL ONE SERVICES LLC,QA Engineer,155000,"Plano, TX",2026
TWITTER INC,Senior Data Scientist,164000,"Los Angeles, CA",2025
SNAP INC,Research Scientist,166000,"Santa Monica, CA",2024
VMWARE LLC,SDET,185000,"Cambridge, MA",2025
AIRBNB INC,Business Intelligence Engineer,144000,"St. Louis, MO",2024
COGNIZANT TECHNOLOGY SOLUTIONS,Data Engineer,96000,"Philadelphia, PA",2026
TATA CONSULTANCY SERVICES,Network Engineer,86000,"Bridgewater, NJ",2024
INTEL CORPORATION,Infrastructure Engineer,143000,"San Diego, CA",2024
META PLATFORMS INC,Infrastructure Engineer,150000,"Phoenix, AZ",2025
ORACLE AMERICA INC,Technical Lead,156000,"Kansas City, MO",2024
AMAZON WEB SERVICES INC,Big Data Engineer,188000,"Arlington, VA",2025
ACCENTURE LLP,Compliance Analyst,140000,"Chicago, IL",2024
MICROSOFT CORPORATION,Compliance Analyst,136000,"Sunnyvale, CA",2025
SPLUNK INC,Data Engineer,164000,"San Francisco, CA",2024
AMAZON WEB SERVICES INC,Machine Learning Engineer,158000,"Seattle, WA",2026
TWITTER INC,Full Stack Engineer,187000,"San Francisco, CA",2026
GOLDMAN SACHS & CO LLC,Full Stack Engineer,114000,"Atlanta, GA",2024
SNAP INC,UX Engineer,198000,"Santa Monica, CA",2026
VMWARE LLC,Senior Software Engineer,182000,"Cambridge, MA",2025
NVIDIA CORPORATION,Engineering Manager,219000,"Santa Clara, CA",2025
STRIPE INC,SDET,178000,"South San Francisco, CA",2025
PALANTIR TECHNOLOGIES,Platform Engineer,114000,"San Francisco, CA",2025
WALMART GLOBAL TECH,Senior Product Manager,115000,"Indianapolis, IN",2026
IBM CORPORATION,Cloud Engineer,129000,"Minneapolis, MN",2024
PINTEREST INC,Data Engineer,172000,"San Francisco, CA",2025
GOLDMAN SACHS & CO LLC,Analytics Engineer,139000,"New York, NY",2024
INTEL CORPORATION,Senior Engineering Manager,163000,"Arlington, VA",2025
SQUARE INC,Senior Data Engineer,172000,"San Francisco, CA",2026
AMAZON WEB SERVICES INC,Applied Scientist,183000,"Seattle, WA",2026
PINTEREST INC,Compliance Analyst,153000,"Houston, TX",2024
TWITTER INC,Senior Engineering Manager,182000,"San Francisco, CA",2025
CAPITAL ONE SERVICES LLC,Solutions Architect,145000,"McLean, VA",2026
GOOGLE LLC,Financial Analyst,210000,"Mountain View, CA",2026
JPMORGAN CHASE & CO,Engineering Manager,131000,"Bentonville, AR",2025
MICROSOFT CORPORATION,Technical Program Manager,149000,"Tempe, AZ",2025
TESLA INC,Senior Data Scientist,169000,"Austin, TX",2026
TESLA INC,Operations Research Analyst,127000,"Seattle, WA",2025
TWITTER INC,Senior Data Engineer,149000,"Tempe, AZ",2026
SPLUNK INC,QA Engineer,182000,"San Francisco, CA",2025
GOLDMAN SACHS & CO LLC,UX Engineer,184000,"New York, NY",2025
GOOGLE LLC,Technical Lead,161000,"Mountain View, CA",2024
NVIDIA CORPORATION,Business Intelligence Engineer,192000,"Santa Clara, CA",2025
AMAZON WEB SERVICES INC,Analytics Engineer,154000,"Seattle, WA",2025
GOLDMAN SACHS & CO LLC,Staff Software Engineer,163000,"New York, NY",2025
UBER TECHNOLOGIES INC,Technical Lead,171000,"Plano, TX",2026
DROPOBOX INC,Full Stack Engineer,143000,"San Francisco, CA",2024
GOOGLE LLC,Compliance Analyst,211000,"Chicago, IL",2025
SALESFORCE INC,Analytics Engineer,165000,"San Francisco, CA",2024
SNAP INC,UX Engineer,129000,"Santa Monica, CA",2025
AIRBNB INC,Senior Product Manager,150000,"San Francisco, CA",2024
GOOGLE LLC,Senior DevOps Engineer,187000,"Mountain View, CA",2026
COGNIZANT TECHNOLOGY SOLUTIONS,Platform Engineer,96000,"Teaneck, NJ",2024
INTEL CORPORATION,DevOps Engineer,139000,"Santa Clara, CA",2024
STRIPE INC,Senior Engineering Manager,188000,"Reston, VA",2026
SNAP INC,Big Data Engineer,122000,"Tampa, FL",2025
PALANTIR TECHNOLOGIES,Business Intelligence Engineer,135000,"Denver, CO",2025
NVIDIA CORPORATION,Operations Research Analyst,175000,"Boston, MA",2026
ADOBE INC,Platform Engineer,125000,"Dallas, TX",2025
AIRBNB INC,SRE,129000,"San Francisco, CA",2025
LINKEDIN CORPORATION,Compliance Analyst,200000,"New York, NY",2024
NETFLIX INC,UX Engineer,269000,"Los Gatos, CA",2026
TESLA INC,Platform Engineer,142000,"Austin, TX",2026
MICROSOFT CORPORATION,Machine Learning Engineer,154000,"Redmond, WA",2024
CAPITAL ONE SERVICES LLC,Solutions Architect,118000,"Sunnyvale, CA",2024
DELOITTE CONSULTING LLP,Applied Scientist,91000,"New York, NY",2026
INFOSYS LIMITED,Staff Software Engineer,87000,"Plano, TX",2026
ADOBE INC,Data Engineer,193000,"Columbus, OH",2024
PINTEREST INC,Technical Lead,144000,"San Francisco, CA",2025
WALMART GLOBAL TECH,Full Stack Engineer,102000,"Bentonville, AR",2024
ORACLE AMERICA INC,DevOps Engineer,105000,"Salt Lake City, UT",2025
SPLUNK INC,Compliance Analyst,140000,"San Francisco, CA",2025
ACCENTURE LLP,Cloud Engineer,91000,"Sacramento, CA",2026
ZOOM VIDEO COMMUNICATIONS,Security Engineer,137000,"San Jose, CA",2025
TATA CONSULTANCY SERVICES,Platform Engineer,101000,"Bridgewater, NJ",2025
TATA CONSULTANCY SERVICES,Product Manager,94000,"Ann Arbor, MI",2024
NETFLIX INC,Backend Engineer,313000,"Bridgewater, NJ",2024
JPMORGAN CHASE & CO,Engineering Manager,162000,"New York, NY",2024
LINKEDIN CORPORATION,UX Engineer,179000,"Richmond, VA",2024
APPLE INC,Security Engineer,174000,"Cupertino, CA",2025
SALESFORCE INC,Applied Scientist,128000,"San Francisco, CA",2024
DELOITTE CONSULTING LLP,Solutions Architect,88000,"New York, NY",2026
META PLATFORMS INC,Full Stack Engineer,155000,"Menlo Park, CA",2025
TWITTER INC,Database Administrator,185000,"San Francisco, CA",2026
SPLUNK INC,SDET,146000,"San Francisco, CA",2024
VMWARE LLC,Solutions Architect,117000,"Jersey City, NJ",2026
DATADOG INC,Applied Scientist,130000,"New York, NY",2024
ZOOM VIDEO COMMUNICATIONS,Cloud Engineer,166000,"San Jose, CA",2024
SNAP INC,Cloud Engineer,172000,"Santa Monica, CA",2025
APPLE INC,Senior Data Scientist,208000,"Cupertino, CA",2026
NVIDIA CORPORATION,Site Reliability Engineer,158000,"Santa Clara, CA",2025
APPLE INC,Staff Software Engineer,166000,"Cupertino, CA",2024
APPLE INC,Technical Program Manager,192000,"San Francisco, CA",2026
LINKEDIN CORPORATION,Technical Lead,179000,"Boston, MA",2025
JPMORGAN CHASE & CO,Research Scientist,169000,"New York, NY",2024
SPLUNK INC,Senior Data Engineer,149000,"Dallas, TX",2025
UBER TECHNOLOGIES INC,Senior Engineering Manager,194000,"San Francisco, CA",2024
VMWARE LLC,Solutions Architect,130000,"Palo Alto, CA",2024
UBER TECHNOLOGIES INC,Financial Analyst,169000,"Boulder, CO",2024
APPLE INC,Staff Software Engineer,198000,"Cupertino, CA",2025
ACCENTURE LLP,SRE,96000,"Brooklyn, NY",2025
TATA CONSULTANCY SERVICES,Financial Analyst,79000,"Bridgewater, NJ",2024
GOLDMAN SACHS & CO LLC,Security Engineer,120000,"New York, NY",2024
NETFLIX INC,AI Engineer,320000,"Los Gatos, CA",2025
AIRBNB INC,Backend Engineer,158000,"San Francisco, CA",2024
DELOITTE CONSULTING LLP,Senior Data Engineer,134000,"Chicago, IL",2026
PINTEREST INC,Engineering Manager,142000,"San Francisco, CA",2024
NETFLIX INC,AI Engineer,220000,"Alpharetta, GA",2026
GOOGLE LLC,Technical Lead,182000,"Mountain View, CA",2024
DOCUSIGN INC,QA Engineer,141000,"San Francisco, CA",2024
AMAZON COM SERVICES LLC,Platform Engineer,133000,"Alpharetta, GA",2025
TESLA INC,Site Reliability Engineer,159000,"Austin, TX",2025
WALMART GLOBAL TECH,Data Engineer,133000,"Bentonville, AR",2024
CAPITAL ONE SERVICES LLC,Security Engineer,123000,"Charlotte, NC",2026
GOOGLE LLC,Cloud Engineer,216000,"Los Angeles, CA",2025
DOCUSIGN INC,Technical Lead,168000,"Ann Arbor, MI",2025
AMAZON WEB SERVICES INC,Cloud Engineer,135000,"San Diego, CA",2026
LINKEDIN CORPORATION,Security Engineer,197000,"Sunnyvale, CA",2026
INTEL CORPORATION,Engineering Manager,141000,"Santa Clara, CA",2024
INTEL CORPORATION,Site Reliability Engineer,153000,"Santa Clara, CA",2026
AMAZON COM SERVICES LLC,Compliance Analyst,183000,"Austin, TX",2026
MICROSOFT CORPORATION,Machine Learning Engineer,148000,"Cambridge, MA",2026
SERVICENOW INC,SDET,133000,"Richmond, VA",2025
STRIPE INC,Senior Data Scientist,229000,"South San Francisco, CA",2025
CAPITAL ONE SERVICES LLC,Compliance Analyst,124000,"McLean, VA",2026
COGNIZANT TECHNOLOGY SOLUTIONS,Security Engineer,72000,"Reston, VA",2024
DATADOG INC,Big Data Engineer,143000,"New York, NY",2024
DOCUSIGN INC,Cloud Engineer,157000,"San Francisco, CA",2024
INFOSYS LIMITED,Senior Data Engineer,94000,"Sacramento, CA",2026
SPLUNK INC,Operations Research Analyst,144000,"San Jose, CA",2025
TWITTER INC,Network Engineer,182000,"San Francisco, CA",2026
ZOOM VIDEO COMMUNICATIONS,Engineering Manager,156000,"San Jose, CA",2026
DROPOBOX INC,Platform Engineer,138000,"San Francisco, CA",2024
INTEL CORPORATION,Frontend Engineer,128000,"Santa Clara, CA",2025
ADOBE INC,Software Engineer,124000,"Sunnyvale, CA",2025
DROPOBOX INC,Analytics Engineer,157000,"Milwaukee, WI",2025
AIRBNB INC,Analytics Engineer,185000,"San Francisco, CA",2024
GOLDMAN SACHS & CO LLC,Business Intelligence Engineer,152000,"New York, NY",2026
UBER TECHNOLOGIES INC,Product Manager,147000,"San Francisco, CA",2024
STRIPE INC,Site Reliability Engineer,218000,"South San Francisco, CA",2025
SPLUNK INC,Infrastructure Engineer,128000,"Bridgewater, NJ",2026
NETFLIX INC,UX Engineer,290000,"Los Gatos, CA",2025
INTEL CORPORATION,Network Engineer,135000,"Santa Clara, CA",2025
WORKDAY INC,Big Data Engineer,122000,"Pleasanton, CA",2025
INTEL CORPORATION,Machine Learning Engineer,126000,"Santa Clara, CA",2026
CAPITAL ONE SERVICES LLC,Senior Data Engineer,145000,"McLean, VA",2026
CAPITAL ONE SERVICES LLC,Analytics Engineer,157000,"McLean, VA",2025
INTEL CORPORATION,Site Reliability Engineer,162000,"Houston, TX",2024
META PLATFORMS INC,SRE,211000,"Richmond, VA",2024
COGNIZANT TECHNOLOGY SOLUTIONS,Product Manager,103000,"Kansas City, MO",2024
CAPITAL ONE SERVICES LLC,Frontend Engineer,139000,"McLean, VA",2024
ZOOM VIDEO COMMUNICATIONS,SRE,118000,"San Jose, CA",2025
ACCENTURE LLP,Machine Learning Engineer,106000,"Chicago, IL",2025
MICROSOFT CORPORATION,DevOps Engineer,153000,"Indianapolis, IN",2024
COGNIZANT TECHNOLOGY SOLUTIONS,QA Engineer,78000,"Nashville, TN",2026
TWITTER INC,SDET,130000,"San Francisco, CA",2024
CAPITAL ONE SERVICES LLC,Senior Data Engineer,133000,"St. Louis, MO",2026
SALESFORCE INC,Cloud Engineer,148000,"San Francisco, CA",2025
DELOITTE CONSULTING LLP,Software Engineer,127000,"New York, NY",2026
DELOITTE CONSULTING LLP,Full Stack Engineer,99000,"New York, NY",2026
TESLA INC,Systems Engineer,118000,"Sacramento, CA",2024
PINTEREST INC,Systems Engineer,174000,"San Francisco, CA",2026
UBER TECHNOLOGIES INC,Financial Analyst,178000,"San Francisco, CA",2024
TWITTER INC,Big Data Engineer,155000,"Houston, TX",2026
DROPOBOX INC,Senior DevOps Engineer,156000,"San Francisco, CA",2025
DROPOBOX INC,Machine Learning Engineer,142000,"San Francisco, CA",2024
DOCUSIGN INC,Infrastructure Engineer,135000,"San Francisco, CA",2024
ZOOM VIDEO COMMUNICATIONS,SDET,156000,"Salt Lake City, UT",2025
AIRBNB INC,Senior Product Manager,154000,"San Francisco, CA",2024
SPLUNK INC,Engineering Manager,141000,"San Francisco, CA",2026
NVIDIA CORPORATION,Senior Data Engineer,249000,"Santa Clara, CA",2025
AMAZON COM SERVICES LLC,Backend Engineer,190000,"St. Louis, MO",2025
DELOITTE CONSULTING LLP,Operations Research Analyst,98000,"Richmond, VA",2024
TATA CONSULTANCY SERVICES,Analytics Engineer,103000,"Minneapolis, MN",2024
COGNIZANT TECHNOLOGY SOLUTIONS,Senior DevOps Engineer,106000,"Palo Alto, CA",2025
META PLATFORMS INC,Data Scientist,159000,"Menlo Park, CA",2024
COGNIZANT TECHNOLOGY SOLUTIONS,Compliance Analyst,83000,"Teaneck, NJ",2026
SALESFORCE INC,Analytics Engineer,149000,"San Francisco, CA",2026
SPLUNK INC,AI Engineer,176000,"New York, NY",2026
PALANTIR TECHNOLOGIES,Security Engineer,152000,"Denver, CO",2026
STRIPE INC,Technical Lead,208000,"Plano, TX",2025
SNAP INC,Full Stack Engineer,132000,"Denver, CO",2024
SPLUNK INC,Machine Learning Engineer,126000,"San Francisco, CA",2025
SALESFORCE INC,Database Administrator,126000,"Austin, TX",2026
ADOBE INC,Security Engineer,138000,"Ann Arbor, MI",2026
GOOGLE LLC,Infrastructure Engineer,209000,"Mountain View, CA",2025
NETFLIX INC,Senior Product Manager,292000,"Los Gatos, CA",2026
GOLDMAN SACHS & CO LLC,Research Scientist,111000,"Baltimore, MD",2026
ADOBE INC,UX Engineer,162000,"McLean, VA",2025
AIRBNB INC,AI Engineer,127000,"Palo Alto, CA",2026
TATA CONSULTANCY SERVICES,Solutions Architect,68000,"Bridgewater, NJ",2024
MICROSOFT CORPORATION,Technical Lead,150000,"Irvine, CA",2026
AMAZON COM SERVICES LLC,Full Stack Engineer,171000,"Seattle, WA",2025
SNAP INC,Research Scientist,139000,"Portland, OR",2025
GOLDMAN SACHS & CO LLC,Senior Data Scientist,157000,"New York, NY",2025
LINKEDIN CORPORATION,Applied Scientist,143000,"Sunnyvale, CA",2024
LINKEDIN CORPORATION,Security Engineer,170000,"Sunnyvale, CA",2026
COGNIZANT TECHNOLOGY SOLUTIONS,Senior Software Engineer,93000,"Miami, FL",2025
DROPOBOX INC,Database Administrator,183000,"San Francisco, CA",2026
META PLATFORMS INC,Security Engineer,142000,"Palo Alto, CA",2024
SNAP INC,Machine Learning Engineer,127000,"Santa Monica, CA",2026
DATADOG INC,Senior Data Scientist,190000,"New York, NY",2026
SALESFORCE INC,Machine Learning Engineer,145000,"San Francisco, CA",2025
ZOOM VIDEO COMMUNICATIONS,Operations Research Analyst,116000,"San Jose, CA",2025
ORACLE AMERICA INC,Senior Product Manager,174000,"Austin, TX",2025
ACCENTURE LLP,Business Intelligence Engineer,134000,"Chicago, IL",2025
AMAZON WEB SERVICES INC,DevOps Engineer,180000,"Kansas City, MO",2026
NETFLIX INC,Cloud Engineer,238000,"Los Gatos, CA",2024
AMAZON COM SERVICES LLC,Systems Engineer,197000,"St. Louis, MO",2025
SNAP INC,Big Data Engineer,180000,"Santa Monica, CA",2026
VMWARE LLC,QA Engineer,161000,"Palo Alto, CA",2026
STRIPE INC,Cloud Engineer,190000,"South San Francisco, CA",2024
PINTEREST INC,Security Engineer,177000,"San Francisco, CA",2024
DROPOBOX INC,Frontend Engineer,185000,"Nashville, TN",2024
UBER TECHNOLOGIES INC,Full Stack Engineer,186000,"San Francisco, CA",2026
SERVICENOW INC,Product Manager,135000,"Santa Clara, CA",2025
DATADOG INC,Compliance Analyst,139000,"New York, NY",2026
MICROSOFT CORPORATION,Database Administrator,180000,"Redmond, WA",2026
SPLUNK INC,Full Stack Engineer,164000,"San Francisco, CA",2025
WALMART GLOBAL TECH,Systems Engineer,93000,"Bentonville, AR",2026
INFOSYS LIMITED,Site Reliability Engineer,74000,"Indianapolis, IN",2026
GOLDMAN SACHS & CO LLC,Technical Program Manager,173000,"Jersey City, NJ",2024
SERVICENOW INC,Data Scientist,144000,"Santa Clara, CA",2024
WORKDAY INC,Systems Engineer,134000,"Pleasanton, CA",2024
SQUARE INC,Platform Engineer,159000,"Plano, TX",2026
ACCENTURE LLP,Platform Engineer,129000,"Chicago, IL",2024
SQUARE INC,AI Engineer,179000,"San Francisco, CA",2026
TESLA INC,Compliance Analyst,164000,"Indianapolis, IN",2025
NETFLIX INC,Security Engineer,237000,"Arlington, VA",2024
TESLA INC,Site Reliability Engineer,139000,"Sacramento, CA",2026
VMWARE LLC,SDET,141000,"Palo Alto, CA",2024
NETFLIX INC,QA Engineer,253000,"Los Gatos, CA",2024
DROPOBOX INC,QA Engineer,142000,"San Francisco, CA",2026
AMAZON COM SERVICES LLC,Backend Engineer,144000,"Bellevue, WA",2024
DOCUSIGN INC,Product Manager,156000,"Indianapolis, IN",2025
ADOBE INC,Platform Engineer,125000,"San Jose, CA",2026
GOLDMAN SACHS & CO LLC,Senior DevOps Engineer,153000,"Redmond, WA",2024
ORACLE AMERICA INC,Solutions Architect,119000,"Jersey City, NJ",2025
JPMORGAN CHASE & CO,Full Stack Engineer,131000,"Plano, TX",2026
VMWARE LLC,Database Administrator,181000,"St. Louis, MO",2026
AMAZON WEB SERVICES INC,Compliance Analyst,151000,"Seattle, WA",2026
PALANTIR TECHNOLOGIES,Senior DevOps Engineer,155000,"Denver, CO",2025
GOLDMAN SACHS & CO LLC,Solutions Architect,141000,"San Francisco, CA",2024
CAPITAL ONE SERVICES LLC,Big Data Engineer,106000,"McLean, VA",2024
SNAP INC,Staff Software Engineer,195000,"Santa Monica, CA",2025
STRIPE INC,Applied Scientist,223000,"South San Francisco, CA",2025
SALESFORCE INC,DevOps Engineer,176000,"Chicago, IL",2025
SNAP INC,Security Engineer,170000,"Charlotte, NC",2024
ORACLE AMERICA INC,Senior DevOps Engineer,140000,"Austin, TX",2026
VMWARE LLC,QA Engineer,143000,"Palo Alto, CA",2024
SQUARE INC,Network Engineer,151000,"San Francisco, CA",2026
SQUARE INC,Staff Software Engineer,171000,"San Francisco, CA",2026
APPLE INC,Systems Engineer,188000,"Jersey City, NJ",2026
MICROSOFT CORPORATION,Financial Analyst,192000,"Redmond, WA",2025
DOCUSIGN INC,Database Administrator,164000,"San Francisco, CA",2026
TESLA INC,Software Engineer,161000,"Austin, TX",2026
WORKDAY INC,Senior Product Manager,159000,"Pleasanton, CA",2026
STRIPE INC,QA Engineer,157000,"Mountain View, CA",2026
MICROSOFT CORPORATION,Financial Analyst,148000,"Jersey City, NJ",2026
UBER TECHNOLOGIES INC,Full Stack Engineer,157000,"Salt Lake City, UT",2025
WALMART GLOBAL TECH,Senior Data Engineer,145000,"San Diego, CA",2026
AMAZON WEB SERVICES INC,Applied Scientist,181000,"Seattle, WA",2026
NETFLIX INC,Solutions Architect,290000,"Bridgewater, NJ",2024
PALANTIR TECHNOLOGIES,Database Administrator,182000,"Denver, CO",2025
COGNIZANT TECHNOLOGY SOLUTIONS,Senior DevOps Engineer,105000,"Teaneck, NJ",2024
STRIPE INC,Security Engineer,183000,"Detroit, MI",2025
ACCENTURE LLP,Site Reliability Engineer,115000,"Chicago, IL",2026
VMWARE LLC,Senior Engineering Manager,155000,"Milwaukee, WI",2025
GOLDMAN SACHS & CO LLC,Engineering Manager,133000,"Houston, TX",2025
ORACLE AMERICA INC,Senior DevOps Engineer,149000,"Austin, TX",2025
SPLUNK INC,Senior Engineering Manager,181000,"San Francisco, CA",2025
INFOSYS LIMITED,Research Scientist,84000,"Seattle, WA",2026
CAPITAL ONE SERVICES LLC,Senior Software Engineer,147000,"McLean, VA",2025
ACCENTURE LLP,Site Reliability Engineer,85000,"Chicago, IL",2025
SQUARE INC,SDET,178000,"San Francisco, CA",2025
STRIPE INC,Big Data Engineer,143000,"South San Francisco, CA",2026
NETFLIX INC,Software Engineer,311000,"Los Gatos, CA",2025
COGNIZANT TECHNOLOGY SOLUTIONS,Cloud Engineer,99000,"Teaneck, NJ",2024
PINTEREST INC,Analytics Engineer,125000,"San Francisco, CA",2024
UBER TECHNOLOGIES INC,Systems Engineer,185000,"San Francisco, CA",2026
NVIDIA CORPORATION,Operations Research Analyst,222000,"Santa Clara, CA",2026
INTEL CORPORATION,Senior Engineering Manager,166000,"Santa Clara, CA",2026
AMAZON COM SERVICES LLC,Big Data Engineer,156000,"Seattle, WA",2025
IBM CORPORATION,Analytics Engineer,131000,"Armonk, NY",2026
LINKEDIN CORPORATION,Senior Product Manager,205000,"Sunnyvale, CA",2024
AIRBNB INC,Network Engineer,148000,"San Francisco, CA",2026
IBM CORPORATION,Research Scientist,124000,"Armonk, NY",2024
GOLDMAN SACHS & CO LLC,Senior Data Scientist,143000,"New York, NY",2026
WORKDAY INC,Applied Scientist,147000,"Pleasanton, CA",2026
CAPITAL ONE SERVICES LLC,Solutions Architect,158000,"McLean, VA",2024
DATADOG INC,Product Manager,141000,"Redmond, WA",2025
SQUARE INC,SRE,182000,"San Francisco, CA",2026
SNAP INC,Solutions Architect,130000,"Santa Monica, CA",2026
SERVICENOW INC,Infrastructure Engineer,160000,"Santa Clara, CA",2026
DROPOBOX INC,Database Administrator,177000,"San Francisco, CA",2025
APPLE INC,Frontend Engineer,172000,"Ann Arbor, MI",2024
TWITTER INC,AI Engineer,129000,"Bridgewater, NJ",2024
AIRBNB INC,Engineering Manager,154000,"San Francisco, CA",2026
JPMORGAN CHASE & CO,Analytics Engineer,101000,"Boston, MA",2026
CAPITAL ONE SERVICES LLC,Frontend Engineer,147000,"McLean, VA",2026
AMAZON COM SERVICES LLC,Database Administrator,186000,"Seattle, WA",2024
SERVICENOW INC,Systems Engineer,157000,"Phoenix, AZ",2024
STRIPE INC,Business Intelligence Engineer,207000,"South San Francisco, CA",2026
SALESFORCE INC,Staff Software Engineer,152000,"San Francisco, CA",2026
DROPOBOX INC,Database Administrator,181000,"Pittsburgh, PA",2024
SPLUNK INC,Security Engineer,183000,"San Francisco, CA",2026
SERVICENOW INC,Big Data Engineer,115000,"Richmond, VA",2026
STRIPE INC,Full Stack Engineer,196000,"South San Francisco, CA",2026
MICROSOFT CORPORATION,Infrastructure Engineer,126000,"Redmond, WA",2024
GOLDMAN SACHS & CO LLC,Engineering Manager,181000,"New York, NY",2026
TWITTER INC,Technical Program Manager,158000,"San Francisco, CA",2024
WORKDAY INC,QA Engineer,132000,"Ann Arbor, MI",2026
SQUARE INC,Senior Data Scientist,163000,"San Francisco, CA",2024
SNAP INC,UX Engineer,121000,"Santa Monica, CA",2026
TATA CONSULTANCY SERVICES,Full Stack Engineer,96000,"Portland, OR",2024
IBM CORPORATION,Platform Engineer,156000,"Minneapolis, MN",2024
TESLA INC,Platform Engineer,124000,"Cupertino, CA",2025
ZOOM VIDEO COMMUNICATIONS,Infrastructure Engineer,137000,"St. Louis, MO",2025
TWITTER INC,Analytics Engineer,125000,"Detroit, MI",2025
INFOSYS LIMITED,Technical Lead,108000,"Plano, TX",2024
CAPITAL ONE SERVICES LLC,Engineering Manager,146000,"McLean, VA",2024
VMWARE LLC,Site Reliability Engineer,128000,"Palo Alto, CA",2025
INFOSYS LIMITED,Security Engineer,109000,"Atlanta, GA",2026
APPLE INC,Senior Product Manager,209000,"Cupertino, CA",2024
LINKEDIN CORPORATION,Solutions Architect,146000,"Sunnyvale, CA",2026
UBER TECHNOLOGIES INC,Applied Scientist,154000,"San Francisco, CA",2024
MICROSOFT CORPORATION,Compliance Analyst,180000,"Redmond, WA",2026
META PLATFORMS INC,Product Manager,196000,"Menlo Park, CA",2025
DATADOG INC,Staff Software Engineer,155000,"New York, NY",2025
DELOITTE CONSULTING LLP,Technical Lead,105000,"New York, NY",2026
JPMORGAN CHASE & CO,Network Engineer,125000,"Jersey City, NJ",2026
CAPITAL ONE SERVICES LLC,AI Engineer,118000,"McLean, VA",2026
SQUARE INC,Financial Analyst,162000,"San Francisco, CA",2024
NVIDIA CORPORATION,Applied Scientist,153000,"Santa Clara, CA",2026
COGNIZANT TECHNOLOGY SOLUTIONS,Technical Program Manager,102000,"Teaneck, NJ",2025
AIRBNB INC,Applied Scientist,185000,"San Francisco, CA",2026
META PLATFORMS INC,Financial Analyst,195000,"Menlo Park, CA",2026
INFOSYS LIMITED,Big Data Engineer,71000,"Plano, TX",2025
IBM CORPORATION,Senior Product Manager,117000,"Armonk, NY",2024
AMAZON COM SERVICES LLC,AI Engineer,163000,"Nashville, TN",2025
TESLA INC,Senior Engineering Manager,134000,"Austin, TX",2026
UBER TECHNOLOGIES INC,Systems Engineer,176000,"San Francisco, CA",2024
STRIPE INC,Cloud Engineer,153000,"Miami, FL",2024
INFOSYS LIMITED,DevOps Engineer,89000,"Plano, TX",2024
TWITTER INC,Systems Engineer,144000,"San Francisco, CA",2024
WORKDAY INC,Technical Lead,162000,"Pleasanton, CA",2026
GOLDMAN SACHS & CO LLC,Data Scientist,159000,"New York, NY",2024
PINTEREST INC,Research Scientist,123000,"Schaumburg, IL",2024
SERVICENOW INC,DevOps Engineer,166000,"Santa Clara, CA",2025
ADOBE INC,Senior Data Engineer,182000,"San Jose, CA",2026
DELOITTE CONSULTING LLP,Data Scientist,138000,"New York, NY",2026
DATADOG INC,Cloud Engineer,188000,"Nashville, TN",2024
MICROSOFT CORPORATION,Data Scientist,180000,"Arlington, VA",2025
IBM CORPORATION,Infrastructure Engineer,154000,"Charlotte, NC",2024
INFOSYS LIMITED,Technical Lead,93000,"Plano, TX",2026
ACCENTURE LLP,Compliance Analyst,115000,"Columbus, OH",2024
SERVICENOW INC,Solutions Architect,145000,"Santa Clara, CA",2024
VMWARE LLC,Analytics Engineer,183000,"Arlington, VA",2024
PALANTIR TECHNOLOGIES,Senior Engineering Manager,136000,"Denver, CO",2024
INTEL CORPORATION,Cloud Engineer,122000,"Santa Clara, CA",2026
META PLATFORMS INC,Senior DevOps Engineer,171000,"Austin, TX",2025
AMAZON COM SERVICES LLC,Analytics Engineer,150000,"Seattle, WA",2025
DELOITTE CONSULTING LLP,Database Administrator,104000,"New York, NY",2026
ADOBE INC,Senior Product Manager,145000,"San Jose, CA",2025
TATA CONSULTANCY SERVICES,Financial Analyst,74000,"Bridgewater, NJ",2026
WALMART GLOBAL TECH,Big Data Engineer,90000,"Phoenix, AZ",2026
TATA CONSULTANCY SERVICES,AI Engineer,81000,"Bridgewater, NJ",2025
DATADOG INC,Senior Data Engineer,182000,"New York, NY",2024
TWITTER INC,SRE,161000,"San Francisco, CA",2025
STRIPE INC,Big Data Engineer,149000,"South San Francisco, CA",2025
WORKDAY INC,Machine Learning Engineer,167000,"Phoenix, AZ",2024
NVIDIA CORPORATION,Big Data Engineer,187000,"Santa Clara, CA",2025
SQUARE INC,AI Engineer,116000,"San Francisco, CA",2024
APPLE INC,UX Engineer,171000,"Orlando, FL",2026
MICROSOFT CORPORATION,Frontend Engineer,162000,"Redmond, WA",2024
NVIDIA CORPORATION,Data Engineer,209000,"Santa Clara, CA",2024
INTEL CORPORATION,Operations Research Analyst,159000,"Charlotte, NC",2025
SERVICENOW INC,Senior Software Engineer,149000,"Santa Clara, CA",2024
TWITTER INC,Big Data Engineer,128000,"San Francisco, CA",2024
INFOSYS LIMITED,Infrastructure Engineer,98000,"Plano, TX",2026
DATADOG INC,Database Administrator,123000,"Cupertino, CA",2024
SPLUNK INC,Applied Scientist,170000,"San Francisco, CA",2024
ADOBE INC,Applied Scientist,153000,"San Jose, CA",2024
MICROSOFT CORPORATION,QA Engineer,164000,"Redmond, WA",2024
GOOGLE LLC,Systems Engineer,191000,"Mountain View, CA",2025
GOLDMAN SACHS & CO LLC,DevOps Engineer,155000,"Newark, NJ",2025
SQUARE INC,Machine Learning Engineer,120000,"Bentonville, AR",2024
DELOITTE CONSULTING LLP,Product Manager,121000,"New York, NY",2024
DELOITTE CONSULTING LLP,Software Engineer,117000,"Bellevue, WA",2025
SNAP INC,Solutions Architect,186000,"Santa Monica, CA",2024
IBM CORPORATION,QA Engineer,118000,"Armonk, NY",2026
AMAZON COM SERVICES LLC,AI Engineer,130000,"Dallas, TX",2025
TESLA INC,AI Engineer,133000,"Austin, TX",2024
TESLA INC,Technical Lead,161000,"St. Louis, MO",2026
CAPITAL ONE SERVICES LLC,Engineering Manager,137000,"Tampa, FL",2024
ACCENTURE LLP,Senior DevOps Engineer,116000,"Chicago, IL",2024
AIRBNB INC,Machine Learning Engineer,150000,"San Francisco, CA",2024
ADOBE INC,Cloud Engineer,190000,"San Jose, CA",2024
MICROSOFT CORPORATION,Senior DevOps Engineer,188000,"Redmond, WA",2024
AIRBNB INC,Operations Research Analyst,129000,"Minneapolis, MN",2024
TESLA INC,Solutions Architect,167000,"Irvine, CA",2024
ZOOM VIDEO COMMUNICATIONS,SRE,129000,"Denver, CO",2026
DATADOG INC,Machine Learning Engineer,191000,"Salt Lake City, UT",2026
SALESFORCE INC,SRE,130000,"San Francisco, CA",2025
COGNIZANT TECHNOLOGY SOLUTIONS,Data Scientist,66000,"Richmond, VA",2024
TESLA INC,Senior Product Manager,131000,"San Jose, CA",2026
GOOGLE LLC,Data Engineer,188000,"Charlotte, NC",2026
AIRBNB INC,Platform Engineer,179000,"San Francisco, CA",2024
TWITTER INC,Solutions Architect,169000,"Dallas, TX",2026
NVIDIA CORPORATION,Frontend Engineer,209000,"Santa Clara, CA",2025
STRIPE INC,Senior Data Engineer,162000,"South San Francisco, CA",2026
UBER TECHNOLOGIES INC,SRE,149000,"Reston, VA",2024
LINKEDIN CORPORATION,Engineering Manager,194000,"Tampa, FL",2025
GOLDMAN SACHS & CO LLC,Cloud Engineer,130000,"Schaumburg, IL",2026
AMAZON WEB SERVICES INC,Data Scientist,207000,"Cambridge, MA",2026
ADOBE INC,Systems Engineer,158000,"Cambridge, MA",2024
NVIDIA CORPORATION,Senior Data Engineer,208000,"Santa Clara, CA",2026
ADOBE INC,Data Scientist,121000,"San Jose, CA",2026
TWITTER INC,Senior Data Engineer,179000,"Boulder, CO",2026
AIRBNB INC,Engineering Manager,146000,"Alpharetta, GA",2024
SERVICENOW INC,Frontend Engineer,176000,"Santa Clara, CA",2024
INTEL CORPORATION,Site Reliability Engineer,128000,"Santa Clara, CA",2026
TATA CONSULTANCY SERVICES,Platform Engineer,83000,"Kansas City, MO",2024
ZOOM VIDEO COMMUNICATIONS,Senior Engineering Manager,166000,"San Jose, CA",2024
ADOBE INC,SRE,190000,"San Jose, CA",2025
INFOSYS LIMITED,Big Data Engineer,97000,"Plano, TX",2024
UBER TECHNOLOGIES INC,Backend Engineer,176000,"San Francisco, CA",2025
META PLATFORMS INC,Senior Engineering Manager,168000,"Menlo Park, CA",2024
ADOBE INC,Senior Data Scientist,167000,"San Jose, CA",2024
PALANTIR TECHNOLOGIES,Product Manager,163000,"Denver, CO",2024
ZOOM VIDEO COMMUNICATIONS,Machine Learning Engineer,148000,"San Jose, CA",2024
COGNIZANT TECHNOLOGY SOLUTIONS,Cloud Engineer,89000,"Raleigh, NC",2024
NETFLIX INC,Applied Scientist,251000,"Bentonville, AR",2024
NETFLIX INC,Business Intelligence Engineer,319000,"Philadelphia, PA",2025
DELOITTE CONSULTING LLP,Systems Engineer,85000,"New York, NY",2026
ADOBE INC,Solutions Architect,176000,"San Jose, CA",2025
SPLUNK INC,Business Intelligence Engineer,159000,"San Francisco, CA",2024
AIRBNB INC,Backend Engineer,138000,"San Francisco, CA",2026
ADOBE INC,Product Manager,145000,"San Jose, CA",2025
TATA CONSULTANCY SERVICES,Software Engineer,85000,"San Jose, CA",2026
TATA CONSULTANCY SERVICES,Software Engineer,97000,"Bridgewater, NJ",2025
DROPOBOX INC,Operations Research Analyst,131000,"Mountain View, CA",2024
SQUARE INC,Analytics Engineer,163000,"Bellevue, WA",2024
UBER TECHNOLOGIES INC,Staff Software Engineer,192000,"San Francisco, CA",2026
TWITTER INC,Senior Data Engineer,160000,"San Francisco, CA",2024
SALESFORCE INC,Network Engineer,150000,"San Francisco, CA",2025
TATA CONSULTANCY SERVICES,Compliance Analyst,101000,"Bridgewater, NJ",2026
DROPOBOX INC,Research Scientist,128000,"Salt Lake City, UT",2025
META PLATFORMS INC,Data Scientist,182000,"Menlo Park, CA",2025
INTEL CORPORATION,SRE,151000,"Santa Clara, CA",2026
COGNIZANT TECHNOLOGY SOLUTIONS,Systems Engineer,75000,"Teaneck, NJ",2026
APPLE INC,AI Engineer,165000,"Cupertino, CA",2025
LINKEDIN CORPORATION,Infrastructure Engineer,178000,"Dallas, TX",2026
TATA CONSULTANCY SERVICES,QA Engineer,69000,"Bridgewater, NJ",2025
PALANTIR TECHNOLOGIES,Infrastructure Engineer,120000,"Bridgewater, NJ",2026
WALMART GLOBAL TECH,Analytics Engineer,101000,"Bentonville, AR",2026
JPMORGAN CHASE & CO,Financial Analyst,151000,"New York, NY",2026
COGNIZANT TECHNOLOGY SOLUTIONS,Compliance Analyst,76000,"Brooklyn, NY",2026
APPLE INC,Senior Data Engineer,185000,"Tempe, AZ",2025
INTEL CORPORATION,Financial Analyst,157000,"Santa Clara, CA",2026
PINTEREST INC,Data Scientist,143000,"Baltimore, MD",2024
IBM CORPORATION,AI Engineer,144000,"Armonk, NY",2025
JPMORGAN CHASE & CO,Solutions Architect,149000,"Chicago, IL",2025
INFOSYS LIMITED,Data Engineer,97000,"Plano, TX",2026
IBM CORPORATION,Cloud Engineer,104000,"Armonk, NY",2025
NVIDIA CORPORATION,Compliance Analyst,180000,"Schaumburg, IL",2026
UBER TECHNOLOGIES INC,Analytics Engineer,178000,"Boulder, CO",2024
DROPOBOX INC,Software Engineer,134000,"Orlando, FL",2025
TWITTER INC,Senior Product Manager,174000,"St. Louis, MO",2025
GOLDMAN SACHS & CO LLC,Data Engineer,112000,"New York, NY",2025
PALANTIR TECHNOLOGIES,Frontend Engineer,181000,"Cupertino, CA",2025
CAPITAL ONE SERVICES LLC,Software Engineer,125000,"Brooklyn, NY",2024
ADOBE INC,Machine Learning Engineer,180000,"San Jose, CA",2024
PALANTIR TECHNOLOGIES,Data Engineer,172000,"Tempe, AZ",2025
TWITTER INC,Financial Analyst,143000,"San Francisco, CA",2025
SNAP INC,Senior Data Engineer,176000,"Santa Monica, CA",2024
MICROSOFT CORPORATION,Big Data Engineer,165000,"Richmond, VA",2026
DOCUSIGN INC,Senior Engineering Manager,164000,"Seattle, WA",2024
SNAP INC,Solutions Architect,176000,"Santa Monica, CA",2025
NVIDIA CORPORATION,Systems Engineer,226000,"McLean, VA",2026
APPLE INC,Solutions Architect,149000,"St. Louis, MO",2025
AMAZON WEB SERVICES INC,QA Engineer,177000,"Seattle, WA",2025
ZOOM VIDEO COMMUNICATIONS,SDET,117000,"San Jose, CA",2025
STRIPE INC,Platform Engineer,167000,"South San Francisco, CA",2026
COGNIZANT TECHNOLOGY SOLUTIONS,Systems Engineer,103000,"Teaneck, NJ",2024
STRIPE INC,Solutions Architect,143000,"South San Francisco, CA",2026
STRIPE INC,Infrastructure Engineer,223000,"South San Francisco, CA",2025
IBM CORPORATION,Machine Learning Engineer,113000,"Armonk, NY",2025
SPLUNK INC,Compliance Analyst,148000,"San Francisco, CA",2026
GOOGLE LLC,Site Reliability Engineer,148000,"Portland, OR",2026
SERVICENOW INC,Business Intelligence Engineer,137000,"Santa Clara, CA",2024
SQUARE INC,Analytics Engineer,188000,"Richmond, VA",2024
AIRBNB INC,AI Engineer,134000,"San Francisco, CA",2025
SERVICENOW INC,SRE,113000,"Santa Clara, CA",2026
GOLDMAN SACHS & CO LLC,Senior DevOps Engineer,176000,"New York, NY",2025
AIRBNB INC,Security Engineer,155000,"San Francisco, CA",2026
INFOSYS LIMITED,Data Scientist,102000,"Plano, TX",2024
DOCUSIGN INC,UX Engineer,126000,"Charlotte, NC",2026
META PLATFORMS INC,Senior Engineering Manager,171000,"Menlo Park, CA",2026
COGNIZANT TECHNOLOGY SOLUTIONS,Senior Software Engineer,104000,"Baltimore, MD",2024
SERVICENOW INC,DevOps Engineer,140000,"Santa Clara, CA",2026
ZOOM VIDEO COMMUNICATIONS,Systems Engineer,150000,"Charlotte, NC",2026
INFOSYS LIMITED,Senior Software Engineer,92000,"Plano, TX",2025
JPMORGAN CHASE & CO,Platform Engineer,129000,"Pittsburgh, PA",2025
DELOITTE CONSULTING LLP,QA Engineer,118000,"New York, NY",2024
IBM CORPORATION,Network Engineer,103000,"Armonk, NY",2025
VMWARE LLC,Analytics Engineer,148000,"Raleigh, NC",2026
ACCENTURE LLP,SDET,119000,"Chicago, IL",2024
DOCUSIGN INC,Research Scientist,127000,"Orlando, FL",2026
SERVICENOW INC,Network Engineer,151000,"Santa Clara, CA",2025
PINTEREST INC,Machine Learning Engineer,182000,"Boston, MA",2026
DATADOG INC,Senior Data Scientist,191000,"New York, NY",2024
WALMART GLOBAL TECH,Software Engineer,117000,"Indianapolis, IN",2025
AIRBNB INC,Senior Data Engineer,159000,"San Francisco, CA",2026
INFOSYS LIMITED,Analytics Engineer,74000,"Plano, TX",2025
UBER TECHNOLOGIES INC,Senior Engineering Manager,170000,"Arlington, VA",2026
ZOOM VIDEO COMMUNICATIONS,Machine Learning Engineer,151000,"San Jose, CA",2025
ADOBE INC,Big Data Engineer,165000,"San Jose, CA",2025
PINTEREST INC,DevOps Engineer,187000,"Columbus, OH",2025
DELOITTE CONSULTING LLP,Senior Data Scientist,110000,"New York, NY",2024
MICROSOFT CORPORATION,AI Engineer,187000,"Redmond, WA",2024
CAPITAL ONE SERVICES LLC,Data Scientist,151000,"Tampa, FL",2025
ADOBE INC,AI Engineer,181000,"San Jose, CA",2024
JPMORGAN CHASE & CO,Database Administrator,126000,"Sunnyvale, CA",2024
COGNIZANT TECHNOLOGY SOLUTIONS,Senior Engineering Manager,92000,"Atlanta, GA",2024
ADOBE INC,AI Engineer,186000,"San Jose, CA",2026
PALANTIR TECHNOLOGIES,Frontend Engineer,168000,"Denver, CO",2024
SALESFORCE INC,Senior Software Engineer,157000,"Minneapolis, MN",2024
WORKDAY INC,Backend Engineer,132000,"Pleasanton, CA",2026
SERVICENOW INC,Platform Engineer,111000,"Santa Clara, CA",2026
GOLDMAN SACHS & CO LLC,Technical Lead,140000,"Milwaukee, WI",2025
APPLE INC,Full Stack Engineer,135000,"Columbus, OH",2026
DATADOG INC,Software Engineer,158000,"New York, NY",2026
DROPOBOX INC,Senior Data Scientist,162000,"San Francisco, CA",2026
JPMORGAN CHASE & CO,Senior Product Manager,164000,"Minneapolis, MN",2024
VMWARE LLC,Research Scientist,146000,"Charlotte, NC",2025
MICROSOFT CORPORATION,Compliance Analyst,189000,"Jersey City, NJ",2025
ADOBE INC,QA Engineer,128000,"San Jose, CA",2024
DATADOG INC,UX Engineer,170000,"New York, NY",2026
AMAZON COM SERVICES LLC,Full Stack Engineer,128000,"Seattle, WA",2024
PALANTIR TECHNOLOGIES,Network Engineer,178000,"Denver, CO",2026
PALANTIR TECHNOLOGIES,Data Scientist,167000,"Sacramento, CA",2024
TATA CONSULTANCY SERVICES,Cloud Engineer,62000,"Bridgewater, NJ",2026
SPLUNK INC,Research Scientist,163000,"San Francisco, CA",2024
UBER TECHNOLOGIES INC,Senior Data Scientist,168000,"Baltimore, MD",2024
ORACLE AMERICA INC,Software Engineer,119000,"Austin, TX",2026
JPMORGAN CHASE & CO,Backend Engineer,107000,"New York, NY",2025
SQUARE INC,Senior Software Engineer,181000,"San Francisco, CA",2026
DELOITTE CONSULTING LLP,Senior Engineering Manager,114000,"Miami, FL",2026
WALMART GLOBAL TECH,Compliance Analyst,132000,"Bentonville, AR",2025
META PLATFORMS INC,Compliance Analyst,177000,"San Jose, CA",2026
SQUARE INC,Staff Software Engineer,158000,"San Francisco, CA",2026
ADOBE INC,Senior Data Engineer,154000,"San Jose, CA",2025
AMAZON COM SERVICES LLC,Software Engineer,195000,"Seattle, WA",2024
CAPITAL ONE SERVICES LLC,Security Engineer,107000,"McLean, VA",2026
LINKEDIN CORPORATION,Senior Data Scientist,156000,"Sunnyvale, CA",2026
MICROSOFT CORPORATION,Operations Research Analyst,178000,"Ann Arbor, MI",2026
SQUARE INC,Staff Software Engineer,177000,"Ann Arbor, MI",2024
WORKDAY INC,Senior Software Engineer,162000,"Pleasanton, CA",2024
DROPOBOX INC,Senior Data Engineer,163000,"San Francisco, CA",2025
ORACLE AMERICA INC,Frontend Engineer,172000,"Cupertino, CA",2024
PALANTIR TECHNOLOGIES,Senior Product Manager,142000,"Milwaukee, WI",2024
ORACLE AMERICA INC,Network Engineer,138000,"Austin, TX",2025
SPLUNK INC,Security Engineer,129000,"Detroit, MI",2026
DROPOBOX INC,Product Manager,165000,"San Francisco, CA",2025
TATA CONSULTANCY SERVICES,Senior DevOps Engineer,99000,"Baltimore, MD",2026
NETFLIX INC,Senior Software Engineer,343000,"Sunnyvale, CA",2026
DELOITTE CONSULTING LLP,Full Stack Engineer,107000,"New York, NY",2026
APPLE INC,Database Administrator,189000,"Cupertino, CA",2025
ORACLE AMERICA INC,Analytics Engineer,151000,"Austin, TX",2024
NVIDIA CORPORATION,Infrastructure Engineer,184000,"Santa Clara, CA",2024
DELOITTE CONSULTING LLP,Technical Lead,109000,"Newark, NJ",2025
SERVICENOW INC,Financial Analyst,131000,"Santa Clara, CA",2025
STRIPE INC,Platform Engineer,202000,"Philadelphia, PA",2026
NETFLIX INC,Staff Software Engineer,272000,"Bentonville, AR",2025
LINKEDIN CORPORATION,Machine Learning Engineer,184000,"Tempe, AZ",2025
SALESFORCE INC,Operations Research Analyst,159000,"Irvine, CA",2024
COGNIZANT TECHNOLOGY SOLUTIONS,SRE,80000,"Los Angeles, CA",2024
TATA CONSULTANCY SERVICES,Database Administrator,89000,"Bridgewater, NJ",2026
SPLUNK INC,Platform Engineer,176000,"San Francisco, CA",2025
NVIDIA CORPORATION,Technical Lead,227000,"Salt Lake City, UT",2024
INTEL CORPORATION,Machine Learning Engineer,123000,"Santa Clara, CA",2025
UBER TECHNOLOGIES INC,Senior Data Engineer,167000,"Bellevue, WA",2025
SERVICENOW INC,Analytics Engineer,133000,"Santa Clara, CA",2024
SPLUNK INC,Technical Lead,164000,"San Francisco, CA",2026
CAPITAL ONE SERVICES LLC,Network Engineer,159000,"San Jose, CA",2024
ORACLE AMERICA INC,Machine Learning Engineer,166000,"Austin, TX",2024
MICROSOFT CORPORATION,Senior Product Manager,157000,"Redmond, WA",2026
DROPOBOX INC,Data Engineer,127000,"San Francisco, CA",2025
META PLATFORMS INC,Frontend Engineer,144000,"Menlo Park, CA",2026
NETFLIX INC,Site Reliability Engineer,336000,"Minneapolis, MN",2026
GOOGLE LLC,Senior Data Scientist,207000,"Mountain View, CA",2025
ZOOM VIDEO COMMUNICATIONS,Big Data Engineer,184000,"San Jose, CA",2024
IBM CORPORATION,Financial Analyst,112000,"Armonk, NY",2025
SERVICENOW INC,SDET,124000,"Santa Clara, CA",2024
WORKDAY INC,Operations Research Analyst,133000,"Pleasanton, CA",2026
TESLA INC,Frontend Engineer,126000,"Austin, TX",2026
DOCUSIGN INC,Security Engineer,132000,"San Francisco, CA",2025
WALMART GLOBAL TECH,DevOps Engineer,139000,"Tampa, FL",2025
SERVICENOW INC,Solutions Architect,163000,"Santa Clara, CA",2026
META PLATFORMS INC,Compliance Analyst,165000,"Redmond, WA",2025
NVIDIA CORPORATION,Full Stack Engineer,142000,"Santa Clara, CA",2024
SQUARE INC,Applied Scientist,150000,"San Francisco, CA",2025
PINTEREST INC,Business Intelligence Engineer,188000,"Atlanta, GA",2025
PALANTIR TECHNOLOGIES,Systems Engineer,128000,"Nashville, TN",2025
ORACLE AMERICA INC,Full Stack Engineer,138000,"Austin, TX",2025
JPMORGAN CHASE & CO,Analytics Engineer,142000,"New York, NY",2026
JPMORGAN CHASE & CO,Database Administrator,113000,"Indianapolis, IN",2025
ACCENTURE LLP,Platform Engineer,107000,"Chicago, IL",2026
DROPOBOX INC,Database Administrator,167000,"San Francisco, CA",2024
JPMORGAN CHASE & CO,Full Stack Engineer,105000,"Reston, VA",2026
SQUARE INC,UX Engineer,147000,"San Francisco, CA",2026
AIRBNB INC,Network Engineer,172000,"Pittsburgh, PA",2025
GOLDMAN SACHS & CO LLC,Network Engineer,179000,"New York, NY",2024
GOLDMAN SACHS & CO LLC,Research Scientist,148000,"New York, NY",2025
AIRBNB INC,Senior Data Scientist,199000,"Tempe, AZ",2024
PINTEREST INC,Site Reliability Engineer,149000,"San Francisco, CA",2024
APPLE INC,Big Data Engineer,143000,"Cupertino, CA",2025
PALANTIR TECHNOLOGIES,SDET,128000,"Denver, CO",2026
PALANTIR TECHNOLOGIES,Database Administrator,173000,"Denver, CO",2024
TWITTER INC,Data Scientist,129000,"San Jose, CA",2026
WALMART GLOBAL TECH,Data Scientist,142000,"Los Angeles, CA",2025
GOOGLE LLC,Data Scientist,181000,"Mountain View, CA",2026
AMAZON COM SERVICES LLC,Product Manager,179000,"Alpharetta, GA",2025
TESLA INC,Frontend Engineer,124000,"Austin, TX",2024
AMAZON COM SERVICES LLC,Product Manager,149000,"Bellevue, WA",2025
GOOGLE LLC,Senior Engineering Manager,180000,"Mountain View, CA",2024
JPMORGAN CHASE & CO,Solutions Architect,147000,"New York, NY",2026
PINTEREST INC,UX Engineer,153000,"Dallas, TX",2024
ADOBE INC,Big Data Engineer,152000,"Houston, TX",2026
DATADOG INC,Systems Engineer,165000,"New York, NY",2024
ACCENTURE LLP,Software Engineer,134000,"Chicago, IL",2025
ACCENTURE LLP,Analytics Engineer,135000,"Chicago, IL",2025
WALMART GLOBAL TECH,Operations Research Analyst,100000,"Bentonville, AR",2025
STRIPE INC,Senior Data Engineer,222000,"Raleigh, NC",2024
DATADOG INC,Software Engineer,160000,"New York, NY",2026
LINKEDIN CORPORATION,Senior Software Engineer,195000,"Sunnyvale, CA",2024
WALMART GLOBAL TECH,Software Engineer,96000,"Nashville, TN",2026
DROPOBOX INC,Network Engineer,128000,"Boulder, CO",2026
DROPOBOX INC,Financial Analyst,130000,"Atlanta, GA",2025
SALESFORCE INC,Data Scientist,164000,"Bridgewater, NJ",2024
UBER TECHNOLOGIES INC,SDET,158000,"San Francisco, CA",2024
SPLUNK INC,Staff Software Engineer,190000,"San Diego, CA",2025
JPMORGAN CHASE & CO,Analytics Engineer,136000,"Charlotte, NC",2024
TESLA INC,Big Data Engineer,147000,"Austin, TX",2024
COGNIZANT TECHNOLOGY SOLUTIONS,Senior DevOps Engineer,93000,"Teaneck, NJ",2024
DELOITTE CONSULTING LLP,Technical Program Manager,122000,"Jersey City, NJ",2024
JPMORGAN CHASE & CO,Data Scientist,164000,"New York, NY",2025
DOCUSIGN INC,Data Engineer,148000,"Minneapolis, MN",2025
LINKEDIN CORPORATION,Network Engineer,176000,"Sunnyvale, CA",2026
JPMORGAN CHASE & CO,Compliance Analyst,130000,"Philadelphia, PA",2024
TESLA INC,Frontend Engineer,125000,"Salt Lake City, UT",2026
INTEL CORPORATION,Machine Learning Engineer,143000,"Santa Clara, CA",2024
ADOBE INC,Site Reliability Engineer,191000,"San Jose, CA",2024
DATADOG INC,Senior Data Scientist,172000,"New York, NY",2024
UBER TECHNOLOGIES INC,SRE,148000,"San Francisco, CA",2024
AMAZON WEB SERVICES INC,QA Engineer,184000,"Seattle, WA",2026
SERVICENOW INC,Frontend Engineer,117000,"Nashville, TN",2026
AMAZON COM SERVICES LLC,Financial Analyst,196000,"Seattle, WA",2025
APPLE INC,Compliance Analyst,184000,"Cupertino, CA",2025
UBER TECHNOLOGIES INC,Senior Product Manager,154000,"San Francisco, CA",2025
AIRBNB INC,Platform Engineer,148000,"San Francisco, CA",2025
TWITTER INC,SDET,165000,"San Francisco, CA",2024
DOCUSIGN INC,Systems Engineer,174000,"San Francisco, CA",2024
DROPOBOX INC,Product Manager,138000,"San Francisco, CA",2025
COGNIZANT TECHNOLOGY SOLUTIONS,Full Stack Engineer,74000,"Teaneck, NJ",2025
TATA CONSULTANCY SERVICES,Network Engineer,78000,"San Francisco, CA",2024
AMAZON COM SERVICES LLC,DevOps Engineer,158000,"Seattle, WA",2025
MICROSOFT CORPORATION,Backend Engineer,153000,"Redmond, WA",2026
GOOGLE LLC,Cloud Engineer,180000,"Baltimore, MD",2025
ZOOM VIDEO COMMUNICATIONS,Operations Research Analyst,166000,"San Jose, CA",2024
ORACLE AMERICA INC,Compliance Analyst,168000,"Richmond, VA",2025
TATA CONSULTANCY SERVICES,Staff Software Engineer,90000,"Bridgewater, NJ",2025
SERVICENOW INC,SDET,120000,"Santa Clara, CA",2024
DROPOBOX INC,Senior DevOps Engineer,170000,"San Francisco, CA",2026
AMAZON WEB SERVICES INC,Senior Product Manager,177000,"Seattle, WA",2024
WALMART GLOBAL TECH,Data Engineer,149000,"Bentonville, AR",2026
TATA CONSULTANCY SERVICES,Technical Lead,85000,"Bridgewater, NJ",2026
VMWARE LLC,Staff Software Engineer,156000,"Redmond, WA",2026
STRIPE INC,Senior DevOps Engineer,161000,"South San Francisco, CA",2024
GOLDMAN SACHS & CO LLC,SRE,167000,"New York, NY",2025
SALESFORCE INC,Solutions Architect,140000,"San Francisco, CA",2024
SERVICENOW INC,QA Engineer,137000,"Santa Clara, CA",2026
ADOBE INC,Research Scientist,127000,"San Jose, CA",2026
DELOITTE CONSULTING LLP,Data Engineer,101000,"New York, NY",2024
IBM CORPORATION,Systems Engineer,122000,"Phoenix, AZ",2026
GOLDMAN SACHS & CO LLC,Analytics Engineer,164000,"Sunnyvale, CA",2026
NETFLIX INC,Technical Program Manager,339000,"Seattle, WA",2025
ORACLE AMERICA INC,Senior Data Engineer,140000,"Charlotte, NC",2026
SALESFORCE INC,Data Engineer,199000,"Charlotte, NC",2025
TWITTER INC,Senior DevOps Engineer,185000,"Boston, MA",2025
APPLE INC,Network Engineer,160000,"Orlando, FL",2024
WALMART GLOBAL TECH,Business Intelligence Engineer,99000,"Bentonville, AR",2025
SALESFORCE INC,Data Scientist,165000,"Alpharetta, GA",2024
AMAZON COM SERVICES LLC,Data Engineer,130000,"Seattle, WA",2026
NETFLIX INC,Analytics Engineer,256000,"Los Gatos, CA",2026
DATADOG INC,Financial Analyst,148000,"Reston, VA",2025
INTEL CORPORATION,SRE,126000,"Bentonville, AR",2024
DELOITTE CONSULTING LLP,QA Engineer,138000,"New York, NY",2026
LINKEDIN CORPORATION,Software Engineer,203000,"Sunnyvale, CA",2025
TESLA INC,Platform Engineer,170000,"Austin, TX",2024
SERVICENOW INC,DevOps Engineer,167000,"Santa Clara, CA",2025
MICROSOFT CORPORATION,Solutions Architect,176000,"Redmond, WA",2025
DROPOBOX INC,Staff Software Engineer,166000,"San Francisco, CA",2026
WALMART GLOBAL TECH,Database Administrator,117000,"Bentonville, AR",2026
GOOGLE LLC,QA Engineer,143000,"Schaumburg, IL",2025
SQUARE INC,Senior Product Manager,156000,"Raleigh, NC",2025
ZOOM VIDEO COMMUNICATIONS,Product Manager,167000,"San Jose, CA",2024
UBER TECHNOLOGIES INC,Data Engineer,151000,"Seattle, WA",2025
AIRBNB INC,Compliance Analyst,141000,"San Francisco, CA",2026
COGNIZANT TECHNOLOGY SOLUTIONS,Software Engineer,81000,"Dallas, TX",2024
INFOSYS LIMITED,Senior Data Scientist,85000,"Plano, TX",2026
INFOSYS LIMITED,UX Engineer,107000,"Raleigh, NC",2024
GOOGLE LLC,Technical Lead,217000,"Mountain View, CA",2024
AMAZON WEB SERVICES INC,SDET,159000,"Seattle, WA",2026
NVIDIA CORPORATION,AI Engineer,244000,"Santa Clara, CA",2026
DOCUSIGN INC,Analytics Engineer,126000,"San Francisco, CA",2026
ACCENTURE LLP,Technical Program Manager,114000,"Chicago, IL",2025
AIRBNB INC,Data Engineer,127000,"San Francisco, CA",2026
TESLA INC,Data Scientist,137000,"Austin, TX",2026
NETFLIX INC,Senior Data Engineer,255000,"Philadelphia, PA",2025
STRIPE INC,Infrastructure Engineer,227000,"South San Francisco, CA",2026
META PLATFORMS INC,Technical Program Manager,165000,"Menlo Park, CA",2024
SNAP INC,Site Reliability Engineer,148000,"Santa Monica, CA",2026
NETFLIX INC,Data Scientist,277000,"Columbus, OH",2025
NVIDIA CORPORATION,Analytics Engineer,175000,"Santa Clara, CA",2024
NETFLIX INC,DevOps Engineer,262000,"Los Gatos, CA",2024
VMWARE LLC,Senior Data Scientist,146000,"Palo Alto, CA",2026
WORKDAY INC,Financial Analyst,148000,"Pleasanton, CA",2025
MICROSOFT CORPORATION,Senior DevOps Engineer,189000,"Redmond, WA",2026
STRIPE INC,SRE,176000,"Cupertino, CA",2026
DROPOBOX INC,Frontend Engineer,169000,"Bentonville, AR",2026
TWITTER INC,Platform Engineer,136000,"San Francisco, CA",2025
INTEL CORPORATION,Product Manager,165000,"Bentonville, AR",2024
SPLUNK INC,Database Administrator,143000,"San Francisco, CA",2026
STRIPE INC,Backend Engineer,212000,"South San Francisco, CA",2024
NETFLIX INC,Systems Engineer,259000,"Los Gatos, CA",2025
AMAZON COM SERVICES LLC,Backend Engineer,164000,"Newark, NJ",2024
SPLUNK INC,Business Intelligence Engineer,163000,"Reston, VA",2024
IBM CORPORATION,SRE,108000,"Armonk, NY",2024
INTEL CORPORATION,Analytics Engineer,134000,"Santa Clara, CA",2025
APPLE INC,Data Scientist,199000,"Cupertino, CA",2025
TATA CONSULTANCY SERVICES,Senior Software Engineer,96000,"Bridgewater, NJ",2026
WORKDAY INC,Infrastructure Engineer,158000,"Pleasanton, CA",2024
INTEL CORPORATION,Technical Program Manager,162000,"Sacramento, CA",2024
TWITTER INC,Applied Scientist,147000,"San Francisco, CA",2025
SNAP INC,Platform Engineer,199000,"Boulder, CO",2025
PALANTIR TECHNOLOGIES,Platform Engineer,135000,"Denver, CO",2025
LINKEDIN CORPORATION,Data Scientist,201000,"Sunnyvale, CA",2026
NVIDIA CORPORATION,Engineering Manager,182000,"Santa Clara, CA",2026
GOLDMAN SACHS & CO LLC,Technical Lead,135000,"New York, NY",2026
COGNIZANT TECHNOLOGY SOLUTIONS,Compliance Analyst,100000,"Teaneck, NJ",2026
SQUARE INC,Cloud Engineer,137000,"San Francisco, CA",2024
ADOBE INC,UX Engineer,128000,"Tampa, FL",2025
PINTEREST INC,Senior Software Engineer,158000,"San Francisco, CA",2024
META PLATFORMS INC,Business Intelligence Engineer,146000,"Menlo Park, CA",2025
DROPOBOX INC,Operations Research Analyst,168000,"San Francisco, CA",2026
PALANTIR TECHNOLOGIES,Business Intelligence Engineer,152000,"Bellevue, WA",2026
SERVICENOW INC,Business Intelligence Engineer,159000,"Detroit, MI",2024
DROPOBOX INC,Solutions Architect,189000,"Redmond, WA",2024
INTEL CORPORATION,Big Data Engineer,175000,"Santa Clara, CA",2026
INFOSYS LIMITED,Machine Learning Engineer,76000,"Plano, TX",2026
AMAZON WEB SERVICES INC,DevOps Engineer,169000,"Seattle, WA",2026
VMWARE LLC,Applied Scientist,184000,"Dallas, TX",2024
TESLA INC,Senior Product Manager,159000,"Austin, TX",2025
STRIPE INC,Security Engineer,230000,"South San Francisco, CA",2025
META PLATFORMS INC,Senior Data Scientist,189000,"Mountain View, CA",2025
AIRBNB INC,SDET,137000,"Portland, OR",2024
TATA CONSULTANCY SERVICES,Senior Software Engineer,99000,"Bridgewater, NJ",2024
COGNIZANT TECHNOLOGY SOLUTIONS,Operations Research Analyst,63000,"Teaneck, NJ",2026
WORKDAY INC,Technical Lead,160000,"Pleasanton, CA",2025
INFOSYS LIMITED,Data Engineer,90000,"Plano, TX",2024
DROPOBOX INC,QA Engineer,174000,"San Francisco, CA",2024
INFOSYS LIMITED,Senior Data Scientist,107000,"Tempe, AZ",2025
MICROSOFT CORPORATION,Operations Research Analyst,190000,"Redmond, WA",2024
TATA CONSULTANCY SERVICES,Platform Engineer,91000,"Charlotte, NC",2025
CAPITAL ONE SERVICES LLC,DevOps Engineer,96000,"Houston, TX",2025
TWITTER INC,UX Engineer,128000,"San Francisco, CA",2024
DOCUSIGN INC,Machine Learning Engineer,111000,"San Francisco, CA",2026
SQUARE INC,Infrastructure Engineer,151000,"San Francisco, CA",2025
IBM CORPORATION,Solutions Architect,152000,"Armonk, NY",2024
GOLDMAN SACHS & CO LLC,Full Stack Engineer,111000,"New York, NY",2025
PALANTIR TECHNOLOGIES,UX Engineer,117000,"Denver, CO",2026
TESLA INC,Cloud Engineer,108000,"Austin, TX",2025
PINTEREST INC,AI Engineer,125000,"San Francisco, CA",2024
CAPITAL ONE SERVICES LLC,Technical Lead,143000,"McLean, VA",2026
DELOITTE CONSULTING LLP,Financial Analyst,90000,"Brooklyn, NY",2026
SERVICENOW INC,Staff Software Engineer,173000,"Santa Clara, CA",2025
DELOITTE CONSULTING LLP,Site Reliability Engineer,127000,"New York, NY",2025
CAPITAL ONE SERVICES LLC,Compliance Analyst,138000,"Boston, MA",2026
COGNIZANT TECHNOLOGY SOLUTIONS,Engineering Manager,101000,"Teaneck, NJ",2025
JPMORGAN CHASE & CO,Machine Learning Engineer,139000,"Raleigh, NC",2025
COGNIZANT TECHNOLOGY SOLUTIONS,SRE,71000,"Teaneck, NJ",2026
WALMART GLOBAL TECH,Infrastructure Engineer,112000,"Bentonville, AR",2026
VMWARE LLC,QA Engineer,159000,"Schaumburg, IL",2026
DATADOG INC,Big Data Engineer,170000,"Jersey City, NJ",2026
WORKDAY INC,Cloud Engineer,119000,"Tempe, AZ",2025
APPLE INC,Product Manager,160000,"Miami, FL",2025
ORACLE AMERICA INC,Senior Engineering Manager,149000,"Austin, TX",2024
WORKDAY INC,Research Scientist,113000,"Pleasanton, CA",2025
META PLATFORMS INC,Infrastructure Engineer,138000,"Sunnyvale, CA",2024
META PLATFORMS INC,Network Engineer,139000,"Menlo Park, CA",2024
GOLDMAN SACHS & CO LLC,Financial Analyst,141000,"New York, NY",2025
SQUARE INC,Senior DevOps Engineer,167000,"San Francisco, CA",2025
JPMORGAN CHASE & CO,Compliance Analyst,101000,"Los Angeles, CA",2024
DOCUSIGN INC,Technical Program Manager,171000,"Los Angeles, CA",2025
SPLUNK INC,DevOps Engineer,170000,"San Francisco, CA",2024
IBM CORPORATION,Senior Engineering Manager,147000,"Armonk, NY",2025
COGNIZANT TECHNOLOGY SOLUTIONS,Technical Program Manager,94000,"Teaneck, NJ",2026
ACCENTURE LLP,Financial Analyst,132000,"Salt Lake City, UT",2025
SNAP INC,Technical Program Manager,141000,"Santa Monica, CA",2025
AMAZON COM SERVICES LLC,Senior Data Scientist,163000,"Seattle, WA",2024
TWITTER INC,Research Scientist,141000,"Dallas, TX",2025
GOLDMAN SACHS & CO LLC,Full Stack Engineer,172000,"New York, NY",2024
PINTEREST INC,AI Engineer,168000,"San Francisco, CA",2024
SQUARE INC,SRE,185000,"Los Angeles, CA",2026
LINKEDIN CORPORATION,Technical Lead,152000,"Alpharetta, GA",2024
WALMART GLOBAL TECH,Senior Product Manager,115000,"Bentonville, AR",2025
IBM CORPORATION,Business Intelligence Engineer,146000,"Armonk, NY",2024
WORKDAY INC,Product Manager,149000,"Pleasanton, CA",2026
VMWARE LLC,Product Manager,160000,"Tampa, FL",2025
SPLUNK INC,Backend Engineer,135000,"Minneapolis, MN",2025
META PLATFORMS INC,Data Engineer,213000,"Ann Arbor, MI",2025
CAPITAL ONE SERVICES LLC,Frontend Engineer,127000,"Columbus, OH",2025
VMWARE LLC,Senior Product Manager,187000,"Palo Alto, CA",2025
APPLE INC,Analytics Engineer,153000,"Cupertino, CA",2026
DOCUSIGN INC,Analytics Engineer,155000,"San Francisco, CA",2026
SPLUNK INC,Engineering Manager,170000,"San Francisco, CA",2024
MICROSOFT CORPORATION,Site Reliability Engineer,134000,"Brooklyn, NY",2025
UBER TECHNOLOGIES INC,Engineering Manager,175000,"San Francisco, CA",2025
PALANTIR TECHNOLOGIES,Product Manager,167000,"Denver, CO",2024
TWITTER INC,Backend Engineer,188000,"Reston, VA",2024
INFOSYS LIMITED,Research Scientist,109000,"Dallas, TX",2024
INFOSYS LIMITED,Platform Engineer,66000,"Chicago, IL",2024
IBM CORPORATION,Technical Program Manager,116000,"Pittsburgh, PA",2025
IBM CORPORATION,Platform Engineer,113000,"Boulder, CO",2025
STRIPE INC,SDET,170000,"St. Louis, MO",2025
INFOSYS LIMITED,Data Scientist,103000,"Plano, TX",2024
AMAZON COM SERVICES LLC,Data Scientist,162000,"Seattle, WA",2026
IBM CORPORATION,Platform Engineer,115000,"Kansas City, MO",2026
LINKEDIN CORPORATION,Platform Engineer,152000,"Phoenix, AZ",2025
DOCUSIGN INC,Engineering Manager,170000,"San Francisco, CA",2024
UBER TECHNOLOGIES INC,Applied Scientist,176000,"San Francisco, CA",2025
APPLE INC,Solutions Architect,200000,"San Jose, CA",2026
STRIPE INC,Network Engineer,146000,"Dallas, TX",2025
AMAZON WEB SERVICES INC,Technical Program Manager,174000,"Seattle, WA",2024
DATADOG INC,Systems Engineer,149000,"New York, NY",2026
DATADOG INC,Database Administrator,137000,"Milwaukee, WI",2026
DATADOG INC,Data Scientist,170000,"New York, NY",2025
PINTEREST INC,Compliance Analyst,127000,"Sunnyvale, CA",2024
DATADOG INC,Financial Analyst,193000,"St. Louis, MO",2026
PINTEREST INC,Analytics Engineer,129000,"San Francisco, CA",2024
DOCUSIGN INC,Network Engineer,120000,"St. Louis, MO",2025
PINTEREST INC,Engineering Manager,179000,"San Francisco, CA",2026
PINTEREST INC,Data Scientist,128000,"Raleigh, NC",2024
AMAZON WEB SERVICES INC,Systems Engineer,145000,"Seattle, WA",2024
ORACLE AMERICA INC,Data Scientist,133000,"Dallas, TX",2025
AMAZON WEB SERVICES INC,Systems Engineer,134000,"Seattle, WA",2026
JPMORGAN CHASE & CO,Technical Program Manager,169000,"New York, NY",2026
DELOITTE CONSULTING LLP,Senior Data Engineer,119000,"Brooklyn, NY",2025
WALMART GLOBAL TECH,Infrastructure Engineer,107000,"Mountain View, CA",2024
TATA CONSULTANCY SERVICES,Compliance Analyst,81000,"Bridgewater, NJ",2026
GOLDMAN SACHS & CO LLC,DevOps Engineer,132000,"Raleigh, NC",2026
SQUARE INC,Cloud Engineer,148000,"San Francisco, CA",2025
AIRBNB INC,Data Engineer,148000,"San Francisco, CA",2025
DROPOBOX INC,Financial Analyst,170000,"Jersey City, NJ",2024
GOLDMAN SACHS & CO LLC,Senior Software Engineer,181000,"Dallas, TX",2026
NVIDIA CORPORATION,Senior Product Manager,232000,"Santa Clara, CA",2025
ADOBE INC,Frontend Engineer,135000,"Atlanta, GA",2024
SPLUNK INC,Product Manager,184000,"Chicago, IL",2024
LINKEDIN CORPORATION,Senior Data Scientist,158000,"Sunnyvale, CA",2025
AMAZON COM SERVICES LLC,Platform Engineer,177000,"Arlington, VA",2025
ADOBE INC,Solutions Architect,178000,"San Jose, CA",2025
AMAZON WEB SERVICES INC,Senior Data Engineer,157000,"Plano, TX",2024
IBM CORPORATION,Operations Research Analyst,138000,"New York, NY",2024
META PLATFORMS INC,Senior Product Manager,182000,"Sunnyvale, CA",2024
META PLATFORMS INC,Technical Lead,171000,"Menlo Park, CA",2026
SNAP INC,QA Engineer,147000,"Santa Monica, CA",2025
INTEL CORPORATION,Backend Engineer,163000,"Indianapolis, IN",2026
ZOOM VIDEO COMMUNICATIONS,Business Intelligence Engineer,161000,"Jersey City, NJ",2025
SQUARE INC,Systems Engineer,146000,"San Francisco, CA",2025
NETFLIX INC,Technical Lead,228000,"Los Gatos, CA",2026
TESLA INC,AI Engineer,174000,"Miami, FL",2024
SERVICENOW INC,Senior Product Manager,141000,"Santa Clara, CA",2024
SALESFORCE INC,Business Intelligence Engineer,131000,"San Francisco, CA",2025
INTEL CORPORATION,Engineering Manager,175000,"Santa Clara, CA",2025
APPLE INC,AI Engineer,161000,"San Jose, CA",2026
DROPOBOX INC,Senior Software Engineer,141000,"Mountain View, CA",2026
WALMART GLOBAL TECH,Systems Engineer,97000,"Bentonville, AR",2025
JPMORGAN CHASE & CO,Frontend Engineer,166000,"Ann Arbor, MI",2024
SALESFORCE INC,Technical Lead,167000,"San Francisco, CA",2025
SERVICENOW INC,Systems Engineer,111000,"Santa Clara, CA",2026
COGNIZANT TECHNOLOGY SOLUTIONS,Frontend Engineer,103000,"Teaneck, NJ",2025
ZOOM VIDEO COMMUNICATIONS,Operations Research Analyst,173000,"San Jose, CA",2024
APPLE INC,Applied Scientist,159000,"Cupertino, CA",2024
ORACLE AMERICA INC,Site Reliability Engineer,171000,"Austin, TX",2026
DELOITTE CONSULTING LLP,Senior Data Scientist,119000,"New York, NY",2026
SPLUNK INC,Big Data Engineer,134000,"Tempe, AZ",2024
ACCENTURE LLP,Database Administrator,129000,"Chicago, IL",2024
CAPITAL ONE SERVICES LLC,Financial Analyst,156000,"McLean, VA",2024
AIRBNB INC,Applied Scientist,126000,"Alpharetta, GA",2026
VMWARE LLC,UX Engineer,129000,"Palo Alto, CA",2025
PALANTIR TECHNOLOGIES,Compliance Analyst,170000,"Denver, CO",2024
DROPOBOX INC,Infrastructure Engineer,150000,"San Francisco, CA",2025
AMAZON COM SERVICES LLC,Machine Learning Engineer,152000,"Palo Alto, CA",2025
WALMART GLOBAL TECH,Software Engineer,101000,"Bentonville, AR",2024
ORACLE AMERICA INC,Solutions Architect,166000,"Austin, TX",2024
DATADOG INC,Big Data Engineer,163000,"New York, NY",2025
SPLUNK INC,Full Stack Engineer,175000,"Philadelphia, PA",2025
SPLUNK INC,Operations Research Analyst,176000,"Mountain View, CA",2025
INTEL CORPORATION,SDET,147000,"Richmond, VA",2026
INTEL CORPORATION,Operations Research Analyst,169000,"Santa Clara, CA",2025
WORKDAY INC,Operations Research Analyst,118000,"Phoenix, AZ",2026
TATA CONSULTANCY SERVICES,Frontend Engineer,86000,"Bridgewater, NJ",2026
TESLA INC,Operations Research Analyst,160000,"Austin, TX",2024
WORKDAY INC,Technical Lead,142000,"Pleasanton, CA",2024
AMAZON WEB SERVICES INC,SDET,135000,"Seattle, WA",2025
WORKDAY INC,Research Scientist,153000,"Irvine, CA",2026
AMAZON COM SERVICES LLC,UX Engineer,168000,"Baltimore, MD",2026
SPLUNK INC,Solutions Architect,186000,"San Francisco, CA",2026
APPLE INC,Operations Research Analyst,139000,"Sunnyvale, CA",2026
INFOSYS LIMITED,Compliance Analyst,75000,"Plano, TX",2024
SALESFORCE INC,Technical Lead,172000,"San Francisco, CA",2026
AIRBNB INC,Security Engineer,126000,"San Francisco, CA",2024
SERVICENOW INC,Senior Data Scientist,132000,"Indianapolis, IN",2024
GOOGLE LLC,Senior Data Scientist,169000,"Mountain View, CA",2024
STRIPE INC,Compliance Analyst,162000,"Charlotte, NC",2025
SPLUNK INC,Systems Engineer,134000,"New York, NY",2025
META PLATFORMS INC,Technical Program Manager,197000,"Orlando, FL",2025
NVIDIA CORPORATION,UX Engineer,211000,"Santa Clara, CA",2025
COGNIZANT TECHNOLOGY SOLUTIONS,SDET,68000,"Teaneck, NJ",2024
AIRBNB INC,Senior Engineering Manager,162000,"Bellevue, WA",2026
DROPOBOX INC,Solutions Architect,181000,"San Francisco, CA",2026
DELOITTE CONSULTING LLP,Engineering Manager,107000,"Minneapolis, MN",2024
TESLA INC,Financial Analyst,124000,"Austin, TX",2026
NETFLIX INC,Financial Analyst,347000,"San Francisco, CA",2024
ORACLE AMERICA INC,Cloud Engineer,140000,"Austin, TX",2026
SQUARE INC,Business Intelligence Engineer,143000,"Philadelphia, PA",2024
GOLDMAN SACHS & CO LLC,Cloud Engineer,127000,"New York, NY",2024
PALANTIR TECHNOLOGIES,Data Engineer,168000,"Denver, CO",2025
TESLA INC,Research Scientist,140000,"Austin, TX",2024
PINTEREST INC,Security Engineer,132000,"San Francisco, CA",2026
DELOITTE CONSULTING LLP,Database Administrator,128000,"New York, NY",2025
IBM CORPORATION,AI Engineer,152000,"Denver, CO",2024
STRIPE INC,Security Engineer,158000,"South San Francisco, CA",2024
AMAZON WEB SERVICES INC,Applied Scientist,173000,"Seattle, WA",2025
DATADOG INC,Business Intelligence Engineer,167000,"New York, NY",2024
APPLE INC,Solutions Architect,164000,"Cupertino, CA",2024
COGNIZANT TECHNOLOGY SOLUTIONS,SDET,96000,"Teaneck, NJ",2025
COGNIZANT TECHNOLOGY SOLUTIONS,Analytics Engineer,90000,"Teaneck, NJ",2025
ADOBE INC,DevOps Engineer,164000,"Detroit, MI",2025
AMAZON COM SERVICES LLC,Site Reliability Engineer,197000,"Seattle, WA",2025
AMAZON WEB SERVICES INC,AI Engineer,198000,"Seattle, WA",2024
APPLE INC,Platform Engineer,145000,"Alpharetta, GA",2026
AMAZON WEB SERVICES INC,Operations Research Analyst,167000,"Cambridge, MA",2025
AIRBNB INC,Senior Engineering Manager,170000,"San Francisco, CA",2024
STRIPE INC,Machine Learning Engineer,220000,"Orlando, FL",2026
INTEL CORPORATION,Big Data Engineer,150000,"Santa Clara, CA",2026
META PLATFORMS INC,Financial Analyst,155000,"Bellevue, WA",2024
TATA CONSULTANCY SERVICES,Site Reliability Engineer,91000,"Bridgewater, NJ",2025
NETFLIX INC,Senior Data Engineer,342000,"Minneapolis, MN",2026
GOOGLE LLC,Network Engineer,151000,"Mountain View, CA",2024
SQUARE INC,Senior Software Engineer,176000,"Tampa, FL",2024
WALMART GLOBAL TECH,Technical Lead,149000,"Bentonville, AR",2026
CAPITAL ONE SERVICES LLC,Technical Lead,138000,"McLean, VA",2024
SPLUNK INC,Applied Scientist,188000,"Cambridge, MA",2024
SNAP INC,Compliance Analyst,150000,"Cupertino, CA",2025
UBER TECHNOLOGIES INC,Systems Engineer,192000,"San Francisco, CA",2024
TESLA INC,QA Engineer,146000,"Plano, TX",2024
ORACLE AMERICA INC,SRE,164000,"Austin, TX",2024
UBER TECHNOLOGIES INC,Cloud Engineer,169000,"Alpharetta, GA",2026
DATADOG INC,Senior Engineering Manager,178000,"New York, NY",2026
DELOITTE CONSULTING LLP,Senior DevOps Engineer,121000,"New York, NY",2025
DATADOG INC,Financial Analyst,135000,"New York, NY",2026
DATADOG INC,Senior Product Manager,148000,"Houston, TX",2025
VMWARE LLC,Solutions Architect,144000,"Palo Alto, CA",2024
INTEL CORPORATION,Platform Engineer,114000,"Arlington, VA",2026
GOOGLE LLC,Business Intelligence Engineer,162000,"Mountain View, CA",2024
WALMART GLOBAL TECH,Research Scientist,98000,"Bentonville, AR",2025
NVIDIA CORPORATION,Platform Engineer,214000,"Santa Clara, CA",2024
NVIDIA CORPORATION,Staff Software Engineer,234000,"Santa Clara, CA",2025
ZOOM VIDEO COMMUNICATIONS,Business Intelligence Engineer,129000,"Palo Alto, CA",2026
DOCUSIGN INC,Full Stack Engineer,109000,"Portland, OR",2025
CAPITAL ONE SERVICES LLC,SDET,132000,"McLean, VA",2024
ADOBE INC,Database Administrator,144000,"San Jose, CA",2024
PALANTIR TECHNOLOGIES,Senior Engineering Manager,133000,"Denver, CO",2025
SERVICENOW INC,AI Engineer,160000,"Brooklyn, NY",2024
MICROSOFT CORPORATION,QA Engineer,191000,"Redmond, WA",2025
AMAZON COM SERVICES LLC,Site Reliability Engineer,128000,"Seattle, WA",2026
DATADOG INC,QA Engineer,161000,"Philadelphia, PA",2026
STRIPE INC,Business Intelligence Engineer,210000,"Dallas, TX",2024
PINTEREST INC,Senior DevOps Engineer,148000,"Richmond, VA",2024
SPLUNK INC,QA Engineer,185000,"San Francisco, CA",2025
IBM CORPORATION,Systems Engineer,152000,"Dallas, TX",2024
COGNIZANT TECHNOLOGY SOLUTIONS,Staff Software Engineer,101000,"Teaneck, NJ",2024
ADOBE INC,Security Engineer,171000,"San Jose, CA",2026
ZOOM VIDEO COMMUNICATIONS,Frontend Engineer,125000,"San Jose, CA",2024
ADOBE INC,Network Engineer,168000,"Alpharetta, GA",2026
INTEL CORPORATION,Big Data Engineer,124000,"Reston, VA",2025
CAPITAL ONE SERVICES LLC,Backend Engineer,147000,"McLean, VA",2026
AMAZON COM SERVICES LLC,Senior DevOps Engineer,188000,"Seattle, WA",2024
ACCENTURE LLP,Operations Research Analyst,130000,"Minneapolis, MN",2026
AMAZON WEB SERVICES INC,Staff Software Engineer,160000,"Redmond, WA",2026
COGNIZANT TECHNOLOGY SOLUTIONS,Solutions Architect,104000,"Mountain View, CA",2026
ORACLE AMERICA INC,Senior DevOps Engineer,147000,"Austin, TX",2025
AMAZON COM SERVICES LLC,Software Engineer,125000,"Brooklyn, NY",2025
DATADOG INC,UX Engineer,130000,"Seattle, WA",2025
MICROSOFT CORPORATION,Research Scientist,122000,"Bridgewater, NJ",2025
PALANTIR TECHNOLOGIES,SDET,128000,"Cupertino, CA",2026
META PLATFORMS INC,Senior Product Manager,183000,"Menlo Park, CA",2025
SNAP INC,UX Engineer,199000,"Phoenix, AZ",2024
ZOOM VIDEO COMMUNICATIONS,Technical Lead,133000,"San Jose, CA",2026
GOLDMAN SACHS & CO LLC,Machine Learning Engineer,179000,"New York, NY",2025
ZOOM VIDEO COMMUNICATIONS,Platform Engineer,157000,"Alpharetta, GA",2024
STRIPE INC,Systems Engineer,164000,"South San Francisco, CA",2026
IBM CORPORATION,Senior Data Engineer,142000,"Denver, CO",2025
SQUARE INC,Technical Program Manager,180000,"Tampa, FL",2026
PALANTIR TECHNOLOGIES,Operations Research Analyst,119000,"Boston, MA",2025
STRIPE INC,Technical Lead,186000,"Raleigh, NC",2025
INTEL CORPORATION,Systems Engineer,123000,"Charlotte, NC",2026
UBER TECHNOLOGIES INC,Solutions Architect,148000,"San Francisco, CA",2024
DOCUSIGN INC,DevOps Engineer,172000,"San Francisco, CA",2026
MICROSOFT CORPORATION,Data Engineer,178000,"Redmond, WA",2024
COGNIZANT TECHNOLOGY SOLUTIONS,Infrastructure Engineer,77000,"Teaneck, NJ",2025
AIRBNB INC,AI Engineer,147000,"Houston, TX",2024
SNAP INC,Systems Engineer,140000,"Baltimore, MD",2024
SERVICENOW INC,Network Engineer,130000,"Santa Clara, CA",2026
GOLDMAN SACHS & CO LLC,Big Data Engineer,114000,"New York, NY",2025
WORKDAY INC,Business Intelligence Engineer,147000,"Sacramento, CA",2025
ZOOM VIDEO COMMUNICATIONS,Senior Software Engineer,174000,"Kansas City, MO",2026
PALANTIR TECHNOLOGIES,Database Administrator,171000,"Denver, CO",2026
PINTEREST INC,Senior Product Manager,156000,"San Francisco, CA",2024
PALANTIR TECHNOLOGIES,QA Engineer,120000,"Denver, CO",2025
IBM CORPORATION,Applied Scientist,146000,"Orlando, FL",2024
WALMART GLOBAL TECH,Applied Scientist,95000,"Bentonville, AR",2026
UBER TECHNOLOGIES INC,Engineering Manager,171000,"San Francisco, CA",2025
APPLE INC,Staff Software Engineer,160000,"Cupertino, CA",2025
SPLUNK INC,Engineering Manager,155000,"Minneapolis, MN",2026
META PLATFORMS INC,Machine Learning Engineer,180000,"Menlo Park, CA",2025
COGNIZANT TECHNOLOGY SOLUTIONS,Financial Analyst,66000,"Indianapolis, IN",2025
DELOITTE CONSULTING LLP,Platform Engineer,86000,"New York, NY",2024
SALESFORCE INC,Senior Data Engineer,171000,"San Francisco, CA",2026
ZOOM VIDEO COMMUNICATIONS,Data Engineer,128000,"Dallas, TX",2026
NETFLIX INC,SRE,215000,"Los Gatos, CA",2024
JPMORGAN CHASE & CO,SDET,125000,"Kansas City, MO",2026
DELOITTE CONSULTING LLP,Technical Lead,121000,"New York, NY",2024
SNAP INC,SRE,164000,"Santa Monica, CA",2025
PINTEREST INC,DevOps Engineer,158000,"Chicago, IL",2026
SNAP INC,Technical Program Manager,183000,"Santa Monica, CA",2025
INFOSYS LIMITED,Applied Scientist,90000,"Plano, TX",2025
GOOGLE LLC,Senior Data Engineer,200000,"Mountain View, CA",2026
APPLE INC,Machine Learning Engineer,159000,"Minneapolis, MN",2026
JPMORGAN CHASE & CO,Business Intelligence Engineer,108000,"New York, NY",2025
DELOITTE CONSULTING LLP,Machine Learning Engineer,91000,"Cupertino, CA",2026
ORACLE AMERICA INC,UX Engineer,174000,"Richmond, VA",2026
SNAP INC,Senior Software Engineer,171000,"Boston, MA",2025
CAPITAL ONE SERVICES LLC,Technical Program Manager,141000,"Bridgewater, NJ",2025
DOCUSIGN INC,Security Engineer,155000,"San Francisco, CA",2026
SERVICENOW INC,Full Stack Engineer,174000,"Santa Clara, CA",2025
DELOITTE CONSULTING LLP,Software Engineer,143000,"New York, NY",2026
VMWARE LLC,Senior DevOps Engineer,162000,"Palo Alto, CA",2024
SERVICENOW INC,Research Scientist,124000,"Columbus, OH",2025
SQUARE INC,Operations Research Analyst,117000,"San Francisco, CA",2024
SERVICENOW INC,Backend Engineer,138000,"Santa Clara, CA",2025
JPMORGAN CHASE & CO,Engineering Manager,161000,"Brooklyn, NY",2026
PINTEREST INC,Frontend Engineer,155000,"McLean, VA",2026
STRIPE INC,Operations Research Analyst,143000,"Minneapolis, MN",2026
COGNIZANT TECHNOLOGY SOLUTIONS,SRE,65000,"Teaneck, NJ",2024
UBER TECHNOLOGIES INC,Senior Data Scientist,146000,"San Francisco, CA",2025
LINKEDIN CORPORATION,Full Stack Engineer,182000,"Sunnyvale, CA",2026
DELOITTE CONSULTING LLP,Full Stack Engineer,87000,"New York, NY",2025
INTEL CORPORATION,Senior Data Engineer,177000,"Newark, NJ",2026
COGNIZANT TECHNOLOGY SOLUTIONS,Machine Learning Engineer,67000,"Ann Arbor, MI",2026
DROPOBOX INC,Technical Lead,178000,"San Jose, CA",2026
WALMART GLOBAL TECH,Data Engineer,124000,"Nashville, TN",2024
NETFLIX INC,Staff Software Engineer,300000,"San Jose, CA",2024
MICROSOFT CORPORATION,Solutions Architect,163000,"Redmond, WA",2024
SALESFORCE INC,Operations Research Analyst,187000,"San Francisco, CA",2026
ORACLE AMERICA INC,Senior Software Engineer,137000,"Austin, TX",2024
VMWARE LLC,Senior DevOps Engineer,150000,"Palo Alto, CA",2025
META PLATFORMS INC,Full Stack Engineer,142000,"Mountain View, CA",2026
AMAZON COM SERVICES LLC,Cloud Engineer,155000,"Columbus, OH",2026
GOLDMAN SACHS & CO LLC,Big Data Engineer,166000,"New York, NY",2026
META PLATFORMS INC,Product Manager,166000,"Menlo Park, CA",2025
VMWARE LLC,Frontend Engineer,119000,"Palo Alto, CA",2026
DATADOG INC,Business Intelligence Engineer,125000,"New York, NY",2026
SERVICENOW INC,UX Engineer,163000,"Santa Clara, CA",2024
NETFLIX INC,Software Engineer,213000,"Tampa, FL",2025
STRIPE INC,DevOps Engineer,193000,"Redmond, WA",2024
PALANTIR TECHNOLOGIES,Platform Engineer,159000,"Denver, CO",2026
MICROSOFT CORPORATION,Technical Program Manager,178000,"Redmond, WA",2026
JPMORGAN CHASE & CO,Staff Software Engineer,155000,"Phoenix, AZ",2025
DATADOG INC,Operations Research Analyst,154000,"New York, NY",2026
DELOITTE CONSULTING LLP,UX Engineer,128000,"New York, NY",2026
SALESFORCE INC,Senior DevOps Engineer,164000,"St. Louis, MO",2025
ZOOM VIDEO COMMUNICATIONS,Operations Research Analyst,133000,"San Jose, CA",2025
AMAZON COM SERVICES LLC,SRE,133000,"Seattle, WA",2024
LINKEDIN CORPORATION,SRE,164000,"Sunnyvale, CA",2025
CAPITAL ONE SERVICES LLC,Backend Engineer,140000,"Mountain View, CA",2024
AMAZON COM SERVICES LLC,Senior DevOps Engineer,168000,"Milwaukee, WI",2025
MICROSOFT CORPORATION,UX Engineer,130000,"Newark, NJ",2024
DROPOBOX INC,Senior DevOps Engineer,152000,"San Francisco, CA",2025
NVIDIA CORPORATION,SDET,241000,"Santa Clara, CA",2026
SQUARE INC,DevOps Engineer,186000,"San Francisco, CA",2025
AMAZON WEB SERVICES INC,Data Engineer,142000,"Seattle, WA",2026
DROPOBOX INC,Engineering Manager,169000,"San Francisco, CA",2024
DATADOG INC,Senior Data Engineer,143000,"New York, NY",2024
JPMORGAN CHASE & CO,Data Scientist,123000,"New York, NY",2026
GOOGLE LLC,Senior Software Engineer,217000,"Mountain View, CA",2025
ORACLE AMERICA INC,Product Manager,154000,"Irvine, CA",2024
ADOBE INC,Senior Software Engineer,160000,"New York, NY",2026
DELOITTE CONSULTING LLP,Backend Engineer,143000,"New York, NY",2026
COGNIZANT TECHNOLOGY SOLUTIONS,Data Engineer,90000,"Orlando, FL",2025
META PLATFORMS INC,Operations Research Analyst,213000,"Bentonville, AR",2024
AIRBNB INC,Senior Data Scientist,186000,"San Francisco, CA",2025
JPMORGAN CHASE & CO,Compliance Analyst,118000,"New York, NY",2024
COGNIZANT TECHNOLOGY SOLUTIONS,Solutions Architect,105000,"Teaneck, NJ",2025
ACCENTURE LLP,Security Engineer,111000,"Chicago, IL",2024
ACCENTURE LLP,Senior Software Engineer,114000,"Dallas, TX",2024
PINTEREST INC,Machine Learning Engineer,166000,"San Francisco, CA",2025
CAPITAL ONE SERVICES LLC,Compliance Analyst,140000,"McLean, VA",2026
DROPOBOX INC,Research Scientist,181000,"San Francisco, CA",2024
SERVICENOW INC,Full Stack Engineer,159000,"Santa Clara, CA",2025
PINTEREST INC,Technical Program Manager,155000,"San Francisco, CA",2025
DELOITTE CONSULTING LLP,Engineering Manager,144000,"Orlando, FL",2026
ORACLE AMERICA INC,Solutions Architect,135000,"Austin, TX",2026
ORACLE AMERICA INC,Solutions Architect,123000,"Austin, TX",2024
INTEL CORPORATION,Senior Engineering Manager,131000,"Santa Clara, CA",2026
AMAZON COM SERVICES LLC,Cloud Engineer,195000,"Philadelphia, PA",2024
WALMART GLOBAL TECH,AI Engineer,119000,"Bentonville, AR",2025
LINKEDIN CORPORATION,Full Stack Engineer,178000,"Bellevue, WA",2026
INTEL CORPORATION,AI Engineer,171000,"Santa Clara, CA",2025
WORKDAY INC,Big Data Engineer,124000,"Pleasanton, CA",2026
ORACLE AMERICA INC,Engineering Manager,153000,"Austin, TX",2024
NVIDIA CORPORATION,Engineering Manager,164000,"Bentonville, AR",2026
ZOOM VIDEO COMMUNICATIONS,Backend Engineer,178000,"Jersey City, NJ",2024
COGNIZANT TECHNOLOGY SOLUTIONS,Financial Analyst,106000,"Miami, FL",2025
DATADOG INC,Senior Product Manager,158000,"New York, NY",2024
ZOOM VIDEO COMMUNICATIONS,Senior Software Engineer,148000,"San Jose, CA",2026
UBER TECHNOLOGIES INC,Network Engineer,168000,"Bentonville, AR",2025
TATA CONSULTANCY SERVICES,Senior Product Manager,104000,"Bridgewater, NJ",2025
WALMART GLOBAL TECH,Software Engineer,140000,"Bentonville, AR",2024
DROPOBOX INC,Machine Learning Engineer,116000,"San Francisco, CA",2026
SERVICENOW INC,Solutions Architect,165000,"Santa Clara, CA",2026
STRIPE INC,Full Stack Engineer,163000,"Cupertino, CA",2025
UBER TECHNOLOGIES INC,Senior Data Scientist,155000,"San Francisco, CA",2025
AMAZON COM SERVICES LLC,Full Stack Engineer,159000,"Seattle, WA",2024
INFOSYS LIMITED,Frontend Engineer,68000,"Plano, TX",2025
JPMORGAN CHASE & CO,Financial Analyst,149000,"New York, NY",2025
ADOBE INC,Security Engineer,124000,"San Jose, CA",2026
PINTEREST INC,Financial Analyst,174000,"St. Louis, MO",2026
ORACLE AMERICA INC,DevOps Engineer,148000,"Austin, TX",2025
GOOGLE LLC,Operations Research Analyst,149000,"Mountain View, CA",2025
DOCUSIGN INC,Operations Research Analyst,167000,"San Francisco, CA",2026
VMWARE LLC,Financial Analyst,133000,"Palo Alto, CA",2025
SERVICENOW INC,Cloud Engineer,165000,"Santa Clara, CA",2026
ADOBE INC,Product Manager,162000,"San Jose, CA",2025
NETFLIX INC,Frontend Engineer,302000,"Los Gatos, CA",2024
APPLE INC,Big Data Engineer,139000,"Cupertino, CA",2025
ADOBE INC,Engineering Manager,143000,"San Jose, CA",2026
INFOSYS LIMITED,Frontend Engineer,70000,"Plano, TX",2025
TESLA INC,Infrastructure Engineer,171000,"Minneapolis, MN",2024
META PLATFORMS INC,QA Engineer,178000,"Menlo Park, CA",2026
SALESFORCE INC,Senior Engineering Manager,190000,"Alpharetta, GA",2024
STRIPE INC,Senior Software Engineer,174000,"Brooklyn, NY",2026
AIRBNB INC,Research Scientist,178000,"San Francisco, CA",2026
TESLA INC,Senior Data Scientist,151000,"Austin, TX",2024
COGNIZANT TECHNOLOGY SOLUTIONS,Systems Engineer,86000,"Indianapolis, IN",2025
COGNIZANT TECHNOLOGY SOLUTIONS,Site Reliability Engineer,104000,"Teaneck, NJ",2026
INTEL CORPORATION,Network Engineer,129000,"Santa Clara, CA",2026
CAPITAL ONE SERVICES LLC,Site Reliability Engineer,119000,"McLean, VA",2026
SALESFORCE INC,QA Engineer,159000,"Reston, VA",2026
SQUARE INC,Security Engineer,124000,"Boulder, CO",2026
NVIDIA CORPORATION,Machine Learning Engineer,217000,"Santa Clara, CA",2026
APPLE INC,Backend Engineer,164000,"Arlington, VA",2025
INFOSYS LIMITED,Backend Engineer,87000,"Plano, TX",2025
ORACLE AMERICA INC,Senior Data Scientist,134000,"Austin, TX",2025
UBER TECHNOLOGIES INC,Cloud Engineer,125000,"Tempe, AZ",2025
APPLE INC,DevOps Engineer,139000,"Boston, MA",2024
DATADOG INC,Senior Data Scientist,176000,"New York, NY",2024
DROPOBOX INC,QA Engineer,116000,"San Francisco, CA",2026
TWITTER INC,Technical Lead,146000,"San Francisco, CA",2026
AMAZON WEB SERVICES INC,Site Reliability Engineer,173000,"Seattle, WA",2026
JPMORGAN CHASE & CO,Data Scientist,128000,"Charlotte, NC",2025
SQUARE INC,Senior Software Engineer,168000,"San Francisco, CA",2024
CAPITAL ONE SERVICES LLC,DevOps Engineer,148000,"Miami, FL",2025
UBER TECHNOLOGIES INC,Security Engineer,156000,"Denver, CO",2026
STRIPE INC,Senior Data Scientist,168000,"South San Francisco, CA",2026
ORACLE AMERICA INC,Data Engineer,170000,"Bridgewater, NJ",2024
UBER TECHNOLOGIES INC,Big Data Engineer,167000,"Detroit, MI",2026
AMAZON WEB SERVICES INC,Full Stack Engineer,183000,"Schaumburg, IL",2024
ADOBE INC,Software Engineer,123000,"Kansas City, MO",2024
INTEL CORPORATION,SDET,177000,"Santa Clara, CA",2025
SNAP INC,Applied Scientist,185000,"Santa Monica, CA",2026
SQUARE INC,Senior Software Engineer,185000,"Bellevue, WA",2026
ORACLE AMERICA INC,Full Stack Engineer,159000,"Austin, TX",2026
CAPITAL ONE SERVICES LLC,Cloud Engineer,121000,"McLean, VA",2025
ORACLE AMERICA INC,Technical Program Manager,156000,"Austin, TX",2025
VMWARE LLC,Frontend Engineer,157000,"Tampa, FL",2025
SQUARE INC,SDET,160000,"San Francisco, CA",2024
ZOOM VIDEO COMMUNICATIONS,Security Engineer,112000,"San Jose, CA",2026
NETFLIX INC,Senior Software Engineer,345000,"Los Gatos, CA",2026
TESLA INC,Infrastructure Engineer,153000,"Richmond, VA",2026
IBM CORPORATION,Machine Learning Engineer,147000,"Irvine, CA",2024
LINKEDIN CORPORATION,Analytics Engineer,159000,"Detroit, MI",2026
TATA CONSULTANCY SERVICES,Data Engineer,77000,"Bridgewater, NJ",2025
META PLATFORMS INC,Network Engineer,141000,"Irvine, CA",2026
DELOITTE CONSULTING LLP,Senior Software Engineer,131000,"New York, NY",2025
COGNIZANT TECHNOLOGY SOLUTIONS,Senior Engineering Manager,103000,"Teaneck, NJ",2026
INTEL CORPORATION,Security Engineer,161000,"Alpharetta, GA",2026
DATADOG INC,Senior Product Manager,151000,"New York, NY",2024
AIRBNB INC,Staff Software Engineer,200000,"San Francisco, CA",2026
NETFLIX INC,Backend Engineer,270000,"New York, NY",2025
TESLA INC,Senior Data Engineer,142000,"Austin, TX",2024
NVIDIA CORPORATION,Senior Engineering Manager,188000,"Santa Clara, CA",2025
ZOOM VIDEO COMMUNICATIONS,Financial Analyst,172000,"San Jose, CA",2025
ZOOM VIDEO COMMUNICATIONS,Engineering Manager,145000,"Brooklyn, NY",2024
JPMORGAN CHASE & CO,Financial Analyst,169000,"New York, NY",2026
VMWARE LLC,Applied Scientist,178000,"Palo Alto, CA",2025
UBER TECHNOLOGIES INC,Network Engineer,148000,"San Francisco, CA",2025
ORACLE AMERICA INC,Full Stack Engineer,154000,"Austin, TX",2024
UBER TECHNOLOGIES INC,Big Data Engineer,138000,"Mountain View, CA",2026
STRIPE INC,Network Engineer,196000,"Miami, FL",2025
APPLE INC,Systems Engineer,138000,"Cupertino, CA",2026
SERVICENOW INC,Compliance Analyst,134000,"Minneapolis, MN",2024
GOLDMAN SACHS & CO LLC,Infrastructure Engineer,177000,"Arlington, VA",2026
JPMORGAN CHASE & CO,Software Engineer,107000,"Palo Alto, CA",2025
GOLDMAN SACHS & CO LLC,Senior DevOps Engineer,157000,"New York, NY",2025
UBER TECHNOLOGIES INC,Data Scientist,125000,"Cambridge, MA",2024
TESLA INC,Systems Engineer,147000,"Austin, TX",2025
GOLDMAN SACHS & CO LLC,Backend Engineer,140000,"Bentonville, AR",2026
INTEL CORPORATION,SRE,124000,"Santa Clara, CA",2025
WORKDAY INC,Security Engineer,150000,"Redmond, WA",2025
CAPITAL ONE SERVICES LLC,Business Intelligence Engineer,135000,"McLean, VA",2026
GOLDMAN SACHS & CO LLC,QA Engineer,117000,"New York, NY",2025
COGNIZANT TECHNOLOGY SOLUTIONS,Senior Software Engineer,108000,"Richmond, VA",2024
SNAP INC,Product Manager,188000,"Santa Monica, CA",2026
PINTEREST INC,Site Reliability Engineer,120000,"Columbus, OH",2026
UBER TECHNOLOGIES INC,UX Engineer,146000,"San Francisco, CA",2024
ORACLE AMERICA INC,Engineering Manager,130000,"Austin, TX",2024
CAPITAL ONE SERVICES LLC,Senior Product Manager,124000,"McLean, VA",2025
ADOBE INC,Senior Engineering Manager,193000,"Cupertino, CA",2025
JPMORGAN CHASE & CO,Technical Lead,129000,"Los Angeles, CA",2026
DROPOBOX INC,Senior Product Manager,138000,"San Francisco, CA",2026
LINKEDIN CORPORATION,Operations Research Analyst,186000,"Houston, TX",2026
GOOGLE LLC,Applied Scientist,209000,"San Francisco, CA",2024
SERVICENOW INC,Senior Software Engineer,155000,"Santa Clara, CA",2024
META PLATFORMS INC,QA Engineer,143000,"Menlo Park, CA",2024
AMAZON COM SERVICES LLC,Operations Research Analyst,143000,"Seattle, WA",2025
NVIDIA CORPORATION,Software Engineer,186000,"Jersey City, NJ",2024
SNAP INC,DevOps Engineer,166000,"Seattle, WA",2024
DELOITTE CONSULTING LLP,Cloud Engineer,91000,"Kansas City, MO",2026
WORKDAY INC,Research Scientist,169000,"Arlington, VA",2025
IBM CORPORATION,Senior Data Scientist,143000,"Denver, CO",2024
SERVICENOW INC,Research Scientist,132000,"Santa Clara, CA",2025
APPLE INC,Network Engineer,182000,"Pittsburgh, PA",2026
DELOITTE CONSULTING LLP,Machine Learning Engineer,109000,"New York, NY",2025
UBER TECHNOLOGIES INC,Technical Lead,173000,"Pittsburgh, PA",2024
INFOSYS LIMITED,Senior Product Manager,90000,"Plano, TX",2026
UBER TECHNOLOGIES INC,Software Engineer,149000,"San Jose, CA",2026
AIRBNB INC,Financial Analyst,159000,"San Francisco, CA",2024
VMWARE LLC,Cloud Engineer,117000,"Palo Alto, CA",2026
PINTEREST INC,DevOps Engineer,177000,"San Francisco, CA",2024
META PLATFORMS INC,Software Engineer,147000,"Menlo Park, CA",2025
AMAZON WEB SERVICES INC,QA Engineer,202000,"Schaumburg, IL",2026
PINTEREST INC,Technical Program Manager,184000,"San Francisco, CA",2024
SPLUNK INC,Software Engineer,172000,"San Francisco, CA",2024
DROPOBOX INC,Research Scientist,181000,"Bellevue, WA",2026
INFOSYS LIMITED,AI Engineer,66000,"Plano, TX",2025
CAPITAL ONE SERVICES LLC,Software Engineer,132000,"Philadelphia, PA",2025
INTEL CORPORATION,Senior Data Scientist,137000,"Cupertino, CA",2025
INFOSYS LIMITED,Compliance Analyst,106000,"Plano, TX",2025
TESLA INC,Data Scientist,130000,"Austin, TX",2026
TWITTER INC,Cloud Engineer,126000,"San Francisco, CA",2024
ZOOM VIDEO COMMUNICATIONS,Applied Scientist,122000,"San Jose, CA",2024
MICROSOFT CORPORATION,Cloud Engineer,130000,"Redmond, WA",2024
GOLDMAN SACHS & CO LLC,Compliance Analyst,136000,"New York, NY",2026
GOOGLE LLC,UX Engineer,195000,"Alpharetta, GA",2024
GOOGLE LLC,Senior Product Manager,190000,"Mountain View, CA",2026
AMAZON COM SERVICES LLC,Solutions Architect,175000,"Brooklyn, NY",2024
DATADOG INC,Applied Scientist,184000,"New York, NY",2026
DROPOBOX INC,Product Manager,179000,"San Francisco, CA",2024
IBM CORPORATION,Frontend Engineer,102000,"Armonk, NY",2025
SERVICENOW INC,Senior Data Engineer,154000,"Santa Clara, CA",2025
AIRBNB INC,Business Intelligence Engineer,167000,"San Francisco, CA",2026
GOLDMAN SACHS & CO LLC,Operations Research Analyst,171000,"New York, NY",2026
DELOITTE CONSULTING LLP,Systems Engineer,115000,"Minneapolis, MN",2026
AMAZON COM SERVICES LLC,Senior Engineering Manager,150000,"Brooklyn, NY",2025
SNAP INC,Network Engineer,184000,"Santa Monica, CA",2026
ADOBE INC,Compliance Analyst,194000,"San Jose, CA",2024
ACCENTURE LLP,Site Reliability Engineer,132000,"Chicago, IL",2024
WALMART GLOBAL TECH,Technical Lead,148000,"Bentonville, AR",2026
ZOOM VIDEO COMMUNICATIONS,Business Intelligence Engineer,149000,"Baltimore, MD",2024
ADOBE INC,QA Engineer,126000,"San Jose, CA",2024
SERVICENOW INC,Machine Learning Engineer,147000,"Santa Clara, CA",2026
APPLE INC,Product Manager,200000,"Cupertino, CA",2025
META PLATFORMS INC,Frontend Engineer,167000,"Mountain View, CA",2026
COGNIZANT TECHNOLOGY SOLUTIONS,Operations Research Analyst,73000,"Bridgewater, NJ",2024
ADOBE INC,Applied Scientist,193000,"San Jose, CA",2025
TESLA INC,Big Data Engineer,167000,"Atlanta, GA",2025
DELOITTE CONSULTING LLP,Senior Data Engineer,113000,"Salt Lake City, UT",2026
COGNIZANT TECHNOLOGY SOLUTIONS,Senior Software Engineer,87000,"San Diego, CA",2024
SNAP INC,Applied Scientist,140000,"Santa Monica, CA",2024
META PLATFORMS INC,AI Engineer,150000,"Menlo Park, CA",2024
INFOSYS LIMITED,AI Engineer,108000,"Plano, TX",2025
SERVICENOW INC,Big Data Engineer,135000,"Santa Clara, CA",2024
MICROSOFT CORPORATION,Compliance Analyst,165000,"Bridgewater, NJ",2025
IBM CORPORATION,Product Manager,133000,"Jersey City, NJ",2024
STRIPE INC,Technical Program Manager,209000,"South San Francisco, CA",2026
COGNIZANT TECHNOLOGY SOLUTIONS,Software Engineer,104000,"Teaneck, NJ",2026
SPLUNK INC,Engineering Manager,146000,"San Francisco, CA",2026
DELOITTE CONSULTING LLP,Machine Learning Engineer,121000,"New York, NY",2026
UBER TECHNOLOGIES INC,Operations Research Analyst,181000,"Philadelphia, PA",2025
ORACLE AMERICA INC,Security Engineer,165000,"Austin, TX",2025
SALESFORCE INC,Technical Lead,157000,"San Francisco, CA",2026
SPLUNK INC,Senior Product Manager,172000,"San Francisco, CA",2024
APPLE INC,Staff Software Engineer,175000,"Cupertino, CA",2024
VMWARE LLC,Backend Engineer,151000,"Reston, VA",2024
ADOBE INC,Software Engineer,144000,"San Jose, CA",2025
INFOSYS LIMITED,Site Reliability Engineer,95000,"Plano, TX",2026
DROPOBOX INC,Site Reliability Engineer,189000,"Cupertino, CA",2026
ORACLE AMERICA INC,Database Administrator,114000,"Houston, TX",2025
ADOBE INC,Senior Product Manager,167000,"San Jose, CA",2025
COGNIZANT TECHNOLOGY SOLUTIONS,Operations Research Analyst,83000,"Teaneck, NJ",2024
NETFLIX INC,Software Engineer,320000,"Kansas City, MO",2025
ORACLE AMERICA INC,Solutions Architect,154000,"Austin, TX",2025
TWITTER INC,Technical Program Manager,177000,"Cambridge, MA",2025
SPLUNK INC,QA Engineer,127000,"San Francisco, CA",2024
INFOSYS LIMITED,Full Stack Engineer,79000,"Plano, TX",2024
ACCENTURE LLP,Operations Research Analyst,90000,"Chicago, IL",2024
PALANTIR TECHNOLOGIES,Backend Engineer,138000,"Denver, CO",2025
DOCUSIGN INC,DevOps Engineer,147000,"San Francisco, CA",2025
DOCUSIGN INC,Operations Research Analyst,133000,"San Francisco, CA",2024
JPMORGAN CHASE & CO,AI Engineer,153000,"New York, NY",2024
UBER TECHNOLOGIES INC,Cloud Engineer,163000,"San Francisco, CA",2025
ZOOM VIDEO COMMUNICATIONS,Software Engineer,141000,"San Jose, CA",2024
TWITTER INC,Staff Software Engineer,161000,"Reston, VA",2026
VMWARE LLC,Product Manager,141000,"Palo Alto, CA",2024
NETFLIX INC,Applied Scientist,296000,"Richmond, VA",2024
DELOITTE CONSULTING LLP,Software Engineer,97000,"New York, NY",2024
DOCUSIGN INC,Data Scientist,156000,"San Francisco, CA",2024
ACCENTURE LLP,Platform Engineer,94000,"Chicago, IL",2024
JPMORGAN CHASE & CO,Machine Learning Engineer,160000,"New York, NY",2025
AMAZON COM SERVICES LLC,Compliance Analyst,169000,"Seattle, WA",2025
DATADOG INC,Staff Software Engineer,164000,"Pittsburgh, PA",2025
DOCUSIGN INC,Senior Software Engineer,175000,"San Francisco, CA",2024
ADOBE INC,Senior Engineering Manager,162000,"Bridgewater, NJ",2026
TATA CONSULTANCY SERVICES,Research Scientist,77000,"Bridgewater, NJ",2025
SALESFORCE INC,Senior Software Engineer,194000,"San Francisco, CA",2026
LINKEDIN CORPORATION,Site Reliability Engineer,192000,"San Diego, CA",2026
LINKEDIN CORPORATION,Big Data Engineer,196000,"Phoenix, AZ",2024
AMAZON WEB SERVICES INC,Data Engineer,150000,"Austin, TX",2026
AMAZON WEB SERVICES INC,Staff Software Engineer,164000,"Seattle, WA",2025
TATA CONSULTANCY SERVICES,Cloud Engineer,86000,"Bridgewater, NJ",2025
WORKDAY INC,Product Manager,149000,"Denver, CO",2024
LINKEDIN CORPORATION,Full Stack Engineer,186000,"Sunnyvale, CA",2026
META PLATFORMS INC,Senior DevOps Engineer,200000,"Mountain View, CA",2026
TESLA INC,Technical Lead,132000,"Bridgewater, NJ",2025
AMAZON WEB SERVICES INC,Technical Program Manager,209000,"Seattle, WA",2026
SPLUNK INC,Operations Research Analyst,125000,"San Francisco, CA",2026
NETFLIX INC,Business Intelligence Engineer,290000,"Minneapolis, MN",2026
GOLDMAN SACHS & CO LLC,SRE,177000,"New York, NY",2024
AIRBNB INC,Full Stack Engineer,152000,"San Francisco, CA",2025
SERVICENOW INC,Senior Data Scientist,138000,"Cambridge, MA",2025
SERVICENOW INC,Machine Learning Engineer,137000,"Dallas, TX",2026
ADOBE INC,UX Engineer,185000,"Alpharetta, GA",2026
VMWARE LLC,Staff Software Engineer,143000,"Palo Alto, CA",2025
APPLE INC,Analytics Engineer,135000,"Cupertino, CA",2025
SNAP INC,Platform Engineer,174000,"Santa Monica, CA",2024
ZOOM VIDEO COMMUNICATIONS,UX Engineer,142000,"San Jose, CA",2025
JPMORGAN CHASE & CO,Technical Program Manager,124000,"New York, NY",2026
SNAP INC,Network Engineer,147000,"Santa Monica, CA",2024
WORKDAY INC,Database Administrator,155000,"Pleasanton, CA",2026
GOLDMAN SACHS & CO LLC,Senior Product Manager,151000,"New York, NY",2025
MICROSOFT CORPORATION,Infrastructure Engineer,137000,"Redmond, WA",2024
SPLUNK INC,Systems Engineer,120000,"San Francisco, CA",2026
WORKDAY INC,UX Engineer,173000,"Pleasanton, CA",2024
GOOGLE LLC,Solutions Architect,160000,"Mountain View, CA",2025
IBM CORPORATION,Analytics Engineer,149000,"Armonk, NY",2024
APPLE INC,Senior Data Engineer,196000,"San Francisco, CA",2024
LINKEDIN CORPORATION,DevOps Engineer,199000,"Sunnyvale, CA",2025
INFOSYS LIMITED,Machine Learning Engineer,92000,"Portland, OR",2025
CAPITAL ONE SERVICES LLC,Data Scientist,135000,"McLean, VA",2025
GOOGLE LLC,Big Data Engineer,201000,"Baltimore, MD",2026
JPMORGAN CHASE & CO,Technical Program Manager,129000,"Brooklyn, NY",2026
TATA CONSULTANCY SERVICES,SRE,84000,"Indianapolis, IN",2024
IBM CORPORATION,Backend Engineer,159000,"Tempe, AZ",2026
COGNIZANT TECHNOLOGY SOLUTIONS,Compliance Analyst,68000,"Teaneck, NJ",2025
AIRBNB INC,Machine Learning Engineer,197000,"San Francisco, CA",2024
STRIPE INC,Senior Data Engineer,189000,"South San Francisco, CA",2026
WORKDAY INC,Senior Data Engineer,146000,"Pleasanton, CA",2025
SALESFORCE INC,Full Stack Engineer,148000,"San Francisco, CA",2026
SERVICENOW INC,Security Engineer,153000,"McLean, VA",2026
TWITTER INC,Database Administrator,149000,"San Francisco, CA",2026
SERVICENOW INC,Product Manager,168000,"Cambridge, MA",2024
TWITTER INC,Senior DevOps Engineer,147000,"Nashville, TN",2024
SNAP INC,Platform Engineer,160000,"Santa Monica, CA",2026
APPLE INC,Full Stack Engineer,158000,"Sunnyvale, CA",2024
NVIDIA CORPORATION,Backend Engineer,167000,"Santa Clara, CA",2025
NETFLIX INC,Compliance Analyst,339000,"Los Gatos, CA",2024
PALANTIR TECHNOLOGIES,Data Engineer,119000,"Denver, CO",2025
NVIDIA CORPORATION,Engineering Manager,206000,"Pittsburgh, PA",2025
AMAZON WEB SERVICES INC,Infrastructure Engineer,137000,"Milwaukee, WI",2024
INFOSYS LIMITED,Backend Engineer,72000,"Baltimore, MD",2025
PINTEREST INC,Systems Engineer,120000,"San Francisco, CA",2026
AMAZON WEB SERVICES INC,Data Engineer,176000,"Seattle, WA",2025
PINTEREST INC,Analytics Engineer,159000,"San Francisco, CA",2026
COGNIZANT TECHNOLOGY SOLUTIONS,Senior Software Engineer,107000,"Teaneck, NJ",2026
SNAP INC,Backend Engineer,125000,"Santa Monica, CA",2026
GOOGLE LLC,Senior Data Engineer,198000,"Mountain View, CA",2025
JPMORGAN CHASE & CO,DevOps Engineer,157000,"Schaumburg, IL",2024
SPLUNK INC,Senior Data Engineer,188000,"Phoenix, AZ",2024
COGNIZANT TECHNOLOGY SOLUTIONS,Business Intelligence Engineer,92000,"McLean, VA",2025
ACCENTURE LLP,Backend Engineer,129000,"Sacramento, CA",2024
IBM CORPORATION,Platform Engineer,146000,"Denver, CO",2026
IBM CORPORATION,Data Scientist,129000,"Atlanta, GA",2024
VMWARE LLC,Solutions Architect,183000,"Salt Lake City, UT",2024
AMAZON COM SERVICES LLC,Operations Research Analyst,128000,"Redmond, WA",2026
TATA CONSULTANCY SERVICES,Cloud Engineer,62000,"Philadelphia, PA",2024
APPLE INC,Research Scientist,160000,"Cupertino, CA",2026
DATADOG INC,QA Engineer,189000,"Kansas City, MO",2026
STRIPE INC,Engineering Manager,219000,"South San Francisco, CA",2024
SALESFORCE INC,Site Reliability Engineer,143000,"San Francisco, CA",2025
DROPOBOX INC,Staff Software Engineer,165000,"Charlotte, NC",2025
COGNIZANT TECHNOLOGY SOLUTIONS,Senior Engineering Manager,104000,"Teaneck, NJ",2026
PINTEREST INC,Technical Lead,170000,"Pittsburgh, PA",2024
ORACLE AMERICA INC,Senior Engineering Manager,127000,"Bentonville, AR",2025
GOOGLE LLC,Senior Engineering Manager,197000,"Sacramento, CA",2024
SERVICENOW INC,Solutions Architect,124000,"Santa Clara, CA",2025
SNAP INC,Senior Software Engineer,180000,"Santa Monica, CA",2024
INTEL CORPORATION,Big Data Engineer,160000,"Plano, TX",2026
VMWARE LLC,Senior Product Manager,151000,"Palo Alto, CA",2024
INTEL CORPORATION,Backend Engineer,124000,"San Jose, CA",2025
ZOOM VIDEO COMMUNICATIONS,QA Engineer,154000,"San Jose, CA",2024
INTEL CORPORATION,Site Reliability Engineer,131000,"Santa Clara, CA",2024
STRIPE INC,Product Manager,174000,"Boston, MA",2025
INTEL CORPORATION,SRE,161000,"Santa Clara, CA",2025
SERVICENOW INC,Security Engineer,128000,"Tempe, AZ",2026
CAPITAL ONE SERVICES LLC,Network Engineer,100000,"McLean, VA",2025
DROPOBOX INC,Technical Program Manager,188000,"San Francisco, CA",2024
INTEL CORPORATION,Compliance Analyst,157000,"Plano, TX",2024
INFOSYS LIMITED,Backend Engineer,85000,"Bentonville, AR",2025
STRIPE INC,Software Engineer,199000,"Columbus, OH",2026
INFOSYS LIMITED,Full Stack Engineer,75000,"Chicago, IL",2026
INFOSYS LIMITED,Senior Data Engineer,87000,"Bellevue, WA",2025
PALANTIR TECHNOLOGIES,Analytics Engineer,144000,"Denver, CO",2026
LINKEDIN CORPORATION,Engineering Manager,154000,"Tempe, AZ",2024
GOLDMAN SACHS & CO LLC,Backend Engineer,170000,"Sunnyvale, CA",2024
SPLUNK INC,Software Engineer,190000,"San Francisco, CA",2024
NETFLIX INC,AI Engineer,238000,"Jersey City, NJ",2024
NVIDIA CORPORATION,Senior DevOps Engineer,178000,"Santa Clara, CA",2026
WORKDAY INC,Site Reliability Engineer,163000,"Pleasanton, CA",2026
TATA CONSULTANCY SERVICES,QA Engineer,78000,"Raleigh, NC",2025
PINTEREST INC,Operations Research Analyst,194000,"San Francisco, CA",2026
MICROSOFT CORPORATION,Research Scientist,161000,"San Francisco, CA",2025
TATA CONSULTANCY SERVICES,DevOps Engineer,66000,"Bridgewater, NJ",2026
INFOSYS LIMITED,Network Engineer,109000,"Plano, TX",2026
DELOITTE CONSULTING LLP,Engineering Manager,113000,"New York, NY",2025
ZOOM VIDEO COMMUNICATIONS,Staff Software Engineer,160000,"San Jose, CA",2026
SNAP INC,Systems Engineer,183000,"Santa Monica, CA",2025
COGNIZANT TECHNOLOGY SOLUTIONS,Software Engineer,92000,"Teaneck, NJ",2024
COGNIZANT TECHNOLOGY SOLUTIONS,Solutions Architect,101000,"Teaneck, NJ",2024
AIRBNB INC,QA Engineer,130000,"Indianapolis, IN",2026
ACCENTURE LLP,Systems Engineer,139000,"Chicago, IL",2026
LINKEDIN CORPORATION,Database Administrator,152000,"Sunnyvale, CA",2025
INFOSYS LIMITED,Site Reliability Engineer,96000,"Plano, TX",2026
GOOGLE LLC,Solutions Architect,190000,"Mountain View, CA",2024
MICROSOFT CORPORATION,Financial Analyst,149000,"Redmond, WA",2026
SPLUNK INC,Senior Product Manager,144000,"Bridgewater, NJ",2026
AMAZON WEB SERVICES INC,Software Engineer,155000,"Pittsburgh, PA",2026
LINKEDIN CORPORATION,Staff Software Engineer,173000,"Sunnyvale, CA",2025
DROPOBOX INC,Engineering Manager,165000,"San Francisco, CA",2025
DROPOBOX INC,Cloud Engineer,162000,"Tampa, FL",2026
SQUARE INC,Senior DevOps Engineer,139000,"Phoenix, AZ",2024
COGNIZANT TECHNOLOGY SOLUTIONS,UX Engineer,69000,"Teaneck, NJ",2024
DOCUSIGN INC,Data Engineer,140000,"Dallas, TX",2025
SQUARE INC,Full Stack Engineer,189000,"San Francisco, CA",2024
PALANTIR TECHNOLOGIES,Infrastructure Engineer,172000,"Denver, CO",2026
AMAZON COM SERVICES LLC,Compliance Analyst,190000,"Seattle, WA",2026
VMWARE LLC,Network Engineer,167000,"Palo Alto, CA",2025
SPLUNK INC,Operations Research Analyst,156000,"St. Louis, MO",2024
JPMORGAN CHASE & CO,Senior Data Engineer,149000,"New York, NY",2026
AMAZON COM SERVICES LLC,Network Engineer,193000,"Seattle, WA",2025
GOLDMAN SACHS & CO LLC,Senior Product Manager,178000,"New York, NY",2026
JPMORGAN CHASE & CO,Infrastructure Engineer,157000,"New York, NY",2024
TWITTER INC,Systems Engineer,167000,"Redmond, WA",2024
PINTEREST INC,Analytics Engineer,187000,"San Francisco, CA",2026
JPMORGAN CHASE & CO,Solutions Architect,155000,"Pittsburgh, PA",2024
ORACLE AMERICA INC,Full Stack Engineer,114000,"Austin, TX",2024
GOOGLE LLC,Database Administrator,201000,"Mountain View, CA",2024
AMAZON WEB SERVICES INC,Solutions Architect,146000,"Seattle, WA",2024
DROPOBOX INC,AI Engineer,180000,"San Francisco, CA",2025
PALANTIR TECHNOLOGIES,Data Scientist,146000,"Austin, TX",2024
SPLUNK INC,Full Stack Engineer,191000,"San Francisco, CA",2025
DROPOBOX INC,AI Engineer,184000,"Seattle, WA",2026
PINTEREST INC,Senior Data Scientist,154000,"San Francisco, CA",2026
TESLA INC,DevOps Engineer,150000,"Austin, TX",2025
TATA CONSULTANCY SERVICES,Security Engineer,70000,"Raleigh, NC",2024
TATA CONSULTANCY SERVICES,Engineering Manager,83000,"Bridgewater, NJ",2026
INTEL CORPORATION,Solutions Architect,115000,"Sunnyvale, CA",2026
JPMORGAN CHASE & CO,Machine Learning Engineer,122000,"New York, NY",2025
DOCUSIGN INC,Big Data Engineer,161000,"Bentonville, AR",2024
PALANTIR TECHNOLOGIES,Frontend Engineer,153000,"Denver, CO",2024
SPLUNK INC,Solutions Architect,141000,"San Francisco, CA",2026
STRIPE INC,Solutions Architect,179000,"South San Francisco, CA",2024
APPLE INC,Solutions Architect,192000,"Cupertino, CA",2024
NVIDIA CORPORATION,Senior Engineering Manager,201000,"Santa Clara, CA",2026
WORKDAY INC,Staff Software Engineer,163000,"Charlotte, NC",2026
ADOBE INC,Network Engineer,165000,"San Jose, CA",2025
CAPITAL ONE SERVICES LLC,Big Data Engineer,115000,"McLean, VA",2026
COGNIZANT TECHNOLOGY SOLUTIONS,Applied Scientist,99000,"Teaneck, NJ",2025
ORACLE AMERICA INC,QA Engineer,145000,"Jersey City, NJ",2025
INTEL CORPORATION,SRE,160000,"Santa Clara, CA",2026
ORACLE AMERICA INC,Cloud Engineer,130000,"Denver, CO",2025
LINKEDIN CORPORATION,AI Engineer,157000,"Sunnyvale, CA",2026
GOLDMAN SACHS & CO LLC,UX Engineer,135000,"Schaumburg, IL",2026
TWITTER INC,UX Engineer,126000,"Pittsburgh, PA",2025
PALANTIR TECHNOLOGIES,DevOps Engineer,165000,"Denver, CO",2026
AMAZON WEB SERVICES INC,QA Engineer,138000,"Seattle, WA",2025
WORKDAY INC,Applied Scientist,140000,"Pleasanton, CA",2026
SALESFORCE INC,Engineering Manager,159000,"San Francisco, CA",2025
AMAZON WEB SERVICES INC,Compliance Analyst,189000,"Seattle, WA",2025
WALMART GLOBAL TECH,Platform Engineer,138000,"Orlando, FL",2025
CAPITAL ONE SERVICES LLC,Security Engineer,136000,"McLean, VA",2026
DROPOBOX INC,Applied Scientist,159000,"San Francisco, CA",2024
META PLATFORMS INC,Security Engineer,214000,"Brooklyn, NY",2025
PALANTIR TECHNOLOGIES,Network Engineer,183000,"Denver, CO",2026
TESLA INC,Senior Engineering Manager,131000,"Austin, TX",2024
NVIDIA CORPORATION,Data Engineer,231000,"Santa Clara, CA",2026
TESLA INC,Analytics Engineer,132000,"Austin, TX",2024
MICROSOFT CORPORATION,Full Stack Engineer,160000,"Redmond, WA",2024
AIRBNB INC,Research Scientist,141000,"San Francisco, CA",2024
DROPOBOX INC,Applied Scientist,131000,"San Francisco, CA",2026
PINTEREST INC,SRE,191000,"San Francisco, CA",2024
SALESFORCE INC,Senior Product Manager,157000,"Salt Lake City, UT",2026
LINKEDIN CORPORATION,QA Engineer,189000,"Sunnyvale, CA",2024
ACCENTURE LLP,AI Engineer,97000,"Chicago, IL",2024
AMAZON COM SERVICES LLC,Product Manager,154000,"Seattle, WA",2026
TESLA INC,Technical Program Manager,174000,"Austin, TX",2025
ACCENTURE LLP,Software Engineer,111000,"Chicago, IL",2025
COGNIZANT TECHNOLOGY SOLUTIONS,Staff Software Engineer,106000,"Teaneck, NJ",2026
INTEL CORPORATION,Software Engineer,164000,"Santa Clara, CA",2026
TESLA INC,Financial Analyst,106000,"San Jose, CA",2024
WALMART GLOBAL TECH,Database Administrator,112000,"Kansas City, MO",2024
WALMART GLOBAL TECH,Data Scientist,92000,"Bentonville, AR",2024
VMWARE LLC,Full Stack Engineer,155000,"Tampa, FL",2026
ZOOM VIDEO COMMUNICATIONS,Applied Scientist,131000,"San Jose, CA",2025
APPLE INC,Frontend Engineer,170000,"Cupertino, CA",2024
UBER TECHNOLOGIES INC,Full Stack Engineer,153000,"San Francisco, CA",2024
DATADOG INC,Platform Engineer,167000,"Ann Arbor, MI",2024
ZOOM VIDEO COMMUNICATIONS,Financial Analyst,133000,"San Jose, CA",2025
COGNIZANT TECHNOLOGY SOLUTIONS,Security Engineer,82000,"Teaneck, NJ",2026
NETFLIX INC,Compliance Analyst,255000,"Los Gatos, CA",2025
PINTEREST INC,Backend Engineer,156000,"San Francisco, CA",2026
WALMART GLOBAL TECH,Senior Engineering Manager,115000,"Bentonville, AR",2025
INFOSYS LIMITED,Network Engineer,70000,"Plano, TX",2025
INFOSYS LIMITED,Senior Data Scientist,106000,"Plano, TX",2026
CAPITAL ONE SERVICES LLC,Staff Software Engineer,134000,"McLean, VA",2026
ACCENTURE LLP,Operations Research Analyst,90000,"Atlanta, GA",2025
ZOOM VIDEO COMMUNICATIONS,Applied Scientist,163000,"San Jose, CA",2024
SQUARE INC,QA Engineer,142000,"Sacramento, CA",2025
DOCUSIGN INC,Senior Data Scientist,153000,"San Francisco, CA",2026
ACCENTURE LLP,SDET,120000,"Chicago, IL",2024
NVIDIA CORPORATION,Product Manager,214000,"Minneapolis, MN",2024
META PLATFORMS INC,Operations Research Analyst,154000,"Menlo Park, CA",2024
NVIDIA CORPORATION,Platform Engineer,247000,"Reston, VA",2026
ADOBE INC,Infrastructure Engineer,192000,"San Jose, CA",2025
MICROSOFT CORPORATION,Compliance Analyst,156000,"Alpharetta, GA",2026
ORACLE AMERICA INC,Machine Learning Engineer,115000,"Austin, TX",2026
JPMORGAN CHASE & CO,DevOps Engineer,114000,"Schaumburg, IL",2025
INFOSYS LIMITED,Frontend Engineer,98000,"Plano, TX",2025
IBM CORPORATION,Software Engineer,126000,"Armonk, NY",2025
CAPITAL ONE SERVICES LLC,AI Engineer,132000,"Denver, CO",2026
DELOITTE CONSULTING LLP,Frontend Engineer,132000,"New York, NY",2026
INTEL CORPORATION,DevOps Engineer,112000,"Santa Clara, CA",2024
NETFLIX INC,Research Scientist,338000,"San Francisco, CA",2025
AMAZON COM SERVICES LLC,Site Reliability Engineer,198000,"Seattle, WA",2026
DELOITTE CONSULTING LLP,Senior Software Engineer,125000,"New York, NY",2026
PALANTIR TECHNOLOGIES,Cloud Engineer,119000,"Charlotte, NC",2026
SQUARE INC,Financial Analyst,187000,"San Francisco, CA",2025
CAPITAL ONE SERVICES LLC,QA Engineer,150000,"Cambridge, MA",2024
ACCENTURE LLP,Technical Lead,119000,"Chicago, IL",2025
STRIPE INC,Systems Engineer,214000,"South San Francisco, CA",2025
AIRBNB INC,Infrastructure Engineer,159000,"Plano, TX",2024
DATADOG INC,Analytics Engineer,129000,"New York, NY",2025
COGNIZANT TECHNOLOGY SOLUTIONS,SRE,99000,"Kansas City, MO",2026
DATADOG INC,Infrastructure Engineer,165000,"New York, NY",2025
WORKDAY INC,Operations Research Analyst,167000,"Pleasanton, CA",2024
LINKEDIN CORPORATION,Site Reliability Engineer,132000,"Sunnyvale, CA",2025
VMWARE LLC,SDET,117000,"Irvine, CA",2024
META PLATFORMS INC,Systems Engineer,156000,"Menlo Park, CA",2026
CAPITAL ONE SERVICES LLC,Analytics Engineer,116000,"Brooklyn, NY",2024
WALMART GLOBAL TECH,Analytics Engineer,149000,"Charlotte, NC",2024
DROPOBOX INC,Applied Scientist,183000,"San Francisco, CA",2026
COGNIZANT TECHNOLOGY SOLUTIONS,Analytics Engineer,69000,"Portland, OR",2026
TWITTER INC,Applied Scientist,178000,"Orlando, FL",2025
AMAZON WEB SERVICES INC,Solutions Architect,141000,"Seattle, WA",2024
VMWARE LLC,Big Data Engineer,118000,"Palo Alto, CA",2026
STRIPE INC,SRE,186000,"Philadelphia, PA",2024
SERVICENOW INC,Infrastructure Engineer,176000,"Atlanta, GA",2024
WALMART GLOBAL TECH,Senior Data Scientist,122000,"Bentonville, AR",2024
CAPITAL ONE SERVICES LLC,Research Scientist,99000,"McLean, VA",2026
NETFLIX INC,Site Reliability Engineer,279000,"Los Gatos, CA",2025
GOOGLE LLC,Research Scientist,141000,"Miami, FL",2024
JPMORGAN CHASE & CO,Data Scientist,156000,"New York, NY",2026
LINKEDIN CORPORATION,Applied Scientist,193000,"Sunnyvale, CA",2026
TATA CONSULTANCY SERVICES,Security Engineer,82000,"Bridgewater, NJ",2026
SPLUNK INC,Security Engineer,162000,"Philadelphia, PA",2025
NETFLIX INC,Compliance Analyst,343000,"Los Gatos, CA",2024
GOOGLE LLC,Systems Engineer,156000,"Mountain View, CA",2024
GOOGLE LLC,Senior Data Scientist,193000,"Mountain View, CA",2025
DATADOG INC,DevOps Engineer,129000,"Irvine, CA",2026
AIRBNB INC,Technical Program Manager,148000,"San Francisco, CA",2025
SQUARE INC,Technical Program Manager,142000,"San Francisco, CA",2025
WALMART GLOBAL TECH,Systems Engineer,123000,"Bentonville, AR",2026
AMAZON WEB SERVICES INC,Staff Software Engineer,194000,"Seattle, WA",2026
MICROSOFT CORPORATION,Solutions Architect,141000,"Redmond, WA",2025
ORACLE AMERICA INC,Software Engineer,143000,"Austin, TX",2026
SPLUNK INC,Operations Research Analyst,135000,"San Francisco, CA",2024
GOLDMAN SACHS & CO LLC,AI Engineer,179000,"New York, NY",2026
DROPOBOX INC,Applied Scientist,182000,"Nashville, TN",2026
TESLA INC,Data Engineer,150000,"San Jose, CA",2026
DROPOBOX INC,Staff Software Engineer,173000,"San Francisco, CA",2025
DELOITTE CONSULTING LLP,Cloud Engineer,98000,"New York, NY",2024
WORKDAY INC,Site Reliability Engineer,164000,"Pleasanton, CA",2024
DELOITTE CONSULTING LLP,Senior Product Manager,125000,"New York, NY",2024
PALANTIR TECHNOLOGIES,Product Manager,170000,"San Jose, CA",2026
ADOBE INC,Business Intelligence Engineer,175000,"Charlotte, NC",2025
PINTEREST INC,Frontend Engineer,130000,"Jersey City, NJ",2024
DOCUSIGN INC,Security Engineer,124000,"Plano, TX",2025
IBM CORPORATION,Business Intelligence Engineer,100000,"Armonk, NY",2026
MICROSOFT CORPORATION,Senior Product Manager,148000,"Ann Arbor, MI",2025
LINKEDIN CORPORATION,Technical Lead,192000,"Sunnyvale, CA",2026
INTEL CORPORATION,Security Engineer,178000,"Santa Clara, CA",2025
LINKEDIN CORPORATION,Systems Engineer,183000,"Sunnyvale, CA",2024
IBM CORPORATION,Platform Engineer,98000,"Salt Lake City, UT",2025
DATADOG INC,Applied Scientist,121000,"New York, NY",2026
ADOBE INC,Analytics Engineer,124000,"Newark, NJ",2026
AMAZON WEB SERVICES INC,Applied Scientist,206000,"Orlando, FL",2026
STRIPE INC,Cloud Engineer,209000,"Raleigh, NC",2024
DROPOBOX INC,Business Intelligence Engineer,178000,"San Francisco, CA",2024
NVIDIA CORPORATION,Compliance Analyst,180000,"Boston, MA",2024
SPLUNK INC,Network Engineer,129000,"San Francisco, CA",2025
META PLATFORMS INC,Infrastructure Engineer,182000,"Menlo Park, CA",2024
DROPOBOX INC,Technical Program Manager,142000,"Denver, CO",2026
INTEL CORPORATION,Senior Engineering Manager,170000,"Santa Clara, CA",2024
NVIDIA CORPORATION,Network Engineer,158000,"Portland, OR",2024
META PLATFORMS INC,Database Administrator,206000,"Menlo Park, CA",2025
NVIDIA CORPORATION,Staff Software Engineer,163000,"Santa Clara, CA",2024
COGNIZANT TECHNOLOGY SOLUTIONS,Full Stack Engineer,100000,"Teaneck, NJ",2026
PINTEREST INC,Infrastructure Engineer,131000,"San Francisco, CA",2026
DROPOBOX INC,Senior DevOps Engineer,143000,"San Francisco, CA",2025
META PLATFORMS INC,UX Engineer,170000,"Menlo Park, CA",2026
UBER TECHNOLOGIES INC,Staff Software Engineer,171000,"San Francisco, CA",2025
AMAZON COM SERVICES LLC,Financial Analyst,199000,"Mountain View, CA",2026
DATADOG INC,Machine Learning Engineer,143000,"New York, NY",2025
META PLATFORMS INC,Engineering Manager,200000,"Menlo Park, CA",2024
ACCENTURE LLP,Senior Engineering Manager,134000,"Schaumburg, IL",2026
SPLUNK INC,Compliance Analyst,130000,"San Francisco, CA",2024
LINKEDIN CORPORATION,Data Scientist,202000,"Los Angeles, CA",2026
SNAP INC,Senior DevOps Engineer,181000,"Santa Monica, CA",2024
SERVICENOW INC,QA Engineer,163000,"Santa Clara, CA",2024
JPMORGAN CHASE & CO,Systems Engineer,151000,"New York, NY",2024
NETFLIX INC,Research Scientist,255000,"Plano, TX",2025
PINTEREST INC,Software Engineer,124000,"San Francisco, CA",2025
MICROSOFT CORPORATION,Product Manager,146000,"Redmond, WA",2026
META PLATFORMS INC,SDET,188000,"Salt Lake City, UT",2025
DATADOG INC,Machine Learning Engineer,193000,"New York, NY",2025
WORKDAY INC,Analytics Engineer,128000,"Pleasanton, CA",2026
SALESFORCE INC,Frontend Engineer,197000,"Atlanta, GA",2024
TWITTER INC,Product Manager,146000,"San Francisco, CA",2026
AIRBNB INC,Staff Software Engineer,176000,"San Francisco, CA",2026
ORACLE AMERICA INC,Senior Product Manager,147000,"Austin, TX",2026
SQUARE INC,QA Engineer,170000,"San Francisco, CA",2026
TWITTER INC,Frontend Engineer,160000,"San Francisco, CA",2025
PINTEREST INC,UX Engineer,124000,"Redmond, WA",2024
INFOSYS LIMITED,Data Engineer,91000,"Plano, TX",2025
WORKDAY INC,AI Engineer,155000,"Pleasanton, CA",2025
DELOITTE CONSULTING LLP,Frontend Engineer,131000,"Richmond, VA",2026
DELOITTE CONSULTING LLP,Cloud Engineer,109000,"New York, NY",2026
AMAZON COM SERVICES LLC,Senior DevOps Engineer,170000,"Seattle, WA",2025
COGNIZANT TECHNOLOGY SOLUTIONS,Data Scientist,102000,"Teaneck, NJ",2026
SALESFORCE INC,Senior DevOps Engineer,145000,"San Francisco, CA",2024
SQUARE INC,Senior Data Scientist,165000,"Dallas, TX",2024
SQUARE INC,Security Engineer,140000,"Kansas City, MO",2026
DROPOBOX INC,Solutions Architect,144000,"San Francisco, CA",2026
CAPITAL ONE SERVICES LLC,Database Administrator,155000,"McLean, VA",2024
JPMORGAN CHASE & CO,Operations Research Analyst,146000,"Mountain View, CA",2024
MICROSOFT CORPORATION,Financial Analyst,188000,"Minneapolis, MN",2025
APPLE INC,Senior Product Manager,196000,"Cupertino, CA",2026
TWITTER INC,DevOps Engineer,161000,"Arlington, VA",2025
META PLATFORMS INC,QA Engineer,185000,"Menlo Park, CA",2025
DATADOG INC,Staff Software Engineer,144000,"Cambridge, MA",2024
DROPOBOX INC,Frontend Engineer,177000,"San Francisco, CA",2026
INTEL CORPORATION,Research Scientist,133000,"Santa Clara, CA",2025
META PLATFORMS INC,Network Engineer,154000,"San Diego, CA",2025
SERVICENOW INC,Financial Analyst,165000,"Santa Clara, CA",2024
NETFLIX INC,Solutions Architect,305000,"Los Gatos, CA",2026
WALMART GLOBAL TECH,Database Administrator,93000,"Bentonville, AR",2024
WORKDAY INC,Data Engineer,144000,"Chicago, IL",2025
WORKDAY INC,Platform Engineer,109000,"Richmond, VA",2026
APPLE INC,DevOps Engineer,187000,"Richmond, VA",2025
ZOOM VIDEO COMMUNICATIONS,Software Engineer,160000,"Tempe, AZ",2024
SALESFORCE INC,DevOps Engineer,186000,"San Francisco, CA",2025
TATA CONSULTANCY SERVICES,Senior Software Engineer,86000,"Bridgewater, NJ",2025
TWITTER INC,Technical Program Manager,187000,"San Francisco, CA",2024
VMWARE LLC,Data Engineer,141000,"Palo Alto, CA",2024
TESLA INC,Business Intelligence Engineer,146000,"Austin, TX",2025
COGNIZANT TECHNOLOGY SOLUTIONS,Security Engineer,106000,"Teaneck, NJ",2026
SALESFORCE INC,QA Engineer,154000,"San Francisco, CA",2024
DOCUSIGN INC,Big Data Engineer,127000,"Orlando, FL",2025
ZOOM VIDEO COMMUNICATIONS,UX Engineer,156000,"Newark, NJ",2025
SNAP INC,DevOps Engineer,151000,"Tempe, AZ",2026
TWITTER INC,Infrastructure Engineer,126000,"San Francisco, CA",2025
TESLA INC,Senior Engineering Manager,125000,"Austin, TX",2025
AMAZON COM SERVICES LLC,Systems Engineer,171000,"Seattle, WA",2025
TWITTER INC,Infrastructure Engineer,192000,"San Francisco, CA",2024
AMAZON COM SERVICES LLC,Full Stack Engineer,162000,"Atlanta, GA",2025
GOLDMAN SACHS & CO LLC,Solutions Architect,145000,"New York, NY",2026
TATA CONSULTANCY SERVICES,QA Engineer,82000,"Bridgewater, NJ",2025
AMAZON COM SERVICES LLC,QA Engineer,189000,"Seattle, WA",2025
APPLE INC,DevOps Engineer,150000,"Cupertino, CA",2026
COGNIZANT TECHNOLOGY SOLUTIONS,Platform Engineer,95000,"Arlington, VA",2024
NETFLIX INC,Data Scientist,316000,"Orlando, FL",2026
SERVICENOW INC,Cloud Engineer,132000,"Santa Clara, CA",2026
TWITTER INC,Senior DevOps Engineer,183000,"San Francisco, CA",2024
DATADOG INC,Senior Software Engineer,193000,"New York, NY",2025
DELOITTE CONSULTING LLP,Network Engineer,129000,"New York, NY",2025
CAPITAL ONE SERVICES LLC,Data Scientist,113000,"McLean, VA",2024
CAPITAL ONE SERVICES LLC,DevOps Engineer,113000,"Boston, MA",2025
SPLUNK INC,Frontend Engineer,163000,"San Francisco, CA",2024
NVIDIA CORPORATION,Senior Engineering Manager,248000,"Santa Clara, CA",2024
CAPITAL ONE SERVICES LLC,Compliance Analyst,131000,"McLean, VA",2025
PALANTIR TECHNOLOGIES,DevOps Engineer,179000,"Denver, CO",2024
GOLDMAN SACHS & CO LLC,Compliance Analyst,165000,"Palo Alto, CA",2026
GOLDMAN SACHS & CO LLC,Security Engineer,142000,"Boulder, CO",2025
CAPITAL ONE SERVICES LLC,Applied Scientist,110000,"McLean, VA",2025
SALESFORCE INC,Applied Scientist,195000,"San Francisco, CA",2024
VMWARE LLC,Senior Data Scientist,153000,"Bentonville, AR",2024
TWITTER INC,UX Engineer,130000,"San Francisco, CA",2025
IBM CORPORATION,Technical Program Manager,158000,"Armonk, NY",2024
PINTEREST INC,Platform Engineer,122000,"Nashville, TN",2025
GOLDMAN SACHS & CO LLC,SDET,184000,"New York, NY",2024
TWITTER INC,Full Stack Engineer,179000,"San Francisco, CA",2026
SQUARE INC,SDET,129000,"San Francisco, CA",2025
INFOSYS LIMITED,Applied Scientist,108000,"Tempe, AZ",2024
SALESFORCE INC,SDET,174000,"San Francisco, CA",2025
PINTEREST INC,Security Engineer,166000,"San Francisco, CA",2026
STRIPE INC,Product Manager,205000,"South San Francisco, CA",2024
GOLDMAN SACHS & CO LLC,Platform Engineer,141000,"Bellevue, WA",2025
DROPOBOX INC,Cloud Engineer,175000,"San Francisco, CA",2024
NVIDIA CORPORATION,Backend Engineer,239000,"Santa Clara, CA",2026
PALANTIR TECHNOLOGIES,Financial Analyst,118000,"Arlington, VA",2026
UBER TECHNOLOGIES INC,Full Stack Engineer,151000,"Denver, CO",2025
AIRBNB INC,Machine Learning Engineer,185000,"San Francisco, CA",2024
AIRBNB INC,Systems Engineer,154000,"San Francisco, CA",2024
GOOGLE LLC,Technical Program Manager,166000,"Mountain View, CA",2025
STRIPE INC,Systems Engineer,212000,"South San Francisco, CA",2025
META PLATFORMS INC,Machine Learning Engineer,159000,"Menlo Park, CA",2025
ADOBE INC,Site Reliability Engineer,144000,"San Jose, CA",2024
AMAZON COM SERVICES LLC,Machine Learning Engineer,174000,"Seattle, WA",2025
ORACLE AMERICA INC,Senior Engineering Manager,173000,"Austin, TX",2025
SALESFORCE INC,Data Scientist,144000,"San Francisco, CA",2024
DROPOBOX INC,Software Engineer,174000,"San Francisco, CA",2026
DOCUSIGN INC,Senior Product Manager,162000,"San Jose, CA",2024
COGNIZANT TECHNOLOGY SOLUTIONS,AI Engineer,80000,"Sacramento, CA",2025
PALANTIR TECHNOLOGIES,DevOps Engineer,183000,"Phoenix, AZ",2026
IBM CORPORATION,Machine Learning Engineer,98000,"Jersey City, NJ",2024
SNAP INC,Big Data Engineer,193000,"Santa Monica, CA",2025
TWITTER INC,Data Engineer,169000,"San Francisco, CA",2024
WORKDAY INC,Big Data Engineer,111000,"Pleasanton, CA",2025
COGNIZANT TECHNOLOGY SOLUTIONS,Big Data Engineer,108000,"Newark, NJ",2026
GOLDMAN SACHS & CO LLC,Technical Program Manager,183000,"Sacramento, CA",2026
COGNIZANT TECHNOLOGY SOLUTIONS,AI Engineer,94000,"Teaneck, NJ",2026
NETFLIX INC,Software Engineer,282000,"Los Gatos, CA",2025
IBM CORPORATION,Product Manager,128000,"Columbus, OH",2026
AMAZON COM SERVICES LLC,Platform Engineer,190000,"Seattle, WA",2026
APPLE INC,Cloud Engineer,202000,"Cupertino, CA",2026
SALESFORCE INC,Applied Scientist,175000,"Sacramento, CA",2026
ACCENTURE LLP,DevOps Engineer,88000,"Chicago, IL",2024
VMWARE LLC,UX Engineer,147000,"Palo Alto, CA",2026
SPLUNK INC,Machine Learning Engineer,156000,"San Francisco, CA",2025
META PLATFORMS INC,Senior Data Scientist,156000,"Menlo Park, CA",2026
STRIPE INC,Senior Engineering Manager,211000,"South San Francisco, CA",2025
MICROSOFT CORPORATION,QA Engineer,170000,"Redmond, WA",2024
TESLA INC,Backend Engineer,109000,"Austin, TX",2026
APPLE INC,UX Engineer,183000,"Cupertino, CA",2024
DELOITTE CONSULTING LLP,Engineering Manager,113000,"Phoenix, AZ",2024
ZOOM VIDEO COMMUNICATIONS,Senior Product Manager,140000,"Pittsburgh, PA",2026
DROPOBOX INC,Frontend Engineer,131000,"San Francisco, CA",2026
SPLUNK INC,Platform Engineer,143000,"San Francisco, CA",2026
INTEL CORPORATION,Backend Engineer,148000,"Santa Clara, CA",2025
CAPITAL ONE SERVICES LLC,Senior Product Manager,154000,"McLean, VA",2025
WORKDAY INC,Infrastructure Engineer,166000,"Boulder, CO",2025
MICROSOFT CORPORATION,Senior Data Engineer,184000,"Redmond, WA",2026
STRIPE INC,Big Data Engineer,207000,"South San Francisco, CA",2024
ACCENTURE LLP,Engineering Manager,106000,"Chicago, IL",2024
NVIDIA CORPORATION,Data Engineer,154000,"San Jose, CA",2024
ORACLE AMERICA INC,Operations Research Analyst,105000,"Austin, TX",2025
DELOITTE CONSULTING LLP,Technical Lead,117000,"Los Angeles, CA",2024
PALANTIR TECHNOLOGIES,Product Manager,142000,"Detroit, MI",2025
AMAZON COM SERVICES LLC,Backend Engineer,148000,"Seattle, WA",2026
AIRBNB INC,Big Data Engineer,165000,"Baltimore, MD",2026
APPLE INC,Operations Research Analyst,131000,"Cupertino, CA",2025
ACCENTURE LLP,Operations Research Analyst,113000,"Chicago, IL",2025
ADOBE INC,Analytics Engineer,157000,"Sunnyvale, CA",2026
PINTEREST INC,Operations Research Analyst,147000,"San Francisco, CA",2025
SNAP INC,Staff Software Engineer,149000,"Philadelphia, PA",2024
JPMORGAN CHASE & CO,Network Engineer,137000,"New York, NY",2025
DOCUSIGN INC,Analytics Engineer,124000,"Atlanta, GA",2026
DOCUSIGN INC,Senior Software Engineer,143000,"San Francisco, CA",2024
PINTEREST INC,Senior DevOps Engineer,191000,"San Francisco, CA",2025
APPLE INC,Technical Program Manager,161000,"Cupertino, CA",2025
TATA CONSULTANCY SERVICES,Senior Product Manager,87000,"Bridgewater, NJ",2026
INTEL CORPORATION,DevOps Engineer,177000,"Pittsburgh, PA",2025
WORKDAY INC,SRE,109000,"Pleasanton, CA",2024
INFOSYS LIMITED,Network Engineer,99000,"Salt Lake City, UT",2026
COGNIZANT TECHNOLOGY SOLUTIONS,Security Engineer,84000,"Teaneck, NJ",2026
META PLATFORMS INC,Infrastructure Engineer,186000,"Menlo Park, CA",2024
ACCENTURE LLP,SDET,93000,"Chicago, IL",2024
JPMORGAN CHASE & CO,Senior Software Engineer,131000,"New York, NY",2024
TATA CONSULTANCY SERVICES,Financial Analyst,85000,"Bridgewater, NJ",2026
STRIPE INC,SDET,183000,"Portland, OR",2026
ORACLE AMERICA INC,Cloud Engineer,124000,"Bridgewater, NJ",2025
SQUARE INC,Research Scientist,123000,"San Francisco, CA",2026
MICROSOFT CORPORATION,AI Engineer,122000,"Denver, CO",2025
ADOBE INC,Senior Engineering Manager,159000,"Baltimore, MD",2024
GOLDMAN SACHS & CO LLC,Software Engineer,142000,"Detroit, MI",2024
CAPITAL ONE SERVICES LLC,Applied Scientist,151000,"McLean, VA",2025
SERVICENOW INC,Staff Software Engineer,156000,"Santa Clara, CA",2026
JPMORGAN CHASE & CO,Senior Product Manager,166000,"New York, NY",2026
IBM CORPORATION,Systems Engineer,142000,"Armonk, NY",2024
SERVICENOW INC,DevOps Engineer,178000,"Santa Clara, CA",2026
INTEL CORPORATION,SRE,161000,"Boulder, CO",2026
AIRBNB INC,Site Reliability Engineer,175000,"Milwaukee, WI",2024
ORACLE AMERICA INC,Senior DevOps Engineer,126000,"Austin, TX",2024
MICROSOFT CORPORATION,Technical Program Manager,174000,"Redmond, WA",2024
PALANTIR TECHNOLOGIES,Backend Engineer,173000,"Denver, CO",2025
CAPITAL ONE SERVICES LLC,Security Engineer,106000,"McLean, VA",2026
GOLDMAN SACHS & CO LLC,DevOps Engineer,153000,"New York, NY",2026
SERVICENOW INC,Backend Engineer,169000,"Santa Clara, CA",2024
DROPOBOX INC,Operations Research Analyst,150000,"San Francisco, CA",2024
ADOBE INC,Senior Data Engineer,191000,"Schaumburg, IL",2025
TWITTER INC,Security Engineer,183000,"San Francisco, CA",2026
PINTEREST INC,Big Data Engineer,170000,"San Diego, CA",2024
ACCENTURE LLP,QA Engineer,87000,"Chicago, IL",2024
LINKEDIN CORPORATION,Security Engineer,162000,"Kansas City, MO",2025
LINKEDIN CORPORATION,Machine Learning Engineer,168000,"Sunnyvale, CA",2025
NETFLIX INC,SRE,325000,"Los Gatos, CA",2025
AMAZON COM SERVICES LLC,Staff Software Engineer,194000,"Seattle, WA",2024
SERVICENOW INC,Technical Lead,165000,"Santa Clara, CA",2026
GOOGLE LLC,Product Manager,175000,"Mountain View, CA",2025
SPLUNK INC,Platform Engineer,149000,"San Francisco, CA",2024
META PLATFORMS INC,Financial Analyst,199000,"San Jose, CA",2024
CAPITAL ONE SERVICES LLC,Senior Engineering Manager,128000,"Austin, TX",2026
ORACLE AMERICA INC,Senior DevOps Engineer,172000,"Austin, TX",2024
ZOOM VIDEO COMMUNICATIONS,Product Manager,164000,"San Jose, CA",2025
SPLUNK INC,Platform Engineer,154000,"San Francisco, CA",2026
UBER TECHNOLOGIES INC,Security Engineer,185000,"San Francisco, CA",2025
COGNIZANT TECHNOLOGY SOLUTIONS,Frontend Engineer,95000,"Teaneck, NJ",2025
VMWARE LLC,Cloud Engineer,142000,"Irvine, CA",2025
IBM CORPORATION,Site Reliability Engineer,96000,"Baltimore, MD",2026
WORKDAY INC,Applied Scientist,106000,"Pleasanton, CA",2025
DROPOBOX INC,Senior Data Scientist,157000,"San Francisco, CA",2024
DELOITTE CONSULTING LLP,Operations Research Analyst,123000,"New York, NY",2025
AIRBNB INC,SRE,127000,"Phoenix, AZ",2024
SALESFORCE INC,Data Engineer,176000,"Minneapolis, MN",2025
PINTEREST INC,Database Administrator,167000,"San Francisco, CA",2026
AIRBNB INC,Research Scientist,129000,"San Francisco, CA",2025
CAPITAL ONE SERVICES LLC,Operations Research Analyst,137000,"McLean, VA",2026
INFOSYS LIMITED,Big Data Engineer,78000,"Alpharetta, GA",2024
IBM CORPORATION,Big Data Engineer,147000,"Armonk, NY",2025
SPLUNK INC,Machine Learning Engineer,155000,"San Francisco, CA",2025
TATA CONSULTANCY SERVICES,Business Intelligence Engineer,81000,"Raleigh, NC",2026
SQUARE INC,Data Engineer,188000,"Atlanta, GA",2024
GOOGLE LLC,Software Engineer,142000,"Mountain View, CA",2026
TESLA INC,Full Stack Engineer,128000,"Austin, TX",2024
SQUARE INC,SRE,162000,"Nashville, TN",2025
SNAP INC,Senior DevOps Engineer,147000,"Santa Monica, CA",2026
IBM CORPORATION,Senior Software Engineer,147000,"Armonk, NY",2025
AIRBNB INC,Applied Scientist,167000,"Cupertino, CA",2024
AIRBNB INC,Applied Scientist,174000,"San Francisco, CA",2024
INTEL CORPORATION,Analytics Engineer,123000,"Santa Clara, CA",2024
UBER TECHNOLOGIES INC,Cloud Engineer,190000,"San Francisco, CA",2025
PALANTIR TECHNOLOGIES,Platform Engineer,157000,"Denver, CO",2026
DELOITTE CONSULTING LLP,Staff Software Engineer,105000,"Schaumburg, IL",2026
SERVICENOW INC,Backend Engineer,123000,"Santa Clara, CA",2026
INTEL CORPORATION,Staff Software Engineer,157000,"Santa Clara, CA",2025
ADOBE INC,Senior Engineering Manager,181000,"San Jose, CA",2026
NVIDIA CORPORATION,DevOps Engineer,151000,"Sunnyvale, CA",2025
UBER TECHNOLOGIES INC,Senior DevOps Engineer,187000,"San Francisco, CA",2024
APPLE INC,SDET,139000,"Houston, TX",2026
SERVICENOW INC,Backend Engineer,157000,"Santa Clara, CA",2024
MICROSOFT CORPORATION,Data Scientist,124000,"Milwaukee, WI",2026
CAPITAL ONE SERVICES LLC,Senior DevOps Engineer,155000,"Detroit, MI",2025
NETFLIX INC,Full Stack Engineer,236000,"Los Gatos, CA",2026
ADOBE INC,Backend Engineer,121000,"San Jose, CA",2025
SPLUNK INC,QA Engineer,186000,"San Francisco, CA",2025
INFOSYS LIMITED,Systems Engineer,103000,"Milwaukee, WI",2024
APPLE INC,Data Engineer,135000,"Newark, NJ",2024
ZOOM VIDEO COMMUNICATIONS,Staff Software Engineer,135000,"San Jose, CA",2025
DELOITTE CONSULTING LLP,Operations Research Analyst,102000,"Kansas City, MO",2024
AIRBNB INC,Network Engineer,133000,"Bellevue, WA",2025
WALMART GLOBAL TECH,Infrastructure Engineer,102000,"Bentonville, AR",2026
SERVICENOW INC,Big Data Engineer,123000,"Plano, TX",2024
NVIDIA CORPORATION,Staff Software Engineer,183000,"Santa Clara, CA",2026
DATADOG INC,UX Engineer,163000,"New York, NY",2024
PINTEREST INC,Backend Engineer,172000,"San Francisco, CA",2024
ORACLE AMERICA INC,DevOps Engineer,147000,"Austin, TX",2026
ORACLE AMERICA INC,Technical Lead,167000,"Dallas, TX",2024
ADOBE INC,Staff Software Engineer,165000,"San Jose, CA",2026
AIRBNB INC,Research Scientist,172000,"San Francisco, CA",2024
LINKEDIN CORPORATION,DevOps Engineer,136000,"McLean, VA",2024
WALMART GLOBAL TECH,Senior Product Manager,130000,"Denver, CO",2025
LINKEDIN CORPORATION,Operations Research Analyst,204000,"Sunnyvale, CA",2024
UBER TECHNOLOGIES INC,Senior DevOps Engineer,143000,"San Francisco, CA",2026
PINTEREST INC,Product Manager,186000,"Newark, NJ",2026
MICROSOFT CORPORATION,Cloud Engineer,184000,"Redmond, WA",2025
COGNIZANT TECHNOLOGY SOLUTIONS,Senior Engineering Manager,85000,"Teaneck, NJ",2026
ZOOM VIDEO COMMUNICATIONS,Machine Learning Engineer,122000,"Schaumburg, IL",2024
TWITTER INC,Senior Data Engineer,170000,"Plano, TX",2026
SPLUNK INC,Data Scientist,173000,"San Francisco, CA",2026
VMWARE LLC,Network Engineer,128000,"Palo Alto, CA",2025
IBM CORPORATION,Product Manager,115000,"Armonk, NY",2026
AIRBNB INC,SDET,192000,"San Francisco, CA",2025
APPLE INC,Senior Software Engineer,189000,"Sacramento, CA",2025
AIRBNB INC,Operations Research Analyst,138000,"Tempe, AZ",2026
GOOGLE LLC,Software Engineer,172000,"Mountain View, CA",2025
IBM CORPORATION,Frontend Engineer,104000,"Plano, TX",2025
SPLUNK INC,Operations Research Analyst,183000,"San Francisco, CA",2024
WORKDAY INC,Site Reliability Engineer,137000,"Jersey City, NJ",2026
WORKDAY INC,Business Intelligence Engineer,117000,"Pleasanton, CA",2025
VMWARE LLC,Financial Analyst,185000,"Detroit, MI",2025
WORKDAY INC,Engineering Manager,174000,"Pleasanton, CA",2024
DOCUSIGN INC,Senior Product Manager,165000,"Denver, CO",2026
ADOBE INC,Security Engineer,140000,"San Jose, CA",2025
WALMART GLOBAL TECH,Frontend Engineer,128000,"Bentonville, AR",2026
ZOOM VIDEO COMMUNICATIONS,Senior Software Engineer,149000,"San Jose, CA",2024
DROPOBOX INC,Technical Program Manager,145000,"Chicago, IL",2025
CAPITAL ONE SERVICES LLC,Product Manager,119000,"McLean, VA",2025
SQUARE INC,Machine Learning Engineer,151000,"San Francisco, CA",2025
ZOOM VIDEO COMMUNICATIONS,Senior Data Scientist,154000,"Salt Lake City, UT",2025
IBM CORPORATION,Systems Engineer,139000,"Armonk, NY",2025
JPMORGAN CHASE & CO,SDET,116000,"New York, NY",2024
TATA CONSULTANCY SERVICES,AI Engineer,100000,"Cupertino, CA",2025
SERVICENOW INC,Software Engineer,111000,"Santa Clara, CA",2024
STRIPE INC,SDET,207000,"South San Francisco, CA",2024
WORKDAY INC,Research Scientist,145000,"Ann Arbor, MI",2026
VMWARE LLC,Technical Lead,136000,"Boulder, CO",2026
CAPITAL ONE SERVICES LLC,Frontend Engineer,135000,"McLean, VA",2024
SERVICENOW INC,Senior Data Scientist,168000,"Santa Clara, CA",2026
DELOITTE CONSULTING LLP,Cloud Engineer,86000,"Newark, NJ",2024
ORACLE AMERICA INC,Applied Scientist,131000,"Austin, TX",2024
ZOOM VIDEO COMMUNICATIONS,Site Reliability Engineer,146000,"Columbus, OH",2024
JPMORGAN CHASE & CO,Financial Analyst,141000,"Bentonville, AR",2024
UBER TECHNOLOGIES INC,DevOps Engineer,184000,"San Francisco, CA",2024
COGNIZANT TECHNOLOGY SOLUTIONS,AI Engineer,89000,"Teaneck, NJ",2026
GOLDMAN SACHS & CO LLC,Business Intelligence Engineer,183000,"New York, NY",2026
DROPOBOX INC,Frontend Engineer,158000,"San Francisco, CA",2026
TESLA INC,Engineering Manager,126000,"Austin, TX",2025
INTEL CORPORATION,Software Engineer,170000,"Santa Clara, CA",2026
DOCUSIGN INC,Engineering Manager,130000,"San Francisco, CA",2026
INTEL CORPORATION,Senior Engineering Manager,169000,"Santa Clara, CA",2026
AMAZON WEB SERVICES INC,Infrastructure Engineer,131000,"Seattle, WA",2024
TESLA INC,Systems Engineer,163000,"Austin, TX",2024
COGNIZANT TECHNOLOGY SOLUTIONS,Technical Lead,84000,"Teaneck, NJ",2024
WALMART GLOBAL TECH,Senior Product Manager,139000,"Bentonville, AR",2025
NVIDIA CORPORATION,Software Engineer,243000,"Sunnyvale, CA",2025
SERVICENOW INC,Machine Learning Engineer,168000,"Santa Clara, CA",2024
DOCUSIGN INC,Data Scientist,143000,"San Francisco, CA",2025
LINKEDIN CORPORATION,Security Engineer,146000,"Richmond, VA",2025
AMAZON WEB SERVICES INC,Systems Engineer,200000,"Jersey City, NJ",2026
DROPOBOX INC,Engineering Manager,161000,"San Francisco, CA",2024
ORACLE AMERICA INC,Senior Product Manager,173000,"Austin, TX",2024
CAPITAL ONE SERVICES LLC,Senior Product Manager,119000,"Austin, TX",2026
GOOGLE LLC,Database Administrator,211000,"Sacramento, CA",2025
SERVICENOW INC,Analytics Engineer,175000,"Santa Clara, CA",2026
IBM CORPORATION,AI Engineer,142000,"Armonk, NY",2025
SPLUNK INC,Senior Data Engineer,156000,"San Francisco, CA",2024
LINKEDIN CORPORATION,Data Engineer,168000,"Sunnyvale, CA",2024
GOOGLE LLC,Senior Software Engineer,201000,"Mountain View, CA",2024
PINTEREST INC,Site Reliability Engineer,142000,"San Francisco, CA",2024
WALMART GLOBAL TECH,Senior Software Engineer,145000,"Salt Lake City, UT",2025
SNAP INC,Network Engineer,155000,"Tampa, FL",2026
SPLUNK INC,Financial Analyst,186000,"San Francisco, CA",2026
SPLUNK INC,Technical Lead,171000,"Richmond, VA",2025
DROPOBOX INC,Research Scientist,133000,"San Francisco, CA",2025
ADOBE INC,Software Engineer,178000,"San Jose, CA",2025
JPMORGAN CHASE & CO,Data Engineer,147000,"Newark, NJ",2025
DOCUSIGN INC,Backend Engineer,148000,"Los Angeles, CA",2025
ADOBE INC,Senior DevOps Engineer,192000,"San Jose, CA",2026
JPMORGAN CHASE & CO,Research Scientist,104000,"New York, NY",2026
INFOSYS LIMITED,QA Engineer,93000,"Plano, TX",2024
TESLA INC,DevOps Engineer,151000,"Indianapolis, IN",2026
INTEL CORPORATION,Operations Research Analyst,131000,"Milwaukee, WI",2025
MICROSOFT CORPORATION,Senior Software Engineer,149000,"Redmond, WA",2024
CAPITAL ONE SERVICES LLC,Solutions Architect,120000,"Portland, OR",2024
AIRBNB INC,Senior Data Engineer,167000,"Chicago, IL",2024
PALANTIR TECHNOLOGIES,Systems Engineer,118000,"Denver, CO",2024
INFOSYS LIMITED,Technical Program Manager,89000,"Plano, TX",2026
GOOGLE LLC,Systems Engineer,196000,"Mountain View, CA",2024
DATADOG INC,Machine Learning Engineer,177000,"New York, NY",2024
LINKEDIN CORPORATION,UX Engineer,146000,"Sunnyvale, CA",2024
SALESFORCE INC,Compliance Analyst,147000,"San Francisco, CA",2025
TWITTER INC,Big Data Engineer,130000,"San Francisco, CA",2024
SNAP INC,SDET,152000,"Santa Monica, CA",2026
NVIDIA CORPORATION,Big Data Engineer,176000,"Richmond, VA",2026
CAPITAL ONE SERVICES LLC,Operations Research Analyst,99000,"McLean, VA",2026
VMWARE LLC,Technical Program Manager,176000,"Palo Alto, CA",2024
META PLATFORMS INC,Senior Product Manager,166000,"Menlo Park, CA",2024
GOOGLE LLC,Product Manager,198000,"Mountain View, CA",2025
LINKEDIN CORPORATION,Technical Program Manager,201000,"Sunnyvale, CA",2024
TWITTER INC,Big Data Engineer,154000,"McLean, VA",2024
WORKDAY INC,Operations Research Analyst,134000,"Pleasanton, CA",2026
CAPITAL ONE SERVICES LLC,Backend Engineer,151000,"McLean, VA",2024
ORACLE AMERICA INC,Senior Engineering Manager,158000,"Austin, TX",2024
AMAZON COM SERVICES LLC,Machine Learning Engineer,154000,"Seattle, WA",2025
SQUARE INC,Research Scientist,169000,"Phoenix, AZ",2024
SERVICENOW INC,UX Engineer,112000,"Arlington, VA",2025
WORKDAY INC,Site Reliability Engineer,129000,"Kansas City, MO",2025
DATADOG INC,Infrastructure Engineer,151000,"New York, NY",2026
INTEL CORPORATION,UX Engineer,169000,"Tampa, FL",2024
WORKDAY INC,Financial Analyst,121000,"San Jose, CA",2026
INTEL CORPORATION,Staff Software Engineer,161000,"Santa Clara, CA",2026
WALMART GLOBAL TECH,Systems Engineer,92000,"Bentonville, AR",2024
INTEL CORPORATION,Operations Research Analyst,170000,"Santa Clara, CA",2025
AMAZON WEB SERVICES INC,Site Reliability Engineer,193000,"Seattle, WA",2025
CAPITAL ONE SERVICES LLC,Data Engineer,109000,"Charlotte, NC",2024
AMAZON WEB SERVICES INC,QA Engineer,158000,"Seattle, WA",2026
SALESFORCE INC,SRE,192000,"San Francisco, CA",2024
DOCUSIGN INC,Senior Product Manager,129000,"Tampa, FL",2025
SNAP INC,Frontend Engineer,165000,"Santa Monica, CA",2026
SNAP INC,Infrastructure Engineer,162000,"Bellevue, WA",2025
CAPITAL ONE SERVICES LLC,Network Engineer,101000,"Chicago, IL",2026
INFOSYS LIMITED,Product Manager,97000,"Indianapolis, IN",2025
DOCUSIGN INC,Senior Engineering Manager,155000,"Austin, TX",2024
AMAZON WEB SERVICES INC,Backend Engineer,194000,"Richmond, VA",2026
UBER TECHNOLOGIES INC,Senior Product Manager,175000,"San Francisco, CA",2025
DATADOG INC,Operations Research Analyst,159000,"New York, NY",2026
GOLDMAN SACHS & CO LLC,QA Engineer,118000,"New York, NY",2024
INFOSYS LIMITED,Research Scientist,109000,"Detroit, MI",2024
ADOBE INC,Site Reliability Engineer,139000,"Redmond, WA",2025
PINTEREST INC,Compliance Analyst,171000,"San Francisco, CA",2024
TATA CONSULTANCY SERVICES,SDET,73000,"Philadelphia, PA",2025
TWITTER INC,Solutions Architect,162000,"San Francisco, CA",2026
WORKDAY INC,Senior Engineering Manager,153000,"Pleasanton, CA",2026
NVIDIA CORPORATION,Senior Software Engineer,209000,"Santa Clara, CA",2024
TATA CONSULTANCY SERVICES,Backend Engineer,63000,"Bridgewater, NJ",2024
DROPOBOX INC,Full Stack Engineer,132000,"San Francisco, CA",2024
DATADOG INC,Solutions Architect,186000,"Reston, VA",2026
SERVICENOW INC,Data Engineer,140000,"Santa Clara, CA",2026
INTEL CORPORATION,Machine Learning Engineer,127000,"Santa Clara, CA",2025
DELOITTE CONSULTING LLP,Systems Engineer,137000,"New York, NY",2026
VMWARE LLC,Software Engineer,153000,"Alpharetta, GA",2025
GOLDMAN SACHS & CO LLC,Full Stack Engineer,127000,"Sunnyvale, CA",2025
INFOSYS LIMITED,Backend Engineer,83000,"Bridgewater, NJ",2025
AMAZON COM SERVICES LLC,Technical Lead,178000,"Seattle, WA",2024
DOCUSIGN INC,Data Scientist,136000,"San Francisco, CA",2026
WALMART GLOBAL TECH,Compliance Analyst,115000,"Bentonville, AR",2025
LINKEDIN CORPORATION,Software Engineer,143000,"Bentonville, AR",2025
IBM CORPORATION,Frontend Engineer,158000,"Armonk, NY",2025
SNAP INC,Frontend Engineer,154000,"Philadelphia, PA",2024
AMAZON WEB SERVICES INC,Infrastructure Engineer,187000,"Seattle, WA",2025
WORKDAY INC,UX Engineer,137000,"San Diego, CA",2024
CAPITAL ONE SERVICES LLC,Business Intelligence Engineer,155000,"McLean, VA",2025
SQUARE INC,AI Engineer,163000,"Sacramento, CA",2024
AMAZON COM SERVICES LLC,Applied Scientist,191000,"Seattle, WA",2026
SERVICENOW INC,Compliance Analyst,151000,"Santa Clara, CA",2024
INTEL CORPORATION,Data Scientist,152000,"Ann Arbor, MI",2025
UBER TECHNOLOGIES INC,Compliance Analyst,154000,"San Francisco, CA",2024
AIRBNB INC,SRE,184000,"San Francisco, CA",2025
GOLDMAN SACHS & CO LLC,AI Engineer,129000,"Cambridge, MA",2024
MICROSOFT CORPORATION,Analytics Engineer,165000,"Redmond, WA",2026
LINKEDIN CORPORATION,Cloud Engineer,197000,"Sunnyvale, CA",2026
INFOSYS LIMITED,Database Administrator,87000,"Sacramento, CA",2026
MICROSOFT CORPORATION,Network Engineer,138000,"Detroit, MI",2024
DATADOG INC,Network Engineer,153000,"Denver, CO",2025
PINTEREST INC,Backend Engineer,141000,"San Francisco, CA",2026
DATADOG INC,UX Engineer,192000,"New York, NY",2025
NVIDIA CORPORATION,Product Manager,205000,"Santa Clara, CA",2026
WALMART GLOBAL TECH,Engineering Manager,139000,"Bentonville, AR",2025
SPLUNK INC,Analytics Engineer,152000,"Dallas, TX",2024
ORACLE AMERICA INC,Data Scientist,136000,"Raleigh, NC",2025
TATA CONSULTANCY SERVICES,QA Engineer,81000,"Bridgewater, NJ",2024
SNAP INC,Staff Software Engineer,148000,"Miami, FL",2025
AIRBNB INC,Engineering Manager,195000,"San Francisco, CA",2026
UBER TECHNOLOGIES INC,Product Manager,179000,"San Francisco, CA",2025
TWITTER INC,Staff Software Engineer,179000,"San Francisco, CA",2024
SERVICENOW INC,Engineering Manager,166000,"Santa Clara, CA",2025
GOOGLE LLC,SDET,207000,"Mountain View, CA",2025
LINKEDIN CORPORATION,Compliance Analyst,164000,"Sunnyvale, CA",2026
ACCENTURE LLP,Staff Software Engineer,129000,"Chicago, IL",2024
META PLATFORMS INC,UX Engineer,196000,"Philadelphia, PA",2025
PINTEREST INC,Backend Engineer,140000,"Boston, MA",2025
DROPOBOX INC,Senior Product Manager,157000,"Boulder, CO",2025
ADOBE INC,Senior Engineering Manager,192000,"San Jose, CA",2025
UBER TECHNOLOGIES INC,Site Reliability Engineer,132000,"Atlanta, GA",2026
IBM CORPORATION,AI Engineer,148000,"Cupertino, CA",2025
META PLATFORMS INC,Infrastructure Engineer,164000,"Menlo Park, CA",2026
DOCUSIGN INC,Senior Data Scientist,141000,"San Francisco, CA",2026
AMAZON WEB SERVICES INC,SRE,202000,"Sacramento, CA",2026
AMAZON WEB SERVICES INC,Business Intelligence Engineer,173000,"Houston, TX",2024
VMWARE LLC,Engineering Manager,187000,"Palo Alto, CA",2026
TESLA INC,Solutions Architect,114000,"Austin, TX",2024
JPMORGAN CHASE & CO,Engineering Manager,132000,"New York, NY",2024
WALMART GLOBAL TECH,Analytics Engineer,146000,"Orlando, FL",2026
CAPITAL ONE SERVICES LLC,Machine Learning Engineer,113000,"McLean, VA",2026
STRIPE INC,Full Stack Engineer,162000,"Atlanta, GA",2026
NVIDIA CORPORATION,Data Scientist,146000,"San Francisco, CA",2025
SPLUNK INC,Technical Lead,152000,"San Francisco, CA",2024
SERVICENOW INC,Site Reliability Engineer,130000,"Santa Clara, CA",2024
SNAP INC,Frontend Engineer,170000,"Santa Monica, CA",2024
SNAP INC,Data Engineer,166000,"Santa Monica, CA",2026
IBM CORPORATION,Software Engineer,120000,"Armonk, NY",2024
WALMART GLOBAL TECH,Data Scientist,141000,"Bentonville, AR",2025
TESLA INC,Frontend Engineer,158000,"Chicago, IL",2026
SALESFORCE INC,Operations Research Analyst,194000,"San Francisco, CA",2024
AMAZON COM SERVICES LLC,Backend Engineer,133000,"Atlanta, GA",2026
DELOITTE CONSULTING LLP,Senior Data Engineer,106000,"New York, NY",2026
SPLUNK INC,Infrastructure Engineer,121000,"Mountain View, CA",2024
DROPOBOX INC,Infrastructure Engineer,152000,"San Francisco, CA",2026
AMAZON COM SERVICES LLC,Senior Software Engineer,159000,"Seattle, WA",2024
JPMORGAN CHASE & CO,Applied Scientist,107000,"New York, NY",2025
PINTEREST INC,Data Engineer,161000,"San Francisco, CA",2025
ORACLE AMERICA INC,Staff Software Engineer,145000,"Austin, TX",2026
SERVICENOW INC,Senior Engineering Manager,136000,"Santa Clara, CA",2026
IBM CORPORATION,Applied Scientist,124000,"Minneapolis, MN",2025
WALMART GLOBAL TECH,Engineering Manager,140000,"Bentonville, AR",2025
LINKEDIN CORPORATION,Analytics Engineer,133000,"Charlotte, NC",2024
NVIDIA CORPORATION,SRE,208000,"Arlington, VA",2024
SPLUNK INC,Senior DevOps Engineer,180000,"Boulder, CO",2025
DATADOG INC,Machine Learning Engineer,134000,"Denver, CO",2026
PALANTIR TECHNOLOGIES,Software Engineer,154000,"Detroit, MI",2024
SALESFORCE INC,Financial Analyst,142000,"San Francisco, CA",2024
AMAZON COM SERVICES LLC,Senior DevOps Engineer,167000,"Detroit, MI",2026
SQUARE INC,Solutions Architect,154000,"Boston, MA",2024
WORKDAY INC,Applied Scientist,168000,"Palo Alto, CA",2025
ZOOM VIDEO COMMUNICATIONS,Machine Learning Engineer,140000,"Milwaukee, WI",2024
ADOBE INC,Technical Lead,191000,"San Jose, CA",2024
PALANTIR TECHNOLOGIES,SDET,171000,"Denver, CO",2025
SPLUNK INC,Solutions Architect,158000,"Detroit, MI",2025
TWITTER INC,Senior Software Engineer,151000,"San Francisco, CA",2024
DATADOG INC,Frontend Engineer,180000,"New York, NY",2026
LINKEDIN CORPORATION,Senior DevOps Engineer,182000,"Sunnyvale, CA",2025
COGNIZANT TECHNOLOGY SOLUTIONS,AI Engineer,98000,"Sunnyvale, CA",2025
ORACLE AMERICA INC,Staff Software Engineer,130000,"Nashville, TN",2024
ORACLE AMERICA INC,Solutions Architect,127000,"Austin, TX",2026
GOOGLE LLC,Network Engineer,167000,"Columbus, OH",2026
APPLE INC,Financial Analyst,171000,"Cupertino, CA",2026
WORKDAY INC,Senior DevOps Engineer,133000,"Pleasanton, CA",2026
DATADOG INC,Security Engineer,136000,"New York, NY",2025
TATA CONSULTANCY SERVICES,Technical Lead,102000,"Palo Alto, CA",2024
SNAP INC,Network Engineer,139000,"Santa Monica, CA",2026
TWITTER INC,Platform Engineer,121000,"San Francisco, CA",2026
GOOGLE LLC,Senior Data Scientist,196000,"Mountain View, CA",2024
SPLUNK INC,Staff Software Engineer,151000,"San Francisco, CA",2026
LINKEDIN CORPORATION,Senior DevOps Engineer,153000,"San Diego, CA",2026
APPLE INC,Platform Engineer,202000,"Philadelphia, PA",2024
STRIPE INC,Senior Engineering Manager,200000,"South San Francisco, CA",2026
WALMART GLOBAL TECH,Data Engineer,105000,"Bentonville, AR",2026
ORACLE AMERICA INC,Research Scientist,172000,"Columbus, OH",2024
ADOBE INC,Backend Engineer,179000,"San Jose, CA",2026
CAPITAL ONE SERVICES LLC,SDET,108000,"Pittsburgh, PA",2024
SQUARE INC,QA Engineer,137000,"Miami, FL",2024
AMAZON COM SERVICES LLC,Applied Scientist,164000,"Houston, TX",2025
CAPITAL ONE SERVICES LLC,Senior Product Manager,143000,"McLean, VA",2026
ORACLE AMERICA INC,Solutions Architect,111000,"St. Louis, MO",2024
AMAZON COM SERVICES LLC,Senior Product Manager,178000,"Seattle, WA",2024
WALMART GLOBAL TECH,Senior Data Scientist,112000,"Bentonville, AR",2025
WORKDAY INC,Business Intelligence Engineer,143000,"Pleasanton, CA",2025
DELOITTE CONSULTING LLP,UX Engineer,132000,"Portland, OR",2026
ZOOM VIDEO COMMUNICATIONS,QA Engineer,151000,"Austin, TX",2026
IBM CORPORATION,Senior Data Engineer,151000,"Armonk, NY",2025
LINKEDIN CORPORATION,Frontend Engineer,141000,"Sunnyvale, CA",2026
ACCENTURE LLP,Senior Product Manager,104000,"Chicago, IL",2024
AMAZON WEB SERVICES INC,Engineering Manager,181000,"Schaumburg, IL",2026
INFOSYS LIMITED,Big Data Engineer,82000,"Plano, TX",2025
GOLDMAN SACHS & CO LLC,Site Reliability Engineer,117000,"New York, NY",2026
MICROSOFT CORPORATION,Frontend Engineer,180000,"Redmond, WA",2024
ORACLE AMERICA INC,Senior Data Engineer,143000,"Austin, TX",2026
SERVICENOW INC,Product Manager,155000,"Santa Clara, CA",2025
SERVICENOW INC,Platform Engineer,118000,"Santa Clara, CA",2024
INTEL CORPORATION,Big Data Engineer,148000,"Alpharetta, GA",2026
WALMART GLOBAL TECH,SRE,92000,"Bentonville, AR",2024
PALANTIR TECHNOLOGIES,Compliance Analyst,168000,"Denver, CO",2024
LINKEDIN CORPORATION,UX Engineer,156000,"Sunnyvale, CA",2024
APPLE INC,AI Engineer,141000,"Cupertino, CA",2026
AMAZON COM SERVICES LLC,Technical Program Manager,177000,"Seattle, WA",2025
SPLUNK INC,Compliance Analyst,167000,"Palo Alto, CA",2025
NVIDIA CORPORATION,Financial Analyst,164000,"Santa Clara, CA",2025
DELOITTE CONSULTING LLP,Operations Research Analyst,130000,"New York, NY",2025
NETFLIX INC,Platform Engineer,262000,"Los Gatos, CA",2026
MICROSOFT CORPORATION,Engineering Manager,177000,"Redmond, WA",2026
CAPITAL ONE SERVICES LLC,Site Reliability Engineer,137000,"St. Louis, MO",2024
META PLATFORMS INC,Senior Product Manager,209000,"Reston, VA",2024
VMWARE LLC,Infrastructure Engineer,116000,"Palo Alto, CA",2026
DELOITTE CONSULTING LLP,Product Manager,137000,"New York, NY",2024
TWITTER INC,Senior Data Engineer,191000,"Cambridge, MA",2025
INTEL CORPORATION,Systems Engineer,124000,"Santa Clara, CA",2025
NVIDIA CORPORATION,Data Engineer,232000,"Dallas, TX",2026
TATA CONSULTANCY SERVICES,Backend Engineer,64000,"Austin, TX",2025
CAPITAL ONE SERVICES LLC,Senior Data Engineer,155000,"Mountain View, CA",2025
INTEL CORPORATION,Research Scientist,166000,"Houston, TX",2025
JPMORGAN CHASE & CO,Business Intelligence Engineer,162000,"New York, NY",2024
SNAP INC,Infrastructure Engineer,187000,"Pittsburgh, PA",2026
ORACLE AMERICA INC,Senior Data Scientist,148000,"Austin, TX",2024
SNAP INC,Security Engineer,171000,"Santa Monica, CA",2026
SERVICENOW INC,DevOps Engineer,123000,"Santa Clara, CA",2024
SALESFORCE INC,SRE,184000,"San Francisco, CA",2025
ACCENTURE LLP,Senior Engineering Manager,132000,"Chicago, IL",2026
META PLATFORMS INC,QA Engineer,138000,"Menlo Park, CA",2024
CAPITAL ONE SERVICES LLC,Senior Product Manager,139000,"Sunnyvale, CA",2024
AIRBNB INC,Data Scientist,133000,"San Francisco, CA",2025
DOCUSIGN INC,Site Reliability Engineer,139000,"Bridgewater, NJ",2025
LINKEDIN CORPORATION,Senior Software Engineer,155000,"Sunnyvale, CA",2025
WORKDAY INC,SDET,132000,"Pleasanton, CA",2025
ADOBE INC,Senior Data Engineer,176000,"Boulder, CO",2024
PINTEREST INC,Senior Software Engineer,187000,"Denver, CO",2025
APPLE INC,Senior DevOps Engineer,160000,"Cupertino, CA",2024
VMWARE LLC,Security Engineer,164000,"Palo Alto, CA",2024
LINKEDIN CORPORATION,SDET,192000,"Sunnyvale, CA",2025
GOLDMAN SACHS & CO LLC,Backend Engineer,164000,"New York, NY",2024
ADOBE INC,Full Stack Engineer,186000,"San Jose, CA",2026
AIRBNB INC,Compliance Analyst,148000,"Chicago, IL",2025
UBER TECHNOLOGIES INC,Security Engineer,162000,"San Francisco, CA",2024
AMAZON COM SERVICES LLC,QA Engineer,196000,"Seattle, WA",2024
STRIPE INC,Senior Software Engineer,195000,"South San Francisco, CA",2025
AMAZON WEB SERVICES INC,Research Scientist,154000,"Seattle, WA",2026
TESLA INC,DevOps Engineer,161000,"Alpharetta, GA",2024
STRIPE INC,Site Reliability Engineer,186000,"South San Francisco, CA",2026
GOOGLE LLC,Product Manager,167000,"Mountain View, CA",2025
PINTEREST INC,Solutions Architect,172000,"San Francisco, CA",2024
CAPITAL ONE SERVICES LLC,Analytics Engineer,127000,"McLean, VA",2025
PINTEREST INC,SRE,127000,"Arlington, VA",2026
UBER TECHNOLOGIES INC,SDET,188000,"San Francisco, CA",2024
TESLA INC,Senior Product Manager,145000,"Pittsburgh, PA",2025
COGNIZANT TECHNOLOGY SOLUTIONS,Senior Engineering Manager,87000,"Teaneck, NJ",2024
ORACLE AMERICA INC,Senior Data Scientist,151000,"Austin, TX",2025
LINKEDIN CORPORATION,Senior Software Engineer,197000,"Sunnyvale, CA",2026
TATA CONSULTANCY SERVICES,Senior DevOps Engineer,82000,"Bridgewater, NJ",2024
SERVICENOW INC,QA Engineer,147000,"Santa Clara, CA",2024
IBM CORPORATION,Senior Engineering Manager,116000,"Columbus, OH",2025
SERVICENOW INC,SRE,121000,"Santa Clara, CA",2024
SQUARE INC,Database Administrator,117000,"San Francisco, CA",2024
VMWARE LLC,Backend Engineer,131000,"Richmond, VA",2025
TWITTER INC,Security Engineer,145000,"San Francisco, CA",2026
ZOOM VIDEO COMMUNICATIONS,Infrastructure Engineer,170000,"Bridgewater, NJ",2026
JPMORGAN CHASE & CO,QA Engineer,165000,"Nashville, TN",2026
PALANTIR TECHNOLOGIES,Cloud Engineer,182000,"Denver, CO",2025
STRIPE INC,Operations Research Analyst,156000,"South San Francisco, CA",2025
DOCUSIGN INC,AI Engineer,157000,"San Francisco, CA",2025
META PLATFORMS INC,Staff Software Engineer,171000,"Kansas City, MO",2026
VMWARE LLC,Technical Program Manager,142000,"Tampa, FL",2025
SPLUNK INC,Site Reliability Engineer,188000,"Denver, CO",2026
ADOBE INC,Database Administrator,134000,"San Jose, CA",2024
GOOGLE LLC,Machine Learning Engineer,215000,"Mountain View, CA",2024
COGNIZANT TECHNOLOGY SOLUTIONS,Machine Learning Engineer,84000,"Teaneck, NJ",2026
SNAP INC,Senior Software Engineer,170000,"Richmond, VA",2024
GOLDMAN SACHS & CO LLC,Big Data Engineer,184000,"New York, NY",2024
AMAZON WEB SERVICES INC,Operations Research Analyst,141000,"Seattle, WA",2026
DOCUSIGN INC,Business Intelligence Engineer,175000,"Brooklyn, NY",2025
IBM CORPORATION,Applied Scientist,143000,"Armonk, NY",2024
SALESFORCE INC,Machine Learning Engineer,137000,"Sunnyvale, CA",2024
JPMORGAN CHASE & CO,Systems Engineer,132000,"New York, NY",2026
JPMORGAN CHASE & CO,SRE,135000,"New York, NY",2024
STRIPE INC,Technical Lead,206000,"South San Francisco, CA",2026
MICROSOFT CORPORATION,UX Engineer,179000,"Redmond, WA",2025
TESLA INC,Technical Program Manager,172000,"St. Louis, MO",2026
AIRBNB INC,DevOps Engineer,163000,"San Francisco, CA",2026
AMAZON COM SERVICES LLC,Senior Data Scientist,187000,"Seattle, WA",2026
MICROSOFT CORPORATION,Senior Product Manager,159000,"Redmond, WA",2024
INFOSYS LIMITED,Operations Research Analyst,80000,"Plano, TX",2026
COGNIZANT TECHNOLOGY SOLUTIONS,Security Engineer,86000,"Teaneck, NJ",2025
SALESFORCE INC,Senior Data Scientist,162000,"San Francisco, CA",2024
VMWARE LLC,DevOps Engineer,117000,"Palo Alto, CA",2026
JPMORGAN CHASE & CO,Operations Research Analyst,107000,"New York, NY",2026
DATADOG INC,Technical Program Manager,150000,"Jersey City, NJ",2024
TESLA INC,Senior Product Manager,162000,"Austin, TX",2026
PALANTIR TECHNOLOGIES,Cloud Engineer,170000,"Los Angeles, CA",2025
NVIDIA CORPORATION,Software Engineer,213000,"Santa Clara, CA",2026
ACCENTURE LLP,Technical Lead,137000,"Chicago, IL",2024
SQUARE INC,Senior Engineering Manager,168000,"Philadelphia, PA",2025
NVIDIA CORPORATION,Systems Engineer,228000,"Santa Clara, CA",2026
AIRBNB INC,Research Scientist,175000,"San Francisco, CA",2026
STRIPE INC,Network Engineer,168000,"Redmond, WA",2024
SALESFORCE INC,Frontend Engineer,143000,"San Francisco, CA",2025
SPLUNK INC,Senior DevOps Engineer,174000,"San Francisco, CA",2026
UBER TECHNOLOGIES INC,Solutions Architect,159000,"San Francisco, CA",2026
AMAZON COM SERVICES LLC,Software Engineer,139000,"San Francisco, CA",2026
TWITTER INC,Full Stack Engineer,151000,"San Francisco, CA",2026
APPLE INC,Technical Program Manager,178000,"Cupertino, CA",2025
INTEL CORPORATION,Full Stack Engineer,148000,"Nashville, TN",2025
INFOSYS LIMITED,Research Scientist,102000,"Cambridge, MA",2024
SPLUNK INC,Data Scientist,130000,"Sunnyvale, CA",2025
AMAZON COM SERVICES LLC,UX Engineer,125000,"Seattle, WA",2026
GOLDMAN SACHS & CO LLC,AI Engineer,114000,"New York, NY",2025
NVIDIA CORPORATION,Machine Learning Engineer,245000,"Santa Clara, CA",2026
NVIDIA CORPORATION,AI Engineer,148000,"Santa Clara, CA",2025
TWITTER INC,Software Engineer,165000,"San Francisco, CA",2025
ACCENTURE LLP,Full Stack Engineer,90000,"Chicago, IL",2025
LINKEDIN CORPORATION,Staff Software Engineer,167000,"Seattle, WA",2025
ACCENTURE LLP,Data Scientist,124000,"Chicago, IL",2025
TESLA INC,SDET,122000,"Austin, TX",2026
JPMORGAN CHASE & CO,Research Scientist,150000,"New York, NY",2026
INFOSYS LIMITED,Database Administrator,89000,"Tempe, AZ",2024
NETFLIX INC,AI Engineer,327000,"Los Gatos, CA",2026
INTEL CORPORATION,Solutions Architect,148000,"Palo Alto, CA",2025
SERVICENOW INC,Backend Engineer,158000,"Santa Clara, CA",2024
SERVICENOW INC,Backend Engineer,141000,"Bentonville, AR",2025
CAPITAL ONE SERVICES LLC,Operations Research Analyst,97000,"Plano, TX",2026
AMAZON COM SERVICES LLC,Business Intelligence Engineer,163000,"Bridgewater, NJ",2024
ADOBE INC,Analytics Engineer,137000,"San Jose, CA",2025
STRIPE INC,Staff Software Engineer,195000,"South San Francisco, CA",2025
PINTEREST INC,Solutions Architect,173000,"Tampa, FL",2026
NETFLIX INC,UX Engineer,255000,"Miami, FL",2025
WALMART GLOBAL TECH,Systems Engineer,119000,"Baltimore, MD",2026
VMWARE LLC,Site Reliability Engineer,156000,"Palo Alto, CA",2024
GOLDMAN SACHS & CO LLC,SRE,117000,"New York, NY",2026
CAPITAL ONE SERVICES LLC,Compliance Analyst,98000,"Richmond, VA",2024
PALANTIR TECHNOLOGIES,Senior Data Scientist,134000,"Los Angeles, CA",2026
DOCUSIGN INC,Operations Research Analyst,126000,"Brooklyn, NY",2024
ADOBE INC,Analytics Engineer,158000,"San Jose, CA",2026
CAPITAL ONE SERVICES LLC,Platform Engineer,107000,"Indianapolis, IN",2024
PINTEREST INC,Infrastructure Engineer,154000,"Mountain View, CA",2025
ADOBE INC,Infrastructure Engineer,130000,"San Jose, CA",2026
NVIDIA CORPORATION,Frontend Engineer,153000,"Plano, TX",2026
SERVICENOW INC,Full Stack Engineer,173000,"Newark, NJ",2026
UBER TECHNOLOGIES INC,Big Data Engineer,157000,"San Francisco, CA",2024
ORACLE AMERICA INC,Senior Software Engineer,169000,"Austin, TX",2024
NETFLIX INC,Site Reliability Engineer,283000,"Salt Lake City, UT",2026
ZOOM VIDEO COMMUNICATIONS,Big Data Engineer,172000,"Jersey City, NJ",2026
SALESFORCE INC,Network Engineer,141000,"San Francisco, CA",2025
LINKEDIN CORPORATION,Senior Data Engineer,178000,"Sunnyvale, CA",2025
TESLA INC,SRE,121000,"Austin, TX",2026
VMWARE LLC,Data Scientist,145000,"Palo Alto, CA",2025
AIRBNB INC,Full Stack Engineer,200000,"Bellevue, WA",2026
DATADOG INC,Network Engineer,142000,"New York, NY",2025
SNAP INC,Applied Scientist,163000,"Schaumburg, IL",2025
STRIPE INC,Senior Software Engineer,182000,"South San Francisco, CA",2026
INTEL CORPORATION,Operations Research Analyst,128000,"Santa Clara, CA",2026
NETFLIX INC,Engineering Manager,232000,"Richmond, VA",2024
GOOGLE LLC,AI Engineer,207000,"Mountain View, CA",2024
ADOBE INC,Database Administrator,184000,"San Jose, CA",2025
DELOITTE CONSULTING LLP,Technical Lead,130000,"Sunnyvale, CA",2026
SNAP INC,UX Engineer,171000,"Newark, NJ",2024
AMAZON COM SERVICES LLC,Applied Scientist,129000,"Atlanta, GA",2024
NETFLIX INC,Senior Engineering Manager,318000,"Los Gatos, CA",2026
NVIDIA CORPORATION,Security Engineer,178000,"Santa Clara, CA",2026
JPMORGAN CHASE & CO,Compliance Analyst,109000,"Mountain View, CA",2024
DOCUSIGN INC,Machine Learning Engineer,110000,"San Francisco, CA",2026
PINTEREST INC,SDET,146000,"San Francisco, CA",2024
ZOOM VIDEO COMMUNICATIONS,Database Administrator,183000,"San Jose, CA",2024
AMAZON COM SERVICES LLC,Security Engineer,188000,"Salt Lake City, UT",2024
NVIDIA CORPORATION,Data Scientist,217000,"Santa Clara, CA",2024
JPMORGAN CHASE & CO,Data Engineer,149000,"Boston, MA",2024
PALANTIR TECHNOLOGIES,Senior Software Engineer,170000,"Denver, CO",2026
SERVICENOW INC,Business Intelligence Engineer,138000,"Santa Clara, CA",2025
NETFLIX INC,Machine Learning Engineer,287000,"Los Gatos, CA",2025
NETFLIX INC,Product Manager,223000,"Tampa, FL",2026
INTEL CORPORATION,Data Scientist,155000,"Santa Clara, CA",2025
COGNIZANT TECHNOLOGY SOLUTIONS,Senior Data Scientist,86000,"Teaneck, NJ",2026
PALANTIR TECHNOLOGIES,Network Engineer,185000,"Denver, CO",2024
TWITTER INC,Technical Program Manager,142000,"San Francisco, CA",2026
DELOITTE CONSULTING LLP,Senior Engineering Manager,119000,"New York, NY",2026
COGNIZANT TECHNOLOGY SOLUTIONS,Engineering Manager,87000,"Teaneck, NJ",2024
PINTEREST INC,UX Engineer,183000,"San Francisco, CA",2025
UBER TECHNOLOGIES INC,Product Manager,162000,"Baltimore, MD",2025
PALANTIR TECHNOLOGIES,Network Engineer,156000,"Detroit, MI",2025
TESLA INC,Database Administrator,121000,"Bentonville, AR",2025
STRIPE INC,Full Stack Engineer,202000,"South San Francisco, CA",2024
NETFLIX INC,Financial Analyst,244000,"Los Gatos, CA",2026
AIRBNB INC,Research Scientist,128000,"San Francisco, CA",2025
TATA CONSULTANCY SERVICES,Data Scientist,72000,"Alpharetta, GA",2024
DELOITTE CONSULTING LLP,Senior DevOps Engineer,109000,"New York, NY",2025
CAPITAL ONE SERVICES LLC,SDET,148000,"Minneapolis, MN",2025
INFOSYS LIMITED,UX Engineer,87000,"Cupertino, CA",2024
LINKEDIN CORPORATION,Research Scientist,205000,"Boulder, CO",2026
IBM CORPORATION,Research Scientist,143000,"Detroit, MI",2025
LINKEDIN CORPORATION,Compliance Analyst,150000,"Sunnyvale, CA",2025
DOCUSIGN INC,Site Reliability Engineer,135000,"Dallas, TX",2026
SNAP INC,QA Engineer,179000,"Alpharetta, GA",2024
ORACLE AMERICA INC,Operations Research Analyst,143000,"Austin, TX",2026
IBM CORPORATION,Research Scientist,136000,"Armonk, NY",2024
WALMART GLOBAL TECH,Senior DevOps Engineer,138000,"Bentonville, AR",2026
PINTEREST INC,Security Engineer,193000,"San Francisco, CA",2025
TESLA INC,Technical Program Manager,150000,"Austin, TX",2026
PALANTIR TECHNOLOGIES,Operations Research Analyst,156000,"Denver, CO",2026
NETFLIX INC,Operations Research Analyst,282000,"Los Gatos, CA",2025
LINKEDIN CORPORATION,Research Scientist,154000,"Sunnyvale, CA",2026
GOOGLE LLC,Database Administrator,165000,"Phoenix, AZ",2024
META PLATFORMS INC,Solutions Architect,148000,"Chicago, IL",2024
COGNIZANT TECHNOLOGY SOLUTIONS,SRE,91000,"Mountain View, CA",2026
ACCENTURE LLP,Site Reliability Engineer,88000,"Austin, TX",2024
DATADOG INC,SDET,153000,"Boston, MA",2025
GOLDMAN SACHS & CO LLC,Infrastructure Engineer,140000,"New York, NY",2026
DOCUSIGN INC,UX Engineer,129000,"Cambridge, MA",2025
PINTEREST INC,AI Engineer,182000,"Phoenix, AZ",2024
INTEL CORPORATION,Data Scientist,173000,"Alpharetta, GA",2026
MICROSOFT CORPORATION,SRE,162000,"Redmond, WA",2024
GOOGLE LLC,Database Administrator,155000,"Mountain View, CA",2024
WORKDAY INC,Senior Engineering Manager,174000,"San Francisco, CA",2024
TESLA INC,Analytics Engineer,163000,"Tempe, AZ",2024
DELOITTE CONSULTING LLP,Engineering Manager,123000,"New York, NY",2026
DOCUSIGN INC,Site Reliability Engineer,133000,"San Francisco, CA",2025
AIRBNB INC,Backend Engineer,150000,"San Francisco, CA",2024
ACCENTURE LLP,Cloud Engineer,97000,"San Diego, CA",2024
DELOITTE CONSULTING LLP,SDET,123000,"Jersey City, NJ",2026
WALMART GLOBAL TECH,Frontend Engineer,126000,"Pittsburgh, PA",2024
ZOOM VIDEO COMMUNICATIONS,SRE,133000,"San Jose, CA",2025
JPMORGAN CHASE & CO,Database Administrator,151000,"New York, NY",2025
WALMART GLOBAL TECH,Senior Engineering Manager,116000,"Milwaukee, WI",2026
PINTEREST INC,Senior Engineering Manager,161000,"New York, NY",2025
VMWARE LLC,Senior Product Manager,136000,"Sacramento, CA",2024
ORACLE AMERICA INC,UX Engineer,155000,"Austin, TX",2025
APPLE INC,SRE,193000,"Cupertino, CA",2024
ADOBE INC,Frontend Engineer,190000,"San Jose, CA",2025
TESLA INC,Database Administrator,161000,"Austin, TX",2025
SPLUNK INC,Product Manager,193000,"Bridgewater, NJ",2026
DROPOBOX INC,Database Administrator,131000,"San Francisco, CA",2025
ORACLE AMERICA INC,QA Engineer,142000,"Austin, TX",2026
TATA CONSULTANCY SERVICES,Infrastructure Engineer,73000,"Bridgewater, NJ",2024
ORACLE AMERICA INC,Infrastructure Engineer,109000,"Miami, FL",2026
APPLE INC,Senior Product Manager,182000,"Cupertino, CA",2024
SPLUNK INC,Machine Learning Engineer,153000,"Plano, TX",2025
ZOOM VIDEO COMMUNICATIONS,Frontend Engineer,183000,"San Jose, CA",2024
ORACLE AMERICA INC,Technical Program Manager,163000,"Bridgewater, NJ",2026
META PLATFORMS INC,Senior DevOps Engineer,194000,"Richmond, VA",2025
ACCENTURE LLP,DevOps Engineer,82000,"Chicago, IL",2026
DATADOG INC,QA Engineer,153000,"San Jose, CA",2024
COGNIZANT TECHNOLOGY SOLUTIONS,Senior DevOps Engineer,107000,"Charlotte, NC",2026
TWITTER INC,Business Intelligence Engineer,148000,"San Francisco, CA",2025
ADOBE INC,Backend Engineer,166000,"San Jose, CA",2024
MICROSOFT CORPORATION,Platform Engineer,161000,"Schaumburg, IL",2026
ACCENTURE LLP,Frontend Engineer,88000,"Redmond, WA",2026
DELOITTE CONSULTING LLP,Senior DevOps Engineer,139000,"Minneapolis, MN",2025
TATA CONSULTANCY SERVICES,Backend Engineer,96000,"Bridgewater, NJ",2024
DOCUSIGN INC,Senior Data Engineer,131000,"Atlanta, GA",2024
DELOITTE CONSULTING LLP,Engineering Manager,138000,"New York, NY",2025
CAPITAL ONE SERVICES LLC,Database Administrator,128000,"McLean, VA",2026
JPMORGAN CHASE & CO,Site Reliability Engineer,149000,"Cambridge, MA",2024
JPMORGAN CHASE & CO,Engineering Manager,127000,"New York, NY",2025
AIRBNB INC,SRE,149000,"San Francisco, CA",2024
WORKDAY INC,Security Engineer,155000,"Portland, OR",2025
PALANTIR TECHNOLOGIES,QA Engineer,167000,"Denver, CO",2025
PINTEREST INC,Data Engineer,144000,"Alpharetta, GA",2025
VMWARE LLC,Research Scientist,138000,"Palo Alto, CA",2026
COGNIZANT TECHNOLOGY SOLUTIONS,QA Engineer,95000,"Teaneck, NJ",2026
IBM CORPORATION,AI Engineer,115000,"Armonk, NY",2026
DOCUSIGN INC,Senior Data Engineer,155000,"San Francisco, CA",2025
GOOGLE LLC,UX Engineer,181000,"Los Angeles, CA",2025
PINTEREST INC,Senior Engineering Manager,151000,"San Francisco, CA",2026
SERVICENOW INC,DevOps Engineer,177000,"Baltimore, MD",2026
PINTEREST INC,Compliance Analyst,154000,"San Francisco, CA",2025
AMAZON COM SERVICES LLC,Senior Product Manager,174000,"Charlotte, NC",2024
IBM CORPORATION,Product Manager,158000,"Orlando, FL",2025
PINTEREST INC,DevOps Engineer,191000,"San Francisco, CA",2026
TESLA INC,Solutions Architect,156000,"Austin, TX",2024
MICROSOFT CORPORATION,UX Engineer,191000,"Redmond, WA",2026
ADOBE INC,Product Manager,140000,"Palo Alto, CA",2026
ORACLE AMERICA INC,Financial Analyst,149000,"Austin, TX",2026
WALMART GLOBAL TECH,Data Scientist,104000,"Ann Arbor, MI",2024
NETFLIX INC,DevOps Engineer,312000,"Alpharetta, GA",2025
MICROSOFT CORPORATION,Site Reliability Engineer,178000,"Redmond, WA",2026
NETFLIX INC,Site Reliability Engineer,284000,"Los Gatos, CA",2025
LINKEDIN CORPORATION,Big Data Engineer,142000,"Bellevue, WA",2026
ZOOM VIDEO COMMUNICATIONS,Solutions Architect,155000,"San Jose, CA",2026
DOCUSIGN INC,Senior Software Engineer,140000,"San Francisco, CA",2025
COGNIZANT TECHNOLOGY SOLUTIONS,UX Engineer,102000,"Teaneck, NJ",2024
TATA CONSULTANCY SERVICES,Senior Data Scientist,94000,"New York, NY",2026
COGNIZANT TECHNOLOGY SOLUTIONS,Cloud Engineer,74000,"Teaneck, NJ",2024
DELOITTE CONSULTING LLP,Data Scientist,106000,"New York, NY",2025
AMAZON WEB SERVICES INC,Solutions Architect,197000,"Seattle, WA",2025
NETFLIX INC,Cloud Engineer,308000,"Cupertino, CA",2026
TWITTER INC,SRE,124000,"San Francisco, CA",2024
TESLA INC,Security Engineer,172000,"Austin, TX",2024
NETFLIX INC,Cloud Engineer,224000,"Mountain View, CA",2024
AMAZON COM SERVICES LLC,Data Scientist,143000,"Seattle, WA",2026
SERVICENOW INC,Software Engineer,145000,"Santa Clara, CA",2026
DOCUSIGN INC,SDET,113000,"San Francisco, CA",2025
DELOITTE CONSULTING LLP,Backend Engineer,141000,"New York, NY",2026
INTEL CORPORATION,Systems Engineer,119000,"Santa Clara, CA",2025
COGNIZANT TECHNOLOGY SOLUTIONS,DevOps Engineer,79000,"Atlanta, GA",2025
SALESFORCE INC,Big Data Engineer,182000,"San Francisco, CA",2024
WORKDAY INC,QA Engineer,124000,"Pleasanton, CA",2025
AIRBNB INC,Staff Software Engineer,190000,"San Francisco, CA",2026
DATADOG INC,Machine Learning Engineer,131000,"Austin, TX",2026
ORACLE AMERICA INC,Frontend Engineer,151000,"Cupertino, CA",2024
DROPOBOX INC,UX Engineer,130000,"San Francisco, CA",2025
IBM CORPORATION,Senior Product Manager,153000,"Armonk, NY",2024
ADOBE INC,Platform Engineer,135000,"Tempe, AZ",2026
WORKDAY INC,Cloud Engineer,141000,"Pleasanton, CA",2024
ADOBE INC,Senior Data Engineer,149000,"Kansas City, MO",2026
DROPOBOX INC,Financial Analyst,183000,"San Francisco, CA",2025
SERVICENOW INC,Research Scientist,164000,"Tampa, FL",2025
TWITTER INC,Senior Software Engineer,150000,"Chicago, IL",2025
AMAZON COM SERVICES LLC,Research Scientist,133000,"Phoenix, AZ",2024
LINKEDIN CORPORATION,QA Engineer,155000,"Sunnyvale, CA",2026
VMWARE LLC,Product Manager,166000,"Palo Alto, CA",2025
MICROSOFT CORPORATION,Technical Program Manager,194000,"Redmond, WA",2026
JPMORGAN CHASE & CO,Backend Engineer,102000,"New York, NY",2026
AMAZON COM SERVICES LLC,Network Engineer,200000,"Alpharetta, GA",2024
SALESFORCE INC,Product Manager,172000,"San Francisco, CA",2025
META PLATFORMS INC,Analytics Engineer,203000,"Mountain View, CA",2026
TWITTER INC,Business Intelligence Engineer,126000,"San Francisco, CA",2025
TESLA INC,Senior Product Manager,134000,"Houston, TX",2026
VMWARE LLC,Data Scientist,159000,"Palo Alto, CA",2025
SPLUNK INC,Engineering Manager,151000,"Milwaukee, WI",2026
SPLUNK INC,Senior Data Engineer,160000,"San Francisco, CA",2026
SNAP INC,Applied Scientist,168000,"Columbus, OH",2024
APPLE INC,Operations Research Analyst,203000,"Cupertino, CA",2024
WORKDAY INC,Full Stack Engineer,165000,"Pleasanton, CA",2026
TATA CONSULTANCY SERVICES,Senior DevOps Engineer,94000,"Nashville, TN",2025
META PLATFORMS INC,SDET,154000,"San Jose, CA",2025
ACCENTURE LLP,Network Engineer,135000,"Chicago, IL",2026
DATADOG INC,Security Engineer,135000,"Brooklyn, NY",2024
META PLATFORMS INC,Software Engineer,162000,"Menlo Park, CA",2026
CAPITAL ONE SERVICES LLC,Solutions Architect,140000,"McLean, VA",2025
TESLA INC,Operations Research Analyst,105000,"Austin, TX",2025
VMWARE LLC,Business Intelligence Engineer,126000,"Arlington, VA",2024
ORACLE AMERICA INC,Research Scientist,163000,"Cambridge, MA",2026
NVIDIA CORPORATION,Site Reliability Engineer,223000,"Santa Clara, CA",2024
DROPOBOX INC,Technical Program Manager,190000,"Atlanta, GA",2024
NETFLIX INC,Database Administrator,248000,"Los Gatos, CA",2026
ADOBE INC,Business Intelligence Engineer,169000,"Newark, NJ",2024
PINTEREST INC,Senior DevOps Engineer,150000,"San Francisco, CA",2026
SALESFORCE INC,Data Engineer,194000,"Ann Arbor, MI",2026
SALESFORCE INC,SRE,127000,"San Francisco, CA",2025
DELOITTE CONSULTING LLP,Engineering Manager,135000,"New York, NY",2025
IBM CORPORATION,Network Engineer,130000,"Armonk, NY",2024
INTEL CORPORATION,Product Manager,158000,"Santa Clara, CA",2026
WALMART GLOBAL TECH,Data Engineer,99000,"Boston, MA",2024
WORKDAY INC,Infrastructure Engineer,162000,"Columbus, OH",2024
SALESFORCE INC,Applied Scientist,129000,"San Francisco, CA",2026
PINTEREST INC,Senior Data Engineer,166000,"San Francisco, CA",2026
WORKDAY INC,Database Administrator,165000,"Cupertino, CA",2026
AIRBNB INC,Big Data Engineer,154000,"New York, NY",2024
IBM CORPORATION,Compliance Analyst,155000,"Minneapolis, MN",2025
SQUARE INC,AI Engineer,154000,"San Francisco, CA",2024
DELOITTE CONSULTING LLP,AI Engineer,96000,"Phoenix, AZ",2026
MICROSOFT CORPORATION,Machine Learning Engineer,183000,"Redmond, WA",2026
NVIDIA CORPORATION,Analytics Engineer,173000,"Irvine, CA",2025
TWITTER INC,Systems Engineer,184000,"San Francisco, CA",2026
GOOGLE LLC,Technical Program Manager,176000,"Mountain View, CA",2026
META PLATFORMS INC,DevOps Engineer,214000,"Menlo Park, CA",2024
AMAZON WEB SERVICES INC,Financial Analyst,174000,"Los Angeles, CA",2026
LINKEDIN CORPORATION,Research Scientist,172000,"Irvine, CA",2024
CAPITAL ONE SERVICES LLC,Network Engineer,150000,"McLean, VA",2024
SNAP INC,AI Engineer,175000,"Charlotte, NC",2025
ORACLE AMERICA INC,Machine Learning Engineer,107000,"Mountain View, CA",2024
UBER TECHNOLOGIES INC,Applied Scientist,193000,"Houston, TX",2025
SQUARE INC,Network Engineer,121000,"Milwaukee, WI",2024
UBER TECHNOLOGIES INC,Product Manager,141000,"San Francisco, CA",2025
TWITTER INC,Applied Scientist,179000,"Chicago, IL",2024
DELOITTE CONSULTING LLP,QA Engineer,109000,"Sacramento, CA",2026
IBM CORPORATION,Applied Scientist,131000,"Armonk, NY",2025
AMAZON COM SERVICES LLC,Senior Engineering Manager,198000,"Seattle, WA",2026
UBER TECHNOLOGIES INC,Engineering Manager,145000,"San Francisco, CA",2026
NETFLIX INC,Machine Learning Engineer,249000,"Arlington, VA",2026
JPMORGAN CHASE & CO,Financial Analyst,153000,"New York, NY",2026
INFOSYS LIMITED,Senior Data Scientist,103000,"Pittsburgh, PA",2026
ZOOM VIDEO COMMUNICATIONS,Senior Product Manager,154000,"Los Angeles, CA",2024
MICROSOFT CORPORATION,Product Manager,168000,"Newark, NJ",2026
DROPOBOX INC,SRE,162000,"Cambridge, MA",2024
DROPOBOX INC,Senior DevOps Engineer,168000,"Bentonville, AR",2026
AMAZON COM SERVICES LLC,Software Engineer,175000,"Seattle, WA",2026
TWITTER INC,Systems Engineer,133000,"San Francisco, CA",2025
TESLA INC,Compliance Analyst,123000,"Alpharetta, GA",2024
VMWARE LLC,Technical Program Manager,141000,"Columbus, OH",2025
COGNIZANT TECHNOLOGY SOLUTIONS,Data Scientist,94000,"Indianapolis, IN",2024
ORACLE AMERICA INC,Software Engineer,146000,"Chicago, IL",2025
STRIPE INC,Data Scientist,146000,"South San Francisco, CA",2024
NETFLIX INC,Senior DevOps Engineer,338000,"Chicago, IL",2025
APPLE INC,Research Scientist,180000,"Cupertino, CA",2025
ZOOM VIDEO COMMUNICATIONS,Engineering Manager,165000,"San Jose, CA",2024
SPLUNK INC,Research Scientist,156000,"San Francisco, CA",2026
AMAZON COM SERVICES LLC,Full Stack Engineer,174000,"Seattle, WA",2024
DATADOG INC,Solutions Architect,158000,"New York, NY",2026
ZOOM VIDEO COMMUNICATIONS,Senior Software Engineer,162000,"Ann Arbor, MI",2024
AIRBNB INC,Applied Scientist,138000,"San Francisco, CA",2026
PINTEREST INC,Frontend Engineer,144000,"Reston, VA",2025
PALANTIR TECHNOLOGIES,AI Engineer,166000,"Jersey City, NJ",2025
AIRBNB INC,Senior Engineering Manager,157000,"Alpharetta, GA",2026
VMWARE LLC,Research Scientist,190000,"Palo Alto, CA",2026
AIRBNB INC,Compliance Analyst,194000,"San Francisco, CA",2026
APPLE INC,Product Manager,187000,"Cupertino, CA",2026
SALESFORCE INC,Technical Lead,161000,"San Francisco, CA",2026
PALANTIR TECHNOLOGIES,Applied Scientist,116000,"Denver, CO",2026
DROPOBOX INC,Analytics Engineer,132000,"San Francisco, CA",2024
ADOBE INC,Operations Research Analyst,165000,"Alpharetta, GA",2026
DATADOG INC,Software Engineer,141000,"New York, NY",2025
DELOITTE CONSULTING LLP,DevOps Engineer,133000,"New York, NY",2026
SQUARE INC,Cloud Engineer,144000,"San Francisco, CA",2025
TATA CONSULTANCY SERVICES,Software Engineer,79000,"Bridgewater, NJ",2026
SALESFORCE INC,Platform Engineer,140000,"San Francisco, CA",2025
NVIDIA CORPORATION,Database Administrator,149000,"Schaumburg, IL",2024
LINKEDIN CORPORATION,UX Engineer,174000,"Indianapolis, IN",2024
TATA CONSULTANCY SERVICES,QA Engineer,74000,"Brooklyn, NY",2025
GOLDMAN SACHS & CO LLC,Technical Lead,156000,"New York, NY",2025
DROPOBOX INC,Business Intelligence Engineer,137000,"Columbus, OH",2025
META PLATFORMS INC,QA Engineer,179000,"Jersey City, NJ",2026
IBM CORPORATION,Analytics Engineer,140000,"Armonk, NY",2025
MICROSOFT CORPORATION,Engineering Manager,184000,"Redmond, WA",2025
AMAZON WEB SERVICES INC,Site Reliability Engineer,178000,"Dallas, TX",2024
NVIDIA CORPORATION,Financial Analyst,181000,"Santa Clara, CA",2025
AIRBNB INC,Frontend Engineer,140000,"San Francisco, CA",2025
AMAZON COM SERVICES LLC,SRE,125000,"Jersey City, NJ",2026
META PLATFORMS INC,Senior Data Engineer,160000,"Atlanta, GA",2025
TESLA INC,Database Administrator,132000,"San Jose, CA",2026
SERVICENOW INC,Security Engineer,173000,"Phoenix, AZ",2025
GOLDMAN SACHS & CO LLC,Senior Engineering Manager,185000,"New York, NY",2025
AIRBNB INC,Full Stack Engineer,156000,"Portland, OR",2024
PALANTIR TECHNOLOGIES,Frontend Engineer,126000,"Denver, CO",2024
SQUARE INC,Senior Engineering Manager,175000,"San Diego, CA",2026
GOLDMAN SACHS & CO LLC,Business Intelligence Engineer,150000,"New York, NY",2026
AIRBNB INC,Systems Engineer,135000,"Columbus, OH",2025
TESLA INC,Operations Research Analyst,111000,"Nashville, TN",2026
SNAP INC,Analytics Engineer,130000,"Santa Monica, CA",2026
WALMART GLOBAL TECH,Technical Lead,128000,"Denver, CO",2026
ORACLE AMERICA INC,Applied Scientist,112000,"Austin, TX",2026
LINKEDIN CORPORATION,Operations Research Analyst,158000,"Sunnyvale, CA",2024
INTEL CORPORATION,Product Manager,133000,"Santa Clara, CA",2026
META PLATFORMS INC,Platform Engineer,197000,"St. Louis, MO",2024
TWITTER INC,Frontend Engineer,162000,"San Francisco, CA",2026
DATADOG INC,Backend Engineer,134000,"New York, NY",2024
GOOGLE LLC,Business Intelligence Engineer,185000,"Denver, CO",2024
DOCUSIGN INC,Senior Product Manager,158000,"San Francisco, CA",2024
DATADOG INC,SDET,121000,"Mountain View, CA",2024
ADOBE INC,Applied Scientist,166000,"San Jose, CA",2024
ACCENTURE LLP,Cloud Engineer,140000,"Chicago, IL",2024
LINKEDIN CORPORATION,Research Scientist,155000,"Sunnyvale, CA",2026
GOLDMAN SACHS & CO LLC,Senior Engineering Manager,167000,"Boulder, CO",2025
SERVICENOW INC,Technical Program Manager,152000,"Santa Clara, CA",2026
ADOBE INC,Data Engineer,130000,"Los Angeles, CA",2024
AIRBNB INC,Financial Analyst,138000,"San Francisco, CA",2024
DOCUSIGN INC,Technical Program Manager,140000,"Chicago, IL",2025
DATADOG INC,Big Data Engineer,124000,"Redmond, WA",2026
ADOBE INC,Business Intelligence Engineer,144000,"San Jose, CA",2026
CAPITAL ONE SERVICES LLC,Machine Learning Engineer,102000,"Portland, OR",2024
LINKEDIN CORPORATION,Frontend Engineer,179000,"Minneapolis, MN",2026
SERVICENOW INC,Database Administrator,172000,"Santa Clara, CA",2025
TATA CONSULTANCY SERVICES,Site Reliability Engineer,87000,"Bridgewater, NJ",2026
DELOITTE CONSULTING LLP,Senior Product Manager,117000,"New York, NY",2026
APPLE INC,Senior DevOps Engineer,202000,"Brooklyn, NY",2024
WALMART GLOBAL TECH,Product Manager,146000,"Bentonville, AR",2024
SERVICENOW INC,Senior Software Engineer,138000,"Columbus, OH",2025
GOLDMAN SACHS & CO LLC,Systems Engineer,182000,"Schaumburg, IL",2025
TESLA INC,DevOps Engineer,112000,"Bridgewater, NJ",2025
PALANTIR TECHNOLOGIES,Senior Product Manager,166000,"Denver, CO",2026
VMWARE LLC,Data Engineer,187000,"Mountain View, CA",2025
MICROSOFT CORPORATION,Technical Lead,149000,"Redmond, WA",2025
GOOGLE LLC,Senior DevOps Engineer,212000,"Mountain View, CA",2024
DROPOBOX INC,Database Administrator,159000,"San Francisco, CA",2026
GOOGLE LLC,Platform Engineer,217000,"Newark, NJ",2025
LINKEDIN CORPORATION,Cloud Engineer,157000,"Sunnyvale, CA",2025
DOCUSIGN INC,Engineering Manager,135000,"Mountain View, CA",2024
SNAP INC,Machine Learning Engineer,179000,"Santa Monica, CA",2026
GOOGLE LLC,Compliance Analyst,211000,"Cupertino, CA",2024
SNAP INC,Analytics Engineer,170000,"Santa Monica, CA",2024
DOCUSIGN INC,Senior Engineering Manager,141000,"San Francisco, CA",2024
PINTEREST INC,SRE,124000,"San Francisco, CA",2025
WORKDAY INC,Data Scientist,151000,"Pleasanton, CA",2025
PINTEREST INC,Compliance Analyst,162000,"San Francisco, CA",2024
ACCENTURE LLP,Operations Research Analyst,85000,"Seattle, WA",2026
INTEL CORPORATION,Staff Software Engineer,144000,"Santa Clara, CA",2024
SQUARE INC,Machine Learning Engineer,165000,"San Francisco, CA",2025
INTEL CORPORATION,Backend Engineer,157000,"Santa Clara, CA",2024
DATADOG INC,Frontend Engineer,177000,"Reston, VA",2025
LINKEDIN CORPORATION,Product Manager,165000,"Sunnyvale, CA",2024
ZOOM VIDEO COMMUNICATIONS,Senior Product Manager,132000,"San Jose, CA",2025
SPLUNK INC,AI Engineer,122000,"New York, NY",2024
SPLUNK INC,Data Scientist,154000,"San Francisco, CA",2026
ZOOM VIDEO COMMUNICATIONS,Data Scientist,114000,"San Jose, CA",2024
ORACLE AMERICA INC,Senior Engineering Manager,152000,"Austin, TX",2024
UBER TECHNOLOGIES INC,Backend Engineer,147000,"San Francisco, CA",2025
CAPITAL ONE SERVICES LLC,Senior DevOps Engineer,159000,"McLean, VA",2026
ADOBE INC,SDET,126000,"San Jose, CA",2024
GOLDMAN SACHS & CO LLC,Research Scientist,117000,"Milwaukee, WI",2024
SERVICENOW INC,Senior DevOps Engineer,172000,"Santa Clara, CA",2026
CAPITAL ONE SERVICES LLC,Machine Learning Engineer,127000,"New York, NY",2024
WORKDAY INC,Solutions Architect,128000,"Tempe, AZ",2025
SERVICENOW INC,Staff Software Engineer,141000,"Santa Clara, CA",2026
AMAZON COM SERVICES LLC,Systems Engineer,187000,"Minneapolis, MN",2024
SPLUNK INC,Network Engineer,163000,"San Francisco, CA",2026
TWITTER INC,QA Engineer,174000,"Tempe, AZ",2024
APPLE INC,Financial Analyst,166000,"Cupertino, CA",2026
SALESFORCE INC,Network Engineer,129000,"San Francisco, CA",2025
DELOITTE CONSULTING LLP,Cloud Engineer,85000,"New York, NY",2025
IBM CORPORATION,Operations Research Analyst,122000,"Palo Alto, CA",2024
SNAP INC,Senior Product Manager,199000,"Sacramento, CA",2026
DOCUSIGN INC,Data Scientist,141000,"San Francisco, CA",2026
MICROSOFT CORPORATION,Backend Engineer,164000,"Redmond, WA",2026
SPLUNK INC,Staff Software Engineer,183000,"Richmond, VA",2024
ACCENTURE LLP,Site Reliability Engineer,138000,"Chicago, IL",2024
INFOSYS LIMITED,QA Engineer,71000,"Orlando, FL",2026
NETFLIX INC,Applied Scientist,307000,"Los Gatos, CA",2026
INFOSYS LIMITED,Technical Program Manager,103000,"Nashville, TN",2024
PINTEREST INC,Senior Product Manager,152000,"Portland, OR",2024
TWITTER INC,Machine Learning Engineer,164000,"San Francisco, CA",2024
META PLATFORMS INC,QA Engineer,174000,"Menlo Park, CA",2026
STRIPE INC,Technical Program Manager,228000,"South San Francisco, CA",2024
PINTEREST INC,Big Data Engineer,163000,"Sacramento, CA",2025
SPLUNK INC,Infrastructure Engineer,168000,"San Francisco, CA",2026
JPMORGAN CHASE & CO,Senior Software Engineer,153000,"New York, NY",2024
UBER TECHNOLOGIES INC,Security Engineer,132000,"Cupertino, CA",2026
SQUARE INC,Platform Engineer,160000,"Austin, TX",2026
SNAP INC,Solutions Architect,150000,"Santa Monica, CA",2024
TESLA INC,Senior Data Engineer,138000,"Los Angeles, CA",2025
META PLATFORMS INC,Applied Scientist,165000,"Menlo Park, CA",2026
SALESFORCE INC,Security Engineer,160000,"Seattle, WA",2025
DOCUSIGN INC,Research Scientist,123000,"San Francisco, CA",2026
DROPOBOX INC,Systems Engineer,170000,"San Francisco, CA",2025
PINTEREST INC,Staff Software Engineer,186000,"Chicago, IL",2026
SQUARE INC,Engineering Manager,142000,"San Francisco, CA",2024
STRIPE INC,Platform Engineer,187000,"South San Francisco, CA",2025
ZOOM VIDEO COMMUNICATIONS,SRE,115000,"San Jose, CA",2026
NVIDIA CORPORATION,Senior Software Engineer,195000,"Santa Clara, CA",2024
CAPITAL ONE SERVICES LLC,Operations Research Analyst,105000,"Nashville, TN",2026
VMWARE LLC,Operations Research Analyst,160000,"Houston, TX",2026
ACCENTURE LLP,Infrastructure Engineer,102000,"Salt Lake City, UT",2024
META PLATFORMS INC,Applied Scientist,152000,"Menlo Park, CA",2024
NETFLIX INC,Platform Engineer,328000,"Los Gatos, CA",2024
AMAZON WEB SERVICES INC,Technical Program Manager,175000,"Seattle, WA",2026
MICROSOFT CORPORATION,Senior Data Scientist,141000,"Nashville, TN",2026
SERVICENOW INC,Backend Engineer,136000,"Santa Clara, CA",2026
GOOGLE LLC,Machine Learning Engineer,187000,"Mountain View, CA",2026
LINKEDIN CORPORATION,Analytics Engineer,149000,"Sunnyvale, CA",2026
PALANTIR TECHNOLOGIES,DevOps Engineer,164000,"Denver, CO",2024
PINTEREST INC,Research Scientist,122000,"San Francisco, CA",2026
ORACLE AMERICA INC,Senior Data Scientist,172000,"Austin, TX",2024
SERVICENOW INC,UX Engineer,157000,"Santa Clara, CA",2025
PINTEREST INC,Engineering Manager,160000,"San Francisco, CA",2025
META PLATFORMS INC,Big Data Engineer,137000,"Minneapolis, MN",2026
DELOITTE CONSULTING LLP,Technical Program Manager,128000,"New York, NY",2026
APPLE INC,Security Engineer,149000,"Milwaukee, WI",2025
ORACLE AMERICA INC,UX Engineer,147000,"Austin, TX",2026
INFOSYS LIMITED,Technical Lead,87000,"Plano, TX",2025
DROPOBOX INC,Engineering Manager,159000,"San Francisco, CA",2025
ACCENTURE LLP,Security Engineer,131000,"Chicago, IL",2025
AMAZON COM SERVICES LLC,Backend Engineer,175000,"Seattle, WA",2026
WALMART GLOBAL TECH,SDET,94000,"Bentonville, AR",2025
JPMORGAN CHASE & CO,Analytics Engineer,134000,"New York, NY",2026
AMAZON WEB SERVICES INC,Site Reliability Engineer,154000,"Seattle, WA",2026
TWITTER INC,Analytics Engineer,177000,"Redmond, WA",2024
ZOOM VIDEO COMMUNICATIONS,Software Engineer,153000,"San Jose, CA",2024
INTEL CORPORATION,Product Manager,149000,"Santa Clara, CA",2025
GOLDMAN SACHS & CO LLC,SDET,123000,"Pittsburgh, PA",2025
COGNIZANT TECHNOLOGY SOLUTIONS,Database Administrator,64000,"Pittsburgh, PA",2024
WORKDAY INC,Senior DevOps Engineer,140000,"Pleasanton, CA",2025
GOOGLE LLC,Big Data Engineer,185000,"Mountain View, CA",2024
DATADOG INC,Big Data Engineer,137000,"New York, NY",2024
DELOITTE CONSULTING LLP,Database Administrator,90000,"New York, NY",2024
ACCENTURE LLP,Security Engineer,112000,"Chicago, IL",2025
SALESFORCE INC,Technical Program Manager,182000,"Ann Arbor, MI",2024
DATADOG INC,Network Engineer,160000,"Baltimore, MD",2025
CAPITAL ONE SERVICES LLC,Security Engineer,143000,"McLean, VA",2024
DROPOBOX INC,Frontend Engineer,160000,"San Francisco, CA",2025
CAPITAL ONE SERVICES LLC,Senior Engineering Manager,151000,"Arlington, VA",2024
CAPITAL ONE SERVICES LLC,Engineering Manager,150000,"Portland, OR",2025
PALANTIR TECHNOLOGIES,Software Engineer,120000,"Plano, TX",2026
DELOITTE CONSULTING LLP,Full Stack Engineer,116000,"Austin, TX",2024
TATA CONSULTANCY SERVICES,Backend Engineer,64000,"Schaumburg, IL",2025
DELOITTE CONSULTING LLP,Database Administrator,85000,"Pittsburgh, PA",2024
VMWARE LLC,Backend Engineer,115000,"Palo Alto, CA",2025
SNAP INC,DevOps Engineer,161000,"Santa Monica, CA",2026
DROPOBOX INC,Operations Research Analyst,157000,"San Francisco, CA",2024
WALMART GLOBAL TECH,Data Engineer,119000,"Columbus, OH",2026
TESLA INC,AI Engineer,115000,"Austin, TX",2024
PALANTIR TECHNOLOGIES,Infrastructure Engineer,123000,"Nashville, TN",2026
PALANTIR TECHNOLOGIES,DevOps Engineer,160000,"Denver, CO",2024
SNAP INC,Cloud Engineer,174000,"Minneapolis, MN",2024
GOLDMAN SACHS & CO LLC,Senior Data Engineer,170000,"Baltimore, MD",2025
TESLA INC,UX Engineer,159000,"Austin, TX",2026
SNAP INC,Systems Engineer,196000,"Detroit, MI",2024
DROPOBOX INC,Senior Product Manager,166000,"San Francisco, CA",2026
SQUARE INC,Financial Analyst,118000,"San Francisco, CA",2025
AIRBNB INC,Business Intelligence Engineer,195000,"San Francisco, CA",2025
VMWARE LLC,Data Scientist,125000,"Palo Alto, CA",2024
CAPITAL ONE SERVICES LLC,QA Engineer,102000,"McLean, VA",2026
GOLDMAN SACHS & CO LLC,Frontend Engineer,182000,"Detroit, MI",2026
INTEL CORPORATION,Database Administrator,136000,"San Diego, CA",2024
ZOOM VIDEO COMMUNICATIONS,Staff Software Engineer,137000,"Bellevue, WA",2026
DOCUSIGN INC,AI Engineer,146000,"Nashville, TN",2025
INFOSYS LIMITED,Security Engineer,66000,"Bellevue, WA",2024
GOLDMAN SACHS & CO LLC,SRE,149000,"New York, NY",2026
META PLATFORMS INC,Software Engineer,176000,"Raleigh, NC",2024
AMAZON COM SERVICES LLC,Compliance Analyst,166000,"New York, NY",2025
TWITTER INC,SRE,158000,"Seattle, WA",2025
SERVICENOW INC,Senior Data Engineer,180000,"Santa Clara, CA",2025
SALESFORCE INC,Solutions Architect,129000,"San Francisco, CA",2026
STRIPE INC,Machine Learning Engineer,208000,"Boston, MA",2026
COGNIZANT TECHNOLOGY SOLUTIONS,DevOps Engineer,92000,"Teaneck, NJ",2024
DELOITTE CONSULTING LLP,Senior DevOps Engineer,124000,"Reston, VA",2026
AMAZON WEB SERVICES INC,Site Reliability Engineer,158000,"Redmond, WA",2025
SALESFORCE INC,Frontend Engineer,142000,"Chicago, IL",2024
GOLDMAN SACHS & CO LLC,SRE,141000,"Atlanta, GA",2026
DOCUSIGN INC,Senior Software Engineer,135000,"Chicago, IL",2025
SQUARE INC,Operations Research Analyst,185000,"Boulder, CO",2024
LINKEDIN CORPORATION,Senior Engineering Manager,210000,"Brooklyn, NY",2025
GOOGLE LLC,Network Engineer,154000,"Mountain View, CA",2026
IBM CORPORATION,Full Stack Engineer,134000,"Armonk, NY",2026
ZOOM VIDEO COMMUNICATIONS,Senior DevOps Engineer,140000,"San Jose, CA",2024
LINKEDIN CORPORATION,Solutions Architect,204000,"Sunnyvale, CA",2025
CAPITAL ONE SERVICES LLC,Research Scientist,137000,"McLean, VA",2026
META PLATFORMS INC,DevOps Engineer,199000,"Menlo Park, CA",2025
META PLATFORMS INC,Network Engineer,155000,"Raleigh, NC",2024
NVIDIA CORPORATION,Senior Product Manager,246000,"Santa Clara, CA",2025
TESLA INC,AI Engineer,132000,"Austin, TX",2025
SNAP INC,Senior Software Engineer,151000,"Atlanta, GA",2026
ORACLE AMERICA INC,UX Engineer,127000,"St. Louis, MO",2024
CAPITAL ONE SERVICES LLC,Staff Software Engineer,147000,"McLean, VA",2024
ACCENTURE LLP,SDET,91000,"Chicago, IL",2026
DATADOG INC,Staff Software Engineer,161000,"Redmond, WA",2026
CAPITAL ONE SERVICES LLC,Financial Analyst,132000,"McLean, VA",2024
PINTEREST INC,SRE,144000,"San Francisco, CA",2026
AMAZON COM SERVICES LLC,Business Intelligence Engineer,179000,"Seattle, WA",2025
TWITTER INC,Infrastructure Engineer,124000,"San Francisco, CA",2026
ZOOM VIDEO COMMUNICATIONS,Operations Research Analyst,164000,"San Jose, CA",2025
SERVICENOW INC,UX Engineer,171000,"Bridgewater, NJ",2026
TWITTER INC,Technical Lead,171000,"San Francisco, CA",2024
GOLDMAN SACHS & CO LLC,Frontend Engineer,124000,"Detroit, MI",2024
UBER TECHNOLOGIES INC,Senior Data Scientist,181000,"Boulder, CO",2026
NETFLIX INC,Infrastructure Engineer,247000,"Los Gatos, CA",2025
CAPITAL ONE SERVICES LLC,Technical Lead,124000,"McLean, VA",2024
INTEL CORPORATION,Technical Program Manager,168000,"Santa Clara, CA",2024
SNAP INC,Technical Lead,153000,"Santa Monica, CA",2026
MICROSOFT CORPORATION,Senior Product Manager,170000,"Redmond, WA",2025
DOCUSIGN INC,Senior DevOps Engineer,145000,"San Francisco, CA",2025
PALANTIR TECHNOLOGIES,Software Engineer,132000,"Denver, CO",2025
AMAZON COM SERVICES LLC,Full Stack Engineer,189000,"Seattle, WA",2026
WALMART GLOBAL TECH,Senior DevOps Engineer,141000,"Bentonville, AR",2026
ACCENTURE LLP,Business Intelligence Engineer,94000,"Chicago, IL",2026
DELOITTE CONSULTING LLP,Senior Engineering Manager,121000,"Chicago, IL",2024
GOLDMAN SACHS & CO LLC,Systems Engineer,182000,"New York, NY",2024
SERVICENOW INC,Technical Program Manager,131000,"Santa Clara, CA",2024
CAPITAL ONE SERVICES LLC,Senior Data Scientist,141000,"Cambridge, MA",2026
CAPITAL ONE SERVICES LLC,Senior Data Engineer,150000,"Philadelphia, PA",2026
ORACLE AMERICA INC,Senior Engineering Manager,143000,"Austin, TX",2025
ORACLE AMERICA INC,Frontend Engineer,174000,"Houston, TX",2024
GOOGLE LLC,Engineering Manager,204000,"Salt Lake City, UT",2025
DROPOBOX INC,Frontend Engineer,188000,"Alpharetta, GA",2026
GOOGLE LLC,SDET,171000,"Mountain View, CA",2026
GOLDMAN SACHS & CO LLC,Senior Engineering Manager,161000,"Newark, NJ",2025
STRIPE INC,Big Data Engineer,162000,"South San Francisco, CA",2024
TWITTER INC,SRE,153000,"Milwaukee, WI",2026
MICROSOFT CORPORATION,Technical Lead,178000,"San Francisco, CA",2026
VMWARE LLC,Security Engineer,138000,"Palo Alto, CA",2024
NVIDIA CORPORATION,Security Engineer,239000,"Santa Clara, CA",2025
DROPOBOX INC,AI Engineer,187000,"San Francisco, CA",2026
PINTEREST INC,Senior Software Engineer,154000,"Portland, OR",2024
SNAP INC,SRE,146000,"Chicago, IL",2026
SERVICENOW INC,Senior Data Engineer,146000,"Santa Clara, CA",2024
LINKEDIN CORPORATION,Data Engineer,207000,"Boston, MA",2026
CAPITAL ONE SERVICES LLC,Senior DevOps Engineer,127000,"McLean, VA",2024
APPLE INC,Staff Software Engineer,179000,"Atlanta, GA",2024
UBER TECHNOLOGIES INC,Financial Analyst,164000,"San Francisco, CA",2026
MICROSOFT CORPORATION,Software Engineer,145000,"Redmond, WA",2024
LINKEDIN CORPORATION,Data Engineer,143000,"Sunnyvale, CA",2025
NVIDIA CORPORATION,Senior Data Engineer,240000,"Santa Clara, CA",2024
COGNIZANT TECHNOLOGY SOLUTIONS,Software Engineer,88000,"Schaumburg, IL",2026
SPLUNK INC,SRE,143000,"Orlando, FL",2024
PINTEREST INC,Engineering Manager,155000,"San Francisco, CA",2026
TATA CONSULTANCY SERVICES,AI Engineer,105000,"Mountain View, CA",2025
APPLE INC,Senior Engineering Manager,159000,"Cupertino, CA",2024
TESLA INC,Business Intelligence Engineer,124000,"Austin, TX",2024
NETFLIX INC,Site Reliability Engineer,304000,"Los Gatos, CA",2024
DROPOBOX INC,Data Scientist,149000,"San Francisco, CA",2025
CAPITAL ONE SERVICES LLC,Staff Software Engineer,150000,"McLean, VA",2025
ORACLE AMERICA INC,Business Intelligence Engineer,138000,"Austin, TX",2024
INTEL CORPORATION,Technical Lead,130000,"Santa Clara, CA",2025
JPMORGAN CHASE & CO,Senior Data Scientist,167000,"New York, NY",2026
VMWARE LLC,Engineering Manager,149000,"Los Angeles, CA",2025
ADOBE INC,Network Engineer,193000,"San Jose, CA",2025
WORKDAY INC,Operations Research Analyst,170000,"Pleasanton, CA",2024
IBM CORPORATION,Systems Engineer,101000,"Reston, VA",2025
DROPOBOX INC,DevOps Engineer,136000,"San Francisco, CA",2026
SERVICENOW INC,Engineering Manager,144000,"Santa Clara, CA",2024
NETFLIX INC,Backend Engineer,230000,"Los Gatos, CA",2026
SNAP INC,Infrastructure Engineer,142000,"Santa Monica, CA",2025
JPMORGAN CHASE & CO,Data Engineer,137000,"Denver, CO",2024
TESLA INC,Full Stack Engineer,105000,"Austin, TX",2024
TESLA INC,Big Data Engineer,148000,"Columbus, OH",2025
GOOGLE LLC,Staff Software Engineer,172000,"Mountain View, CA",2024
INTEL CORPORATION,Systems Engineer,146000,"Houston, TX",2025
DOCUSIGN INC,Senior Engineering Manager,131000,"Chicago, IL",2024
VMWARE LLC,Technical Program Manager,160000,"Arlington, VA",2024
SPLUNK INC,SDET,188000,"San Francisco, CA",2025
STRIPE INC,AI Engineer,141000,"South San Francisco, CA",2024
ZOOM VIDEO COMMUNICATIONS,Backend Engineer,177000,"San Jose, CA",2025
DOCUSIGN INC,Solutions Architect,129000,"San Francisco, CA",2026
DROPOBOX INC,Site Reliability Engineer,143000,"Mountain View, CA",2026
VMWARE LLC,QA Engineer,134000,"San Diego, CA",2025
ORACLE AMERICA INC,Product Manager,134000,"Austin, TX",2024
INTEL CORPORATION,Applied Scientist,167000,"Bellevue, WA",2024
CAPITAL ONE SERVICES LLC,Systems Engineer,113000,"Irvine, CA",2025
TESLA INC,Software Engineer,122000,"Austin, TX",2026
META PLATFORMS INC,Compliance Analyst,162000,"Menlo Park, CA",2025
SQUARE INC,Security Engineer,185000,"San Francisco, CA",2026
SALESFORCE INC,Business Intelligence Engineer,137000,"San Francisco, CA",2025
GOLDMAN SACHS & CO LLC,Security Engineer,171000,"New York, NY",2024
LINKEDIN CORPORATION,Data Scientist,191000,"Austin, TX",2026
ORACLE AMERICA INC,Network Engineer,157000,"Nashville, TN",2025
IBM CORPORATION,Senior DevOps Engineer,157000,"Palo Alto, CA",2024
SQUARE INC,Senior Engineering Manager,179000,"Brooklyn, NY",2025
CAPITAL ONE SERVICES LLC,Frontend Engineer,155000,"McLean, VA",2024
ORACLE AMERICA INC,Frontend Engineer,171000,"Alpharetta, GA",2024
NETFLIX INC,Staff Software Engineer,329000,"Austin, TX",2025
NETFLIX INC,UX Engineer,302000,"Cambridge, MA",2024
NETFLIX INC,Platform Engineer,298000,"Los Gatos, CA",2024
INTEL CORPORATION,AI Engineer,168000,"Santa Clara, CA",2025
META PLATFORMS INC,Research Scientist,144000,"Menlo Park, CA",2025
DROPOBOX INC,Solutions Architect,180000,"Sacramento, CA",2025
SPLUNK INC,Software Engineer,146000,"San Francisco, CA",2026
PALANTIR TECHNOLOGIES,Research Scientist,135000,"Denver, CO",2024
DELOITTE CONSULTING LLP,AI Engineer,115000,"Sunnyvale, CA",2025
PINTEREST INC,Applied Scientist,134000,"San Francisco, CA",2025
JPMORGAN CHASE & CO,Senior Product Manager,132000,"New York, NY",2026
ADOBE INC,Security Engineer,151000,"San Jose, CA",2026
GOOGLE LLC,Technical Program Manager,177000,"Mountain View, CA",2025
IBM CORPORATION,UX Engineer,132000,"Boulder, CO",2025
DOCUSIGN INC,Financial Analyst,121000,"San Francisco, CA",2026
CAPITAL ONE SERVICES LLC,Machine Learning Engineer,126000,"McLean, VA",2025
GOLDMAN SACHS & CO LLC,Network Engineer,119000,"Alpharetta, GA",2025
JPMORGAN CHASE & CO,SDET,109000,"New York, NY",2024
SQUARE INC,DevOps Engineer,138000,"Plano, TX",2024
ORACLE AMERICA INC,Full Stack Engineer,160000,"Austin, TX",2025
INFOSYS LIMITED,Solutions Architect,79000,"Plano, TX",2025
SNAP INC,Compliance Analyst,124000,"Indianapolis, IN",2024
DOCUSIGN INC,Site Reliability Engineer,161000,"Los Angeles, CA",2026
GOOGLE LLC,Backend Engineer,147000,"Jersey City, NJ",2026
STRIPE INC,Network Engineer,206000,"South San Francisco, CA",2025
AIRBNB INC,Senior Engineering Manager,149000,"Philadelphia, PA",2025
SNAP INC,Database Administrator,176000,"Santa Monica, CA",2025
AIRBNB INC,Financial Analyst,152000,"San Francisco, CA",2026
META PLATFORMS INC,Data Engineer,139000,"Menlo Park, CA",2024
ADOBE INC,Data Scientist,177000,"Chicago, IL",2026
PALANTIR TECHNOLOGIES,UX Engineer,147000,"Denver, CO",2025
ZOOM VIDEO COMMUNICATIONS,Senior Engineering Manager,141000,"San Jose, CA",2025
SPLUNK INC,Security Engineer,183000,"Columbus, OH",2025
TESLA INC,Senior Product Manager,146000,"Austin, TX",2024
NETFLIX INC,Compliance Analyst,231000,"St. Louis, MO",2026
SERVICENOW INC,Machine Learning Engineer,157000,"Santa Clara, CA",2025
PINTEREST INC,Applied Scientist,163000,"San Francisco, CA",2024
AMAZON WEB SERVICES INC,UX Engineer,190000,"Seattle, WA",2026
UBER TECHNOLOGIES INC,Senior Software Engineer,154000,"Newark, NJ",2024
JPMORGAN CHASE & CO,Site Reliability Engineer,113000,"Reston, VA",2026
UBER TECHNOLOGIES INC,Analytics Engineer,183000,"Ann Arbor, MI",2025
INFOSYS LIMITED,Systems Engineer,90000,"Atlanta, GA",2024
SQUARE INC,Frontend Engineer,187000,"San Francisco, CA",2025
TWITTER INC,UX Engineer,181000,"San Francisco, CA",2024
META PLATFORMS INC,Applied Scientist,162000,"San Francisco, CA",2026
DROPOBOX INC,Technical Lead,158000,"San Francisco, CA",2024
SERVICENOW INC,Backend Engineer,127000,"Redmond, WA",2026
AMAZON WEB SERVICES INC,Operations Research Analyst,191000,"Ann Arbor, MI",2024
PALANTIR TECHNOLOGIES,Senior Data Scientist,184000,"Denver, CO",2024
AIRBNB INC,Network Engineer,126000,"St. Louis, MO",2024
MICROSOFT CORPORATION,Platform Engineer,186000,"Brooklyn, NY",2026
ORACLE AMERICA INC,Data Scientist,105000,"Austin, TX",2025
GOOGLE LLC,Senior Software Engineer,186000,"Palo Alto, CA",2026
WORKDAY INC,Solutions Architect,120000,"Pleasanton, CA",2025
MICROSOFT CORPORATION,Financial Analyst,164000,"Redmond, WA",2024
JPMORGAN CHASE & CO,Cloud Engineer,140000,"New York, NY",2026
PALANTIR TECHNOLOGIES,Senior Data Engineer,157000,"Denver, CO",2025
ACCENTURE LLP,Applied Scientist,139000,"Chicago, IL",2026
CAPITAL ONE SERVICES LLC,Research Scientist,124000,"McLean, VA",2026
DELOITTE CONSULTING LLP,Site Reliability Engineer,120000,"Reston, VA",2026
COGNIZANT TECHNOLOGY SOLUTIONS,Operations Research Analyst,73000,"Baltimore, MD",2024
UBER TECHNOLOGIES INC,Software Engineer,129000,"San Francisco, CA",2025
AMAZON WEB SERVICES INC,Business Intelligence Engineer,167000,"Phoenix, AZ",2026
DATADOG INC,Data Engineer,163000,"Arlington, VA",2026
NVIDIA CORPORATION,Platform Engineer,164000,"Santa Clara, CA",2026
APPLE INC,Machine Learning Engineer,196000,"Cupertino, CA",2025
NETFLIX INC,AI Engineer,210000,"Brooklyn, NY",2024
SERVICENOW INC,Database Administrator,156000,"Minneapolis, MN",2024
ORACLE AMERICA INC,Engineering Manager,150000,"Dallas, TX",2026
AMAZON COM SERVICES LLC,Operations Research Analyst,163000,"Seattle, WA",2025
PALANTIR TECHNOLOGIES,Software Engineer,113000,"Denver, CO",2025
DELOITTE CONSULTING LLP,Software Engineer,114000,"New York, NY",2024
GOLDMAN SACHS & CO LLC,Senior Data Scientist,173000,"San Francisco, CA",2024
INFOSYS LIMITED,Operations Research Analyst,86000,"Plano, TX",2025
APPLE INC,Backend Engineer,186000,"Cupertino, CA",2024
ADOBE INC,Big Data Engineer,129000,"New York, NY",2026
MICROSOFT CORPORATION,Security Engineer,164000,"Redmond, WA",2025
CAPITAL ONE SERVICES LLC,Backend Engineer,118000,"Brooklyn, NY",2024
WALMART GLOBAL TECH,UX Engineer,114000,"Chicago, IL",2026
PINTEREST INC,AI Engineer,166000,"Raleigh, NC",2026
DOCUSIGN INC,QA Engineer,129000,"San Francisco, CA",2025
JPMORGAN CHASE & CO,DevOps Engineer,169000,"Columbus, OH",2026
COGNIZANT TECHNOLOGY SOLUTIONS,Senior Data Engineer,104000,"Teaneck, NJ",2024
TESLA INC,Database Administrator,150000,"Jersey City, NJ",2024
SNAP INC,UX Engineer,160000,"Santa Monica, CA",2026
AMAZON WEB SERVICES INC,UX Engineer,199000,"Minneapolis, MN",2026
SPLUNK INC,Product Manager,182000,"San Francisco, CA",2026
INFOSYS LIMITED,Big Data Engineer,108000,"Plano, TX",2025
TATA CONSULTANCY SERVICES,SDET,84000,"Bridgewater, NJ",2024
INFOSYS LIMITED,Research Scientist,96000,"Plano, TX",2026
INFOSYS LIMITED,UX Engineer,85000,"Plano, TX",2025
ZOOM VIDEO COMMUNICATIONS,Machine Learning Engineer,140000,"Sunnyvale, CA",2024
AMAZON COM SERVICES LLC,Machine Learning Engineer,172000,"Seattle, WA",2024
VMWARE LLC,Cloud Engineer,163000,"Palo Alto, CA",2025
GOOGLE LLC,Financial Analyst,214000,"Mountain View, CA",2026
IBM CORPORATION,Backend Engineer,118000,"Armonk, NY",2026
SERVICENOW INC,SRE,179000,"Irvine, CA",2025
UBER TECHNOLOGIES INC,Systems Engineer,134000,"San Francisco, CA",2024
LINKEDIN CORPORATION,DevOps Engineer,154000,"Sunnyvale, CA",2024
UBER TECHNOLOGIES INC,Senior Software Engineer,166000,"Alpharetta, GA",2025
NVIDIA CORPORATION,Security Engineer,141000,"Alpharetta, GA",2026
WALMART GLOBAL TECH,Site Reliability Engineer,107000,"San Diego, CA",2025
APPLE INC,Software Engineer,185000,"Cupertino, CA",2024
DROPOBOX INC,Senior Data Engineer,156000,"San Francisco, CA",2026
STRIPE INC,Senior Product Manager,194000,"South San Francisco, CA",2026
COGNIZANT TECHNOLOGY SOLUTIONS,Backend Engineer,97000,"Teaneck, NJ",2026
UBER TECHNOLOGIES INC,QA Engineer,164000,"San Francisco, CA",2024
ACCENTURE LLP,Security Engineer,83000,"Chicago, IL",2026
CAPITAL ONE SERVICES LLC,Infrastructure Engineer,139000,"Boulder, CO",2025
STRIPE INC,Platform Engineer,171000,"Richmond, VA",2025
ORACLE AMERICA INC,UX Engineer,117000,"Baltimore, MD",2025
SERVICENOW INC,Site Reliability Engineer,176000,"Palo Alto, CA",2025
SQUARE INC,Operations Research Analyst,129000,"Mountain View, CA",2026
PALANTIR TECHNOLOGIES,Systems Engineer,149000,"Denver, CO",2026
AMAZON COM SERVICES LLC,Technical Lead,181000,"Seattle, WA",2024
MICROSOFT CORPORATION,Security Engineer,137000,"Redmond, WA",2025
WALMART GLOBAL TECH,Full Stack Engineer,138000,"Bentonville, AR",2025
IBM CORPORATION,Database Administrator,133000,"Armonk, NY",2025
SNAP INC,Senior Software Engineer,186000,"San Francisco, CA",2024
GOOGLE LLC,Network Engineer,196000,"Mountain View, CA",2024
PINTEREST INC,Technical Lead,144000,"Sacramento, CA",2026
SPLUNK INC,Network Engineer,185000,"San Francisco, CA",2026
NETFLIX INC,Cloud Engineer,250000,"Bentonville, AR",2024
CAPITAL ONE SERVICES LLC,Network Engineer,98000,"Dallas, TX",2025
JPMORGAN CHASE & CO,QA Engineer,125000,"New York, NY",2026
SALESFORCE INC,Cloud Engineer,149000,"San Francisco, CA",2024
CAPITAL ONE SERVICES LLC,Operations Research Analyst,111000,"McLean, VA",2024
NVIDIA CORPORATION,Big Data Engineer,249000,"Milwaukee, WI",2025
AMAZON WEB SERVICES INC,Software Engineer,180000,"Seattle, WA",2025
AIRBNB INC,Financial Analyst,157000,"San Francisco, CA",2024
ACCENTURE LLP,Machine Learning Engineer,124000,"Chicago, IL",2025
DELOITTE CONSULTING LLP,Platform Engineer,128000,"New York, NY",2025
DOCUSIGN INC,DevOps Engineer,160000,"Houston, TX",2026
SQUARE INC,Frontend Engineer,141000,"San Francisco, CA",2025
SALESFORCE INC,Site Reliability Engineer,187000,"San Francisco, CA",2026
ACCENTURE LLP,DevOps Engineer,95000,"Chicago, IL",2024
SERVICENOW INC,Compliance Analyst,174000,"Richmond, VA",2026
TATA CONSULTANCY SERVICES,Data Scientist,70000,"Bridgewater, NJ",2024
TWITTER INC,Senior Product Manager,148000,"San Francisco, CA",2025
SQUARE INC,Frontend Engineer,170000,"New York, NY",2026
UBER TECHNOLOGIES INC,Compliance Analyst,140000,"San Francisco, CA",2026
IBM CORPORATION,Research Scientist,140000,"Armonk, NY",2025
SERVICENOW INC,Data Scientist,163000,"Orlando, FL",2026
WALMART GLOBAL TECH,Big Data Engineer,116000,"San Diego, CA",2026
GOOGLE LLC,Compliance Analyst,148000,"Mountain View, CA",2025
ACCENTURE LLP,Research Scientist,140000,"Chicago, IL",2026
STRIPE INC,Senior Software Engineer,190000,"South San Francisco, CA",2026
IBM CORPORATION,AI Engineer,97000,"Tempe, AZ",2024
ACCENTURE LLP,DevOps Engineer,84000,"Kansas City, MO",2026
MICROSOFT CORPORATION,Full Stack Engineer,175000,"Redmond, WA",2024
ADOBE INC,Product Manager,161000,"San Jose, CA",2026
DOCUSIGN INC,SDET,118000,"San Francisco, CA",2026
WORKDAY INC,QA Engineer,168000,"Pleasanton, CA",2026
CAPITAL ONE SERVICES LLC,UX Engineer,154000,"McLean, VA",2026
SERVICENOW INC,Cloud Engineer,121000,"Santa Clara, CA",2026
WORKDAY INC,Senior Data Scientist,150000,"Pleasanton, CA",2026
DELOITTE CONSULTING LLP,Database Administrator,119000,"New York, NY",2024
WALMART GLOBAL TECH,Backend Engineer,109000,"Los Angeles, CA",2025
TWITTER INC,Staff Software Engineer,144000,"San Francisco, CA",2024
VMWARE LLC,Security Engineer,158000,"Detroit, MI",2026
NETFLIX INC,SRE,203000,"Los Gatos, CA",2026
VMWARE LLC,Product Manager,154000,"Mountain View, CA",2026
AMAZON WEB SERVICES INC,Infrastructure Engineer,191000,"Seattle, WA",2024
IBM CORPORATION,SDET,120000,"Minneapolis, MN",2024
GOLDMAN SACHS & CO LLC,Engineering Manager,158000,"New York, NY",2026
VMWARE LLC,Machine Learning Engineer,144000,"McLean, VA",2026
META PLATFORMS INC,Senior Software Engineer,192000,"Menlo Park, CA",2025
PINTEREST INC,Senior Data Engineer,154000,"San Francisco, CA",2024
IBM CORPORATION,Machine Learning Engineer,127000,"Schaumburg, IL",2026
AMAZON COM SERVICES LLC,Network Engineer,165000,"Schaumburg, IL",2024
SALESFORCE INC,Network Engineer,154000,"Atlanta, GA",2026
SNAP INC,UX Engineer,131000,"Santa Monica, CA",2026
COGNIZANT TECHNOLOGY SOLUTIONS,Network Engineer,103000,"Teaneck, NJ",2026
WORKDAY INC,DevOps Engineer,169000,"Pleasanton, CA",2024
AMAZON WEB SERVICES INC,Operations Research Analyst,182000,"Seattle, WA",2025
SQUARE INC,Software Engineer,119000,"San Francisco, CA",2025
GOLDMAN SACHS & CO LLC,Senior DevOps Engineer,141000,"Reston, VA",2025
AMAZON WEB SERVICES INC,AI Engineer,187000,"Seattle, WA",2026
GOLDMAN SACHS & CO LLC,Senior Data Scientist,149000,"New York, NY",2025
NVIDIA CORPORATION,Senior Software Engineer,228000,"Sacramento, CA",2026
WALMART GLOBAL TECH,Business Intelligence Engineer,92000,"Bentonville, AR",2026
ADOBE INC,UX Engineer,175000,"Salt Lake City, UT",2024
DROPOBOX INC,Software Engineer,148000,"San Francisco, CA",2025
DROPOBOX INC,Technical Program Manager,181000,"San Francisco, CA",2024
CAPITAL ONE SERVICES LLC,Machine Learning Engineer,145000,"McLean, VA",2026
TESLA INC,Site Reliability Engineer,114000,"Denver, CO",2025
TESLA INC,Financial Analyst,174000,"Austin, TX",2024
SQUARE INC,Senior Data Engineer,138000,"Boulder, CO",2026
PALANTIR TECHNOLOGIES,Financial Analyst,135000,"Arlington, VA",2026
WALMART GLOBAL TECH,DevOps Engineer,92000,"Jersey City, NJ",2024
META PLATFORMS INC,QA Engineer,171000,"Menlo Park, CA",2025
TATA CONSULTANCY SERVICES,Research Scientist,78000,"San Francisco, CA",2024
NETFLIX INC,Technical Program Manager,232000,"Los Gatos, CA",2024
SALESFORCE INC,Data Scientist,126000,"San Francisco, CA",2026
SQUARE INC,Network Engineer,175000,"McLean, VA",2025
ORACLE AMERICA INC,Cloud Engineer,137000,"Austin, TX",2026
UBER TECHNOLOGIES INC,Engineering Manager,187000,"San Francisco, CA",2024
META PLATFORMS INC,Data Scientist,169000,"Menlo Park, CA",2024
WORKDAY INC,Financial Analyst,150000,"Pleasanton, CA",2025
NVIDIA CORPORATION,Network Engineer,245000,"Cambridge, MA",2024
IBM CORPORATION,Technical Lead,126000,"Armonk, NY",2024
SPLUNK INC,Data Engineer,169000,"San Francisco, CA",2025
AMAZON COM SERVICES LLC,Staff Software Engineer,186000,"Seattle, WA",2024
SERVICENOW INC,Backend Engineer,171000,"Tempe, AZ",2025
SNAP INC,Machine Learning Engineer,152000,"Nashville, TN",2024
LINKEDIN CORPORATION,SRE,204000,"Schaumburg, IL",2025
STRIPE INC,Data Scientist,210000,"South San Francisco, CA",2024
SNAP INC,Technical Lead,146000,"Plano, TX",2026
WORKDAY INC,Research Scientist,112000,"Pleasanton, CA",2024
ACCENTURE LLP,Financial Analyst,125000,"Chicago, IL",2024
STRIPE INC,Staff Software Engineer,177000,"San Jose, CA",2026
APPLE INC,Data Scientist,176000,"Cupertino, CA",2025
COGNIZANT TECHNOLOGY SOLUTIONS,Business Intelligence Engineer,70000,"Teaneck, NJ",2026
GOLDMAN SACHS & CO LLC,SRE,115000,"New York, NY",2026
GOOGLE LLC,Frontend Engineer,199000,"Redmond, WA",2024
LINKEDIN CORPORATION,Network Engineer,132000,"Sunnyvale, CA",2026
JPMORGAN CHASE & CO,Big Data Engineer,143000,"New York, NY",2024
NETFLIX INC,Financial Analyst,347000,"Salt Lake City, UT",2026
PALANTIR TECHNOLOGIES,Engineering Manager,180000,"Baltimore, MD",2026
AMAZON COM SERVICES LLC,Software Engineer,197000,"Seattle, WA",2026
META PLATFORMS INC,Engineering Manager,209000,"Dallas, TX",2026
DELOITTE CONSULTING LLP,Technical Lead,138000,"Tempe, AZ",2024
CAPITAL ONE SERVICES LLC,Site Reliability Engineer,133000,"McLean, VA",2024
PINTEREST INC,Senior DevOps Engineer,177000,"San Francisco, CA",2024
CAPITAL ONE SERVICES LLC,Compliance Analyst,105000,"Raleigh, NC",2025
DOCUSIGN INC,Big Data Engineer,109000,"Newark, NJ",2025
PALANTIR TECHNOLOGIES,Financial Analyst,130000,"Denver, CO",2026
PINTEREST INC,AI Engineer,191000,"Dallas, TX",2024
INTEL CORPORATION,Senior Software Engineer,156000,"Santa Clara, CA",2025
GOLDMAN SACHS & CO LLC,Business Intelligence Engineer,167000,"Denver, CO",2024
TATA CONSULTANCY SERVICES,Technical Program Manager,86000,"Denver, CO",2025
SERVICENOW INC,Cloud Engineer,142000,"Santa Clara, CA",2024
AMAZON COM SERVICES LLC,Business Intelligence Engineer,142000,"Minneapolis, MN",2024
DELOITTE CONSULTING LLP,SRE,115000,"Denver, CO",2026
TESLA INC,Database Administrator,166000,"Arlington, VA",2024
INTEL CORPORATION,Database Administrator,117000,"Columbus, OH",2026
AMAZON COM SERVICES LLC,Data Scientist,150000,"Newark, NJ",2024
AMAZON WEB SERVICES INC,Operations Research Analyst,183000,"Seattle, WA",2024
VMWARE LLC,Staff Software Engineer,188000,"Palo Alto, CA",2025
ZOOM VIDEO COMMUNICATIONS,Full Stack Engineer,174000,"San Jose, CA",2025
INFOSYS LIMITED,Software Engineer,102000,"Seattle, WA",2026
COGNIZANT TECHNOLOGY SOLUTIONS,Senior Engineering Manager,96000,"Denver, CO",2024
ACCENTURE LLP,Site Reliability Engineer,98000,"Chicago, IL",2025
AIRBNB INC,Frontend Engineer,160000,"San Francisco, CA",2024
PALANTIR TECHNOLOGIES,Network Engineer,153000,"Irvine, CA",2025
AMAZON WEB SERVICES INC,Software Engineer,155000,"Bentonville, AR",2024
SALESFORCE INC,Compliance Analyst,194000,"Reston, VA",2026
TESLA INC,Engineering Manager,154000,"Indianapolis, IN",2025
COGNIZANT TECHNOLOGY SOLUTIONS,Backend Engineer,98000,"Teaneck, NJ",2025
UBER TECHNOLOGIES INC,Senior Product Manager,191000,"San Francisco, CA",2025
ADOBE INC,Data Scientist,182000,"Redmond, WA",2024
TATA CONSULTANCY SERVICES,Database Administrator,65000,"Bridgewater, NJ",2025
COGNIZANT TECHNOLOGY SOLUTIONS,Engineering Manager,93000,"Teaneck, NJ",2025
GOOGLE LLC,Database Administrator,161000,"Mountain View, CA",2025
APPLE INC,Senior Engineering Manager,152000,"Cupertino, CA",2025
ZOOM VIDEO COMMUNICATIONS,Security Engineer,144000,"San Jose, CA",2025
ADOBE INC,Full Stack Engineer,153000,"San Jose, CA",2025
SALESFORCE INC,Solutions Architect,155000,"San Francisco, CA",2026
AMAZON COM SERVICES LLC,Full Stack Engineer,192000,"Seattle, WA",2024
AIRBNB INC,Security Engineer,188000,"San Francisco, CA",2024
NVIDIA CORPORATION,Senior Product Manager,235000,"Santa Clara, CA",2026
AIRBNB INC,SRE,143000,"San Francisco, CA",2024
SNAP INC,Platform Engineer,134000,"Santa Monica, CA",2026
SNAP INC,Frontend Engineer,160000,"Santa Monica, CA",2026
COGNIZANT TECHNOLOGY SOLUTIONS,Machine Learning Engineer,65000,"Teaneck, NJ",2025
COGNIZANT TECHNOLOGY SOLUTIONS,SRE,74000,"Teaneck, NJ",2026
PALANTIR TECHNOLOGIES,Data Scientist,170000,"Denver, CO",2024
JPMORGAN CHASE & CO,AI Engineer,107000,"New York, NY",2025
PALANTIR TECHNOLOGIES,Senior Data Engineer,158000,"Denver, CO",2026
NETFLIX INC,Financial Analyst,223000,"Los Gatos, CA",2026
TWITTER INC,Senior Data Scientist,191000,"San Francisco, CA",2025
TWITTER INC,Business Intelligence Engineer,156000,"San Francisco, CA",2025
DOCUSIGN INC,Senior Data Scientist,167000,"San Francisco, CA",2026
PINTEREST INC,SRE,160000,"Salt Lake City, UT",2025
NETFLIX INC,Staff Software Engineer,287000,"Mountain View, CA",2024
TESLA INC,SDET,150000,"Austin, TX",2024
SQUARE INC,Site Reliability Engineer,121000,"San Francisco, CA",2025
AMAZON COM SERVICES LLC,Database Administrator,152000,"Seattle, WA",2026
INFOSYS LIMITED,Senior Engineering Manager,91000,"Boston, MA",2024
GOOGLE LLC,Security Engineer,170000,"Charlotte, NC",2025
MICROSOFT CORPORATION,AI Engineer,162000,"Redmond, WA",2024
ORACLE AMERICA INC,Technical Program Manager,133000,"Austin, TX",2024
VMWARE LLC,Backend Engineer,134000,"Palo Alto, CA",2026
ADOBE INC,Full Stack Engineer,158000,"San Jose, CA",2025
ORACLE AMERICA INC,Senior Engineering Manager,146000,"Cupertino, CA",2025
WORKDAY INC,Analytics Engineer,144000,"Pleasanton, CA",2024
ADOBE INC,Technical Lead,183000,"San Jose, CA",2026
ZOOM VIDEO COMMUNICATIONS,Senior Software Engineer,172000,"San Diego, CA",2024
TESLA INC,Senior DevOps Engineer,135000,"Austin, TX",2026
SQUARE INC,Compliance Analyst,119000,"San Francisco, CA",2024
INTEL CORPORATION,Software Engineer,134000,"Plano, TX",2025
WORKDAY INC,Senior Product Manager,160000,"Bentonville, AR",2024
INFOSYS LIMITED,Analytics Engineer,86000,"Plano, TX",2025
TWITTER INC,Database Administrator,193000,"Boulder, CO",2024
VMWARE LLC,Engineering Manager,180000,"Palo Alto, CA",2025
CAPITAL ONE SERVICES LLC,Machine Learning Engineer,156000,"McLean, VA",2026
PALANTIR TECHNOLOGIES,Compliance Analyst,156000,"Denver, CO",2025
WALMART GLOBAL TECH,Security Engineer,143000,"San Diego, CA",2026
LINKEDIN CORPORATION,Data Scientist,157000,"Sunnyvale, CA",2024
ACCENTURE LLP,Data Scientist,100000,"Chicago, IL",2024
ORACLE AMERICA INC,UX Engineer,128000,"Austin, TX",2024
MICROSOFT CORPORATION,UX Engineer,183000,"Redmond, WA",2024
INTEL CORPORATION,Technical Lead,150000,"Santa Clara, CA",2026
DOCUSIGN INC,Financial Analyst,173000,"San Francisco, CA",2026
NVIDIA CORPORATION,Engineering Manager,236000,"San Diego, CA",2024
SALESFORCE INC,Engineering Manager,173000,"Ann Arbor, MI",2025
WALMART GLOBAL TECH,SDET,136000,"Bentonville, AR",2026
SALESFORCE INC,SRE,187000,"Sacramento, CA",2026
SNAP INC,SDET,153000,"Richmond, VA",2024
TESLA INC,Database Administrator,134000,"Phoenix, AZ",2024
NETFLIX INC,Technical Lead,279000,"Los Gatos, CA",2025
META PLATFORMS INC,Senior Product Manager,168000,"Raleigh, NC",2024
PALANTIR TECHNOLOGIES,Financial Analyst,175000,"Cambridge, MA",2025
ORACLE AMERICA INC,Frontend Engineer,148000,"Austin, TX",2025
LINKEDIN CORPORATION,Frontend Engineer,174000,"Sunnyvale, CA",2025
LINKEDIN CORPORATION,Machine Learning Engineer,184000,"Sunnyvale, CA",2025
SALESFORCE INC,Data Scientist,198000,"Cupertino, CA",2025
DROPOBOX INC,Platform Engineer,161000,"San Francisco, CA",2026
PALANTIR TECHNOLOGIES,Senior Data Engineer,161000,"Bridgewater, NJ",2026
ZOOM VIDEO COMMUNICATIONS,Financial Analyst,110000,"San Jose, CA",2024
ACCENTURE LLP,QA Engineer,132000,"Chicago, IL",2026
TESLA INC,Business Intelligence Engineer,156000,"Salt Lake City, UT",2024
INTEL CORPORATION,Big Data Engineer,173000,"Santa Clara, CA",2025
SERVICENOW INC,SRE,180000,"Santa Clara, CA",2026
LINKEDIN CORPORATION,Research Scientist,205000,"Sunnyvale, CA",2026
PINTEREST INC,Software Engineer,179000,"San Diego, CA",2025
DATADOG INC,Research Scientist,135000,"New York, NY",2026
NVIDIA CORPORATION,Staff Software Engineer,200000,"Santa Clara, CA",2026
DROPOBOX INC,Engineering Manager,188000,"Palo Alto, CA",2024
META PLATFORMS INC,Full Stack Engineer,190000,"Phoenix, AZ",2025
SERVICENOW INC,Site Reliability Engineer,125000,"Santa Clara, CA",2026
SNAP INC,Full Stack Engineer,166000,"Santa Monica, CA",2025
GOLDMAN SACHS & CO LLC,Staff Software Engineer,134000,"New York, NY",2025
LINKEDIN CORPORATION,QA Engineer,199000,"Miami, FL",2025
APPLE INC,Business Intelligence Engineer,167000,"Arlington, VA",2026
SALESFORCE INC,DevOps Engineer,140000,"San Francisco, CA",2025
GOOGLE LLC,Platform Engineer,140000,"Mountain View, CA",2025
SPLUNK INC,Network Engineer,123000,"San Francisco, CA",2025
WALMART GLOBAL TECH,Security Engineer,144000,"Bentonville, AR",2026
GOOGLE LLC,Infrastructure Engineer,206000,"Baltimore, MD",2026
APPLE INC,Systems Engineer,157000,"Indianapolis, IN",2024
UBER TECHNOLOGIES INC,Site Reliability Engineer,133000,"Kansas City, MO",2025
DOCUSIGN INC,Staff Software Engineer,148000,"San Francisco, CA",2026
SQUARE INC,Full Stack Engineer,175000,"San Francisco, CA",2024
SNAP INC,Senior Data Engineer,145000,"San Diego, CA",2024
AMAZON WEB SERVICES INC,QA Engineer,154000,"Philadelphia, PA",2026
SQUARE INC,QA Engineer,145000,"Denver, CO",2024
ADOBE INC,Research Scientist,130000,"San Jose, CA",2025
DOCUSIGN INC,Financial Analyst,163000,"San Francisco, CA",2024
GOLDMAN SACHS & CO LLC,Applied Scientist,163000,"Milwaukee, WI",2026
META PLATFORMS INC,Network Engineer,183000,"Menlo Park, CA",2025
APPLE INC,Cloud Engineer,201000,"Cupertino, CA",2024
SPLUNK INC,Financial Analyst,121000,"San Francisco, CA",2026
SERVICENOW INC,Senior Product Manager,176000,"Austin, TX",2024
ORACLE AMERICA INC,Technical Lead,163000,"Austin, TX",2026
UBER TECHNOLOGIES INC,Technical Lead,155000,"San Francisco, CA",2026
DROPOBOX INC,Senior Software Engineer,167000,"San Francisco, CA",2024
GOLDMAN SACHS & CO LLC,Network Engineer,164000,"Houston, TX",2024
APPLE INC,Senior DevOps Engineer,191000,"Cupertino, CA",2025
CAPITAL ONE SERVICES LLC,Compliance Analyst,110000,"McLean, VA",2025
AIRBNB INC,Big Data Engineer,192000,"San Francisco, CA",2026
SERVICENOW INC,Site Reliability Engineer,176000,"Cupertino, CA",2026
VMWARE LLC,Backend Engineer,149000,"Sunnyvale, CA",2025
GOOGLE LLC,Research Scientist,173000,"Mountain View, CA",2026
SALESFORCE INC,Network Engineer,155000,"San Francisco, CA",2025
GOLDMAN SACHS & CO LLC,Senior Data Scientist,167000,"Salt Lake City, UT",2024
PALANTIR TECHNOLOGIES,UX Engineer,137000,"Denver, CO",2025
ZOOM VIDEO COMMUNICATIONS,Cloud Engineer,173000,"Houston, TX",2024
SPLUNK INC,Software Engineer,189000,"McLean, VA",2024
CAPITAL ONE SERVICES LLC,Technical Lead,122000,"McLean, VA",2026
CAPITAL ONE SERVICES LLC,Big Data Engineer,151000,"McLean, VA",2025
NVIDIA CORPORATION,Full Stack Engineer,220000,"Dallas, TX",2026
SPLUNK INC,Applied Scientist,193000,"San Francisco, CA",2026
WORKDAY INC,Backend Engineer,108000,"Pleasanton, CA",2025
INTEL CORPORATION,DevOps Engineer,116000,"Phoenix, AZ",2024
ADOBE INC,Technical Lead,185000,"Ann Arbor, MI",2026
APPLE INC,DevOps Engineer,205000,"Boulder, CO",2025
NVIDIA CORPORATION,QA Engineer,156000,"Alpharetta, GA",2024
SNAP INC,Backend Engineer,170000,"Santa Monica, CA",2025
ORACLE AMERICA INC,Engineering Manager,148000,"Austin, TX",2026
STRIPE INC,Technical Lead,197000,"South San Francisco, CA",2024
META PLATFORMS INC,Research Scientist,155000,"Menlo Park, CA",2025
WALMART GLOBAL TECH,Solutions Architect,113000,"Bentonville, AR",2025
GOLDMAN SACHS & CO LLC,Engineering Manager,153000,"Bentonville, AR",2025
PALANTIR TECHNOLOGIES,Frontend Engineer,155000,"Denver, CO",2026
JPMORGAN CHASE & CO,Senior Engineering Manager,170000,"New York, NY",2024
SQUARE INC,Engineering Manager,178000,"Philadelphia, PA",2025
WALMART GLOBAL TECH,Senior Product Manager,132000,"Bentonville, AR",2026
AIRBNB INC,Frontend Engineer,154000,"Boston, MA",2026
ORACLE AMERICA INC,Product Manager,133000,"Brooklyn, NY",2025
UBER TECHNOLOGIES INC,Research Scientist,133000,"Austin, TX",2025
SALESFORCE INC,DevOps Engineer,144000,"San Francisco, CA",2024
SNAP INC,Software Engineer,131000,"San Jose, CA",2025
VMWARE LLC,SDET,168000,"Palo Alto, CA",2025
META PLATFORMS INC,QA Engineer,201000,"Menlo Park, CA",2026
ORACLE AMERICA INC,QA Engineer,164000,"Austin, TX",2024
DATADOG INC,DevOps Engineer,165000,"New York, NY",2026
GOLDMAN SACHS & CO LLC,Full Stack Engineer,168000,"New York, NY",2024
AMAZON COM SERVICES LLC,Machine Learning Engineer,125000,"Seattle, WA",2025
NVIDIA CORPORATION,Security Engineer,153000,"San Jose, CA",2024
WORKDAY INC,Technical Lead,161000,"Pleasanton, CA",2026
SNAP INC,Technical Program Manager,151000,"Pittsburgh, PA",2024
WALMART GLOBAL TECH,Systems Engineer,129000,"Bentonville, AR",2025
LINKEDIN CORPORATION,Staff Software Engineer,204000,"Charlotte, NC",2024
ORACLE AMERICA INC,UX Engineer,174000,"Austin, TX",2025
ORACLE AMERICA INC,Senior Data Scientist,168000,"Sacramento, CA",2024
NETFLIX INC,SRE,262000,"Salt Lake City, UT",2026
SALESFORCE INC,Operations Research Analyst,192000,"Kansas City, MO",2026
SNAP INC,Senior Software Engineer,167000,"Santa Monica, CA",2026
NVIDIA CORPORATION,Solutions Architect,186000,"Orlando, FL",2025
PALANTIR TECHNOLOGIES,Data Engineer,166000,"Denver, CO",2025
PALANTIR TECHNOLOGIES,Big Data Engineer,164000,"Denver, CO",2026
NETFLIX INC,Financial Analyst,336000,"Pittsburgh, PA",2025
JPMORGAN CHASE & CO,Frontend Engineer,121000,"New York, NY",2026
NVIDIA CORPORATION,Senior Engineering Manager,167000,"St. Louis, MO",2026
APPLE INC,UX Engineer,204000,"Cupertino, CA",2026
DELOITTE CONSULTING LLP,AI Engineer,125000,"Detroit, MI",2024
LINKEDIN CORPORATION,Full Stack Engineer,131000,"Sunnyvale, CA",2025
WORKDAY INC,Senior Engineering Manager,163000,"Pittsburgh, PA",2024
ORACLE AMERICA INC,DevOps Engineer,109000,"Austin, TX",2026
LINKEDIN CORPORATION,Operations Research Analyst,143000,"Sunnyvale, CA",2026
TWITTER INC,Software Engineer,155000,"San Francisco, CA",2024
UBER TECHNOLOGIES INC,Full Stack Engineer,165000,"New York, NY",2024
WORKDAY INC,Technical Lead,146000,"Pleasanton, CA",2024
ADOBE INC,Senior DevOps Engineer,179000,"Indianapolis, IN",2026
SQUARE INC,SRE,141000,"San Francisco, CA",2026
SERVICENOW INC,Infrastructure Engineer,168000,"Indianapolis, IN",2026
SALESFORCE INC,Systems Engineer,132000,"San Francisco, CA",2026
COGNIZANT TECHNOLOGY SOLUTIONS,Frontend Engineer,74000,"Teaneck, NJ",2024
AMAZON WEB SERVICES INC,Full Stack Engineer,152000,"New York, NY",2024
UBER TECHNOLOGIES INC,SRE,166000,"San Francisco, CA",2025
INTEL CORPORATION,Frontend Engineer,171000,"Santa Clara, CA",2025
WALMART GLOBAL TECH,Software Engineer,117000,"Bentonville, AR",2026
COGNIZANT TECHNOLOGY SOLUTIONS,Big Data Engineer,64000,"Teaneck, NJ",2025
SERVICENOW INC,Infrastructure Engineer,142000,"Irvine, CA",2025
IBM CORPORATION,Senior Engineering Manager,130000,"Dallas, TX",2026
APPLE INC,Site Reliability Engineer,197000,"San Jose, CA",2025
SNAP INC,Business Intelligence Engineer,137000,"Santa Monica, CA",2024
PALANTIR TECHNOLOGIES,SDET,147000,"Denver, CO",2025
WALMART GLOBAL TECH,Machine Learning Engineer,131000,"Bentonville, AR",2025
JPMORGAN CHASE & CO,Network Engineer,118000,"Raleigh, NC",2024
CAPITAL ONE SERVICES LLC,Data Scientist,115000,"Richmond, VA",2024
VMWARE LLC,Analytics Engineer,177000,"Palo Alto, CA",2024
VMWARE LLC,Full Stack Engineer,123000,"Miami, FL",2026
LINKEDIN CORPORATION,Cloud Engineer,160000,"Sunnyvale, CA",2025
SQUARE INC,Product Manager,152000,"Minneapolis, MN",2025
NVIDIA CORPORATION,Backend Engineer,147000,"Santa Clara, CA",2025
LINKEDIN CORPORATION,DevOps Engineer,181000,"Alpharetta, GA",2025
ZOOM VIDEO COMMUNICATIONS,Senior Data Scientist,159000,"Newark, NJ",2026
TWITTER INC,Frontend Engineer,194000,"Arlington, VA",2026
SNAP INC,Senior Engineering Manager,194000,"Santa Monica, CA",2024
PALANTIR TECHNOLOGIES,Full Stack Engineer,144000,"Denver, CO",2026
SNAP INC,Technical Lead,159000,"Santa Monica, CA",2025
META PLATFORMS INC,QA Engineer,169000,"Menlo Park, CA",2024
TATA CONSULTANCY SERVICES,Machine Learning Engineer,72000,"Bridgewater, NJ",2024
IBM CORPORATION,Senior Engineering Manager,123000,"Nashville, TN",2026
AMAZON WEB SERVICES INC,Analytics Engineer,152000,"Seattle, WA",2026
JPMORGAN CHASE & CO,Staff Software Engineer,137000,"Philadelphia, PA",2025
WORKDAY INC,Engineering Manager,162000,"Bellevue, WA",2026
VMWARE LLC,Machine Learning Engineer,179000,"Palo Alto, CA",2024
WALMART GLOBAL TECH,Backend Engineer,104000,"Palo Alto, CA",2024
INTEL CORPORATION,Systems Engineer,115000,"Santa Clara, CA",2025
SQUARE INC,Data Engineer,134000,"Raleigh, NC",2026
INTEL CORPORATION,Product Manager,175000,"Santa Clara, CA",2026
APPLE INC,Staff Software Engineer,158000,"Cupertino, CA",2025
APPLE INC,Senior DevOps Engineer,153000,"Cupertino, CA",2025
JPMORGAN CHASE & CO,SRE,155000,"Cambridge, MA",2026
PALANTIR TECHNOLOGIES,Analytics Engineer,128000,"Richmond, VA",2024
UBER TECHNOLOGIES INC,Data Scientist,124000,"Orlando, FL",2025
CAPITAL ONE SERVICES LLC,Staff Software Engineer,132000,"McLean, VA",2025
STRIPE INC,Big Data Engineer,154000,"South San Francisco, CA",2025
PALANTIR TECHNOLOGIES,Financial Analyst,130000,"McLean, VA",2024
LINKEDIN CORPORATION,Software Engineer,198000,"Sunnyvale, CA",2026
INFOSYS LIMITED,Backend Engineer,107000,"Plano, TX",2026
SQUARE INC,Staff Software Engineer,137000,"Bridgewater, NJ",2026
NVIDIA CORPORATION,Analytics Engineer,242000,"Sacramento, CA",2025
WALMART GLOBAL TECH,Applied Scientist,114000,"Bentonville, AR",2025
WALMART GLOBAL TECH,DevOps Engineer,145000,"Bentonville, AR",2026
DATADOG INC,Financial Analyst,144000,"Boston, MA",2026
GOLDMAN SACHS & CO LLC,Senior Software Engineer,163000,"Plano, TX",2024
WALMART GLOBAL TECH,Data Scientist,120000,"Bentonville, AR",2026
COGNIZANT TECHNOLOGY SOLUTIONS,Staff Software Engineer,86000,"Milwaukee, WI",2026
GOOGLE LLC,Network Engineer,194000,"Mountain View, CA",2026
ADOBE INC,Product Manager,164000,"Detroit, MI",2026
TATA CONSULTANCY SERVICES,Senior Data Scientist,93000,"Bridgewater, NJ",2024
TWITTER INC,Frontend Engineer,164000,"Seattle, WA",2025
DELOITTE CONSULTING LLP,Solutions Architect,114000,"New York, NY",2026
LINKEDIN CORPORATION,Applied Scientist,165000,"Sunnyvale, CA",2024
CAPITAL ONE SERVICES LLC,Cloud Engineer,102000,"Raleigh, NC",2024
GOOGLE LLC,Platform Engineer,176000,"Orlando, FL",2025
ZOOM VIDEO COMMUNICATIONS,Database Administrator,177000,"Austin, TX",2026
ORACLE AMERICA INC,Solutions Architect,174000,"Austin, TX",2026
MICROSOFT CORPORATION,Big Data Engineer,167000,"Seattle, WA",2026
PINTEREST INC,Business Intelligence Engineer,125000,"Sacramento, CA",2025
ZOOM VIDEO COMMUNICATIONS,Technical Lead,169000,"San Jose, CA",2024
SALESFORCE INC,Analytics Engineer,178000,"San Francisco, CA",2024
SNAP INC,Network Engineer,144000,"Richmond, VA",2026
LINKEDIN CORPORATION,Compliance Analyst,161000,"Sunnyvale, CA",2025
ZOOM VIDEO COMMUNICATIONS,Senior Data Engineer,174000,"San Jose, CA",2025
TATA CONSULTANCY SERVICES,SRE,64000,"Bellevue, WA",2026
DROPOBOX INC,Network Engineer,161000,"Salt Lake City, UT",2025
ORACLE AMERICA INC,Platform Engineer,112000,"Nashville, TN",2026
WORKDAY INC,Big Data Engineer,111000,"Austin, TX",2025
AIRBNB INC,QA Engineer,197000,"San Francisco, CA",2025
COGNIZANT TECHNOLOGY SOLUTIONS,Machine Learning Engineer,73000,"Charlotte, NC",2025
DELOITTE CONSULTING LLP,Network Engineer,109000,"New York, NY",2024
SPLUNK INC,Engineering Manager,142000,"Arlington, VA",2024
WORKDAY INC,Security Engineer,170000,"Pleasanton, CA",2024
VMWARE LLC,Cloud Engineer,162000,"Palo Alto, CA",2025
DROPOBOX INC,Database Administrator,153000,"San Francisco, CA",2025
TESLA INC,Database Administrator,129000,"Austin, TX",2026
WALMART GLOBAL TECH,QA Engineer,100000,"Kansas City, MO",2026
ZOOM VIDEO COMMUNICATIONS,Compliance Analyst,153000,"McLean, VA",2025
SQUARE INC,Senior Engineering Manager,169000,"San Francisco, CA",2025
LINKEDIN CORPORATION,Technical Lead,195000,"Dallas, TX",2025
MICROSOFT CORPORATION,Machine Learning Engineer,138000,"Milwaukee, WI",2025
NVIDIA CORPORATION,Technical Lead,218000,"Santa Clara, CA",2025
DROPOBOX INC,Senior Product Manager,180000,"San Francisco, CA",2026
NETFLIX INC,Compliance Analyst,320000,"Los Gatos, CA",2024
MICROSOFT CORPORATION,Staff Software Engineer,160000,"Bridgewater, NJ",2024
AMAZON WEB SERVICES INC,Technical Program Manager,201000,"Seattle, WA",2024
WALMART GLOBAL TECH,Systems Engineer,125000,"Bentonville, AR",2024
AIRBNB INC,Machine Learning Engineer,194000,"Denver, CO",2025
INTEL CORPORATION,QA Engineer,172000,"Sunnyvale, CA",2025
DROPOBOX INC,Data Scientist,143000,"San Francisco, CA",2026
PALANTIR TECHNOLOGIES,Frontend Engineer,178000,"Richmond, VA",2026
ACCENTURE LLP,Cloud Engineer,99000,"Chicago, IL",2024
META PLATFORMS INC,Machine Learning Engineer,162000,"Menlo Park, CA",2026
PINTEREST INC,Business Intelligence Engineer,151000,"Milwaukee, WI",2024
WORKDAY INC,Product Manager,172000,"Pleasanton, CA",2025
APPLE INC,Senior Data Engineer,190000,"Cupertino, CA",2024
GOLDMAN SACHS & CO LLC,Solutions Architect,165000,"Palo Alto, CA",2024
WALMART GLOBAL TECH,Frontend Engineer,133000,"Bentonville, AR",2024
NETFLIX INC,Analytics Engineer,231000,"Los Gatos, CA",2026
SALESFORCE INC,Data Scientist,134000,"San Francisco, CA",2026
GOLDMAN SACHS & CO LLC,Senior Product Manager,132000,"New York, NY",2024
META PLATFORMS INC,Solutions Architect,144000,"Menlo Park, CA",2024
SERVICENOW INC,Engineering Manager,155000,"San Diego, CA",2025
ORACLE AMERICA INC,Senior Data Engineer,131000,"Indianapolis, IN",2025
TESLA INC,Software Engineer,173000,"Baltimore, MD",2025
META PLATFORMS INC,Database Administrator,178000,"Menlo Park, CA",2025
COGNIZANT TECHNOLOGY SOLUTIONS,Compliance Analyst,75000,"Bellevue, WA",2024
ORACLE AMERICA INC,Technical Lead,137000,"Atlanta, GA",2026
SQUARE INC,Staff Software Engineer,135000,"San Francisco, CA",2026
TATA CONSULTANCY SERVICES,Senior Data Scientist,99000,"Bridgewater, NJ",2026
WALMART GLOBAL TECH,Platform Engineer,116000,"Denver, CO",2025
SALESFORCE INC,Staff Software Engineer,180000,"San Francisco, CA",2025
DATADOG INC,Backend Engineer,190000,"Tampa, FL",2024
IBM CORPORATION,Product Manager,150000,"Armonk, NY",2025
CAPITAL ONE SERVICES LLC,Full Stack Engineer,121000,"McLean, VA",2025
TWITTER INC,Senior Engineering Manager,141000,"San Francisco, CA",2026
LINKEDIN CORPORATION,Analytics Engineer,190000,"Sunnyvale, CA",2024
SNAP INC,Site Reliability Engineer,172000,"Santa Monica, CA",2026
SPLUNK INC,Senior Data Engineer,174000,"San Francisco, CA",2026
WALMART GLOBAL TECH,Site Reliability Engineer,138000,"Bentonville, AR",2025
NETFLIX INC,Data Scientist,234000,"Boston, MA",2025
TATA CONSULTANCY SERVICES,Cloud Engineer,68000,"Bridgewater, NJ",2024
PALANTIR TECHNOLOGIES,Technical Program Manager,172000,"Denver, CO",2024
DOCUSIGN INC,Frontend Engineer,149000,"Mountain View, CA",2025
WALMART GLOBAL TECH,Technical Program Manager,135000,"Ann Arbor, MI",2026
JPMORGAN CHASE & CO,Senior Product Manager,156000,"New York, NY",2026
INFOSYS LIMITED,Business Intelligence Engineer,100000,"Salt Lake City, UT",2025
DELOITTE CONSULTING LLP,Big Data Engineer,130000,"New York, NY",2026
DROPOBOX INC,Site Reliability Engineer,125000,"New York, NY",2025
ACCENTURE LLP,Security Engineer,110000,"Chicago, IL",2026
NETFLIX INC,DevOps Engineer,269000,"Newark, NJ",2026
ZOOM VIDEO COMMUNICATIONS,Senior DevOps Engineer,138000,"San Jose, CA",2024
DOCUSIGN INC,Machine Learning Engineer,109000,"San Francisco, CA",2025
LINKEDIN CORPORATION,Security Engineer,201000,"Nashville, TN",2026
ADOBE INC,UX Engineer,139000,"Houston, TX",2026
CAPITAL ONE SERVICES LLC,Engineering Manager,132000,"Arlington, VA",2024
SPLUNK INC,Engineering Manager,173000,"Portland, OR",2026
ZOOM VIDEO COMMUNICATIONS,Technical Lead,152000,"Ann Arbor, MI",2025
SNAP INC,Data Engineer,122000,"Tampa, FL",2026
TESLA INC,Operations Research Analyst,172000,"Austin, TX",2025
SPLUNK INC,Operations Research Analyst,139000,"Reston, VA",2024
UBER TECHNOLOGIES INC,DevOps Engineer,154000,"San Francisco, CA",2024
IBM CORPORATION,Senior Product Manager,155000,"Phoenix, AZ",2025
TWITTER INC,SDET,148000,"Seattle, WA",2024
NVIDIA CORPORATION,Operations Research Analyst,179000,"Santa Clara, CA",2024
TWITTER INC,DevOps Engineer,187000,"San Francisco, CA",2026
SQUARE INC,Solutions Architect,153000,"Houston, TX",2025
SPLUNK INC,Systems Engineer,164000,"San Francisco, CA",2025
TESLA INC,Software Engineer,116000,"Redmond, WA",2026
WORKDAY INC,Technical Lead,126000,"Pleasanton, CA",2026
DATADOG INC,Operations Research Analyst,140000,"New York, NY",2024
SALESFORCE INC,Data Engineer,176000,"San Francisco, CA",2026
LINKEDIN CORPORATION,UX Engineer,200000,"Sunnyvale, CA",2025
INFOSYS LIMITED,SRE,108000,"Cupertino, CA",2025
META PLATFORMS INC,Technical Program Manager,209000,"Menlo Park, CA",2024
TWITTER INC,Engineering Manager,195000,"San Francisco, CA",2024
TESLA INC,Big Data Engineer,130000,"Bellevue, WA",2024
DOCUSIGN INC,Technical Program Manager,151000,"Seattle, WA",2025
AMAZON WEB SERVICES INC,Infrastructure Engineer,143000,"Bellevue, WA",2026
DOCUSIGN INC,Machine Learning Engineer,129000,"Arlington, VA",2026
AMAZON COM SERVICES LLC,Compliance Analyst,157000,"Chicago, IL",2025
AMAZON WEB SERVICES INC,Full Stack Engineer,167000,"Seattle, WA",2025
SPLUNK INC,AI Engineer,138000,"San Francisco, CA",2024
MICROSOFT CORPORATION,Research Scientist,140000,"Pittsburgh, PA",2025
DROPOBOX INC,UX Engineer,171000,"Sunnyvale, CA",2025
TATA CONSULTANCY SERVICES,Operations Research Analyst,71000,"Bridgewater, NJ",2026
APPLE INC,Backend Engineer,158000,"Jersey City, NJ",2026
WALMART GLOBAL TECH,Compliance Analyst,109000,"Bentonville, AR",2025
WALMART GLOBAL TECH,Senior Engineering Manager,141000,"Bentonville, AR",2024
SPLUNK INC,Applied Scientist,137000,"San Francisco, CA",2025
COGNIZANT TECHNOLOGY SOLUTIONS,Full Stack Engineer,67000,"Teaneck, NJ",2025
TWITTER INC,Technical Lead,174000,"San Francisco, CA",2024
STRIPE INC,QA Engineer,187000,"Plano, TX",2026
GOOGLE LLC,Full Stack Engineer,197000,"Mountain View, CA",2026
WALMART GLOBAL TECH,Network Engineer,107000,"Bentonville, AR",2024
SALESFORCE INC,SRE,162000,"San Francisco, CA",2024
APPLE INC,Product Manager,189000,"Minneapolis, MN",2026
PALANTIR TECHNOLOGIES,Backend Engineer,140000,"Baltimore, MD",2026
TATA CONSULTANCY SERVICES,Infrastructure Engineer,78000,"Bridgewater, NJ",2024
TWITTER INC,Full Stack Engineer,178000,"San Francisco, CA",2026
DATADOG INC,Business Intelligence Engineer,185000,"New York, NY",2025
TESLA INC,Machine Learning Engineer,109000,"New York, NY",2025
DROPOBOX INC,Engineering Manager,184000,"San Francisco, CA",2024
SERVICENOW INC,Financial Analyst,163000,"Santa Clara, CA",2025
ZOOM VIDEO COMMUNICATIONS,Data Scientist,183000,"San Jose, CA",2025
COGNIZANT TECHNOLOGY SOLUTIONS,Software Engineer,93000,"Teaneck, NJ",2024
APPLE INC,UX Engineer,156000,"Cupertino, CA",2025
NVIDIA CORPORATION,Frontend Engineer,199000,"Santa Clara, CA",2024
SPLUNK INC,Senior Product Manager,192000,"San Francisco, CA",2024
AIRBNB INC,Site Reliability Engineer,173000,"San Francisco, CA",2025
ADOBE INC,QA Engineer,122000,"San Jose, CA",2025
NETFLIX INC,Engineering Manager,248000,"Los Gatos, CA",2025
TATA CONSULTANCY SERVICES,Infrastructure Engineer,71000,"Bridgewater, NJ",2025
AIRBNB INC,Staff Software Engineer,165000,"Mountain View, CA",2026
LINKEDIN CORPORATION,DevOps Engineer,165000,"Chicago, IL",2026
ZOOM VIDEO COMMUNICATIONS,Machine Learning Engineer,136000,"Charlotte, NC",2025
META PLATFORMS INC,Business Intelligence Engineer,195000,"Menlo Park, CA",2024
TESLA INC,UX Engineer,150000,"Phoenix, AZ",2024
WORKDAY INC,Infrastructure Engineer,142000,"Pleasanton, CA",2024
VMWARE LLC,Compliance Analyst,131000,"Palo Alto, CA",2024
META PLATFORMS INC,Backend Engineer,148000,"Portland, OR",2024
GOLDMAN SACHS & CO LLC,Applied Scientist,176000,"New York, NY",2025
VMWARE LLC,Cloud Engineer,149000,"Alpharetta, GA",2024
CAPITAL ONE SERVICES LLC,Senior Data Scientist,147000,"McLean, VA",2025
CAPITAL ONE SERVICES LLC,QA Engineer,146000,"New York, NY",2025
GOOGLE LLC,Database Administrator,193000,"Nashville, TN",2026
IBM CORPORATION,AI Engineer,142000,"Seattle, WA",2025
MICROSOFT CORPORATION,Senior Data Scientist,183000,"Redmond, WA",2024
TESLA INC,Solutions Architect,162000,"Austin, TX",2025
TATA CONSULTANCY SERVICES,Data Engineer,68000,"Bridgewater, NJ",2025
META PLATFORMS INC,Senior Software Engineer,186000,"Menlo Park, CA",2024
MICROSOFT CORPORATION,AI Engineer,142000,"Salt Lake City, UT",2026
AMAZON COM SERVICES LLC,Engineering Manager,177000,"Seattle, WA",2026
DELOITTE CONSULTING LLP,Applied Scientist,114000,"Reston, VA",2025
AIRBNB INC,Frontend Engineer,145000,"San Francisco, CA",2025
APPLE INC,Machine Learning Engineer,136000,"San Francisco, CA",2026
META PLATFORMS INC,Software Engineer,208000,"Kansas City, MO",2026
AIRBNB INC,Machine Learning Engineer,171000,"Los Angeles, CA",2024
DATADOG INC,Platform Engineer,155000,"New York, NY",2024
SPLUNK INC,Systems Engineer,139000,"Atlanta, GA",2026
GOLDMAN SACHS & CO LLC,Platform Engineer,169000,"New York, NY",2024
AMAZON COM SERVICES LLC,Site Reliability Engineer,174000,"Cambridge, MA",2024
CAPITAL ONE SERVICES LLC,Senior Data Engineer,150000,"McLean, VA",2024
SALESFORCE INC,Staff Software Engineer,162000,"San Francisco, CA",2026
DOCUSIGN INC,Applied Scientist,129000,"San Francisco, CA",2026
NVIDIA CORPORATION,Senior Data Engineer,168000,"San Diego, CA",2025
ACCENTURE LLP,Technical Program Manager,107000,"Chicago, IL",2024
APPLE INC,Analytics Engineer,146000,"Cupertino, CA",2025
TESLA INC,Compliance Analyst,149000,"Austin, TX",2026
META PLATFORMS INC,Senior Software Engineer,167000,"Menlo Park, CA",2024
CAPITAL ONE SERVICES LLC,Senior Engineering Manager,130000,"McLean, VA",2026
GOLDMAN SACHS & CO LLC,Database Administrator,170000,"New York, NY",2024
IBM CORPORATION,Software Engineer,97000,"Tampa, FL",2026
DOCUSIGN INC,Data Engineer,168000,"San Francisco, CA",2026
NVIDIA CORPORATION,Product Manager,243000,"Baltimore, MD",2024
AIRBNB INC,Senior Software Engineer,154000,"Columbus, OH",2024
ORACLE AMERICA INC,Senior Product Manager,149000,"Newark, NJ",2024
IBM CORPORATION,Business Intelligence Engineer,143000,"Columbus, OH",2025
TATA CONSULTANCY SERVICES,Cloud Engineer,99000,"Bridgewater, NJ",2025
SNAP INC,Platform Engineer,198000,"Santa Monica, CA",2025
PALANTIR TECHNOLOGIES,Senior Data Scientist,140000,"Jersey City, NJ",2024
ZOOM VIDEO COMMUNICATIONS,Product Manager,132000,"San Jose, CA",2025
TWITTER INC,Network Engineer,138000,"San Francisco, CA",2024
SNAP INC,Technical Lead,157000,"Santa Monica, CA",2026
GOOGLE LLC,Security Engineer,166000,"Mountain View, CA",2024
PALANTIR TECHNOLOGIES,Cloud Engineer,168000,"Denver, CO",2025
INTEL CORPORATION,Technical Lead,166000,"Santa Clara, CA",2024
COGNIZANT TECHNOLOGY SOLUTIONS,Analytics Engineer,67000,"Teaneck, NJ",2026
SNAP INC,QA Engineer,154000,"Palo Alto, CA",2025
DATADOG INC,Software Engineer,147000,"Portland, OR",2025
ZOOM VIDEO COMMUNICATIONS,Analytics Engineer,158000,"San Jose, CA",2024
SQUARE INC,Backend Engineer,124000,"Houston, TX",2025
DATADOG INC,Analytics Engineer,137000,"Jersey City, NJ",2026
DELOITTE CONSULTING LLP,Data Scientist,114000,"New York, NY",2026
WALMART GLOBAL TECH,Machine Learning Engineer,117000,"Bentonville, AR",2026
INTEL CORPORATION,Big Data Engineer,139000,"Santa Clara, CA",2026
DROPOBOX INC,Solutions Architect,179000,"McLean, VA",2024
CAPITAL ONE SERVICES LLC,Database Administrator,118000,"McLean, VA",2026
ACCENTURE LLP,Network Engineer,120000,"Chicago, IL",2026
STRIPE INC,DevOps Engineer,222000,"South San Francisco, CA",2026
SALESFORCE INC,Cloud Engineer,190000,"San Francisco, CA",2026
CAPITAL ONE SERVICES LLC,AI Engineer,101000,"Atlanta, GA",2025
DELOITTE CONSULTING LLP,Network Engineer,114000,"New York, NY",2024
TATA CONSULTANCY SERVICES,Applied Scientist,82000,"Bridgewater, NJ",2024
SQUARE INC,Engineering Manager,189000,"Irvine, CA",2024
AMAZON COM SERVICES LLC,Product Manager,173000,"Salt Lake City, UT",2024
AIRBNB INC,Senior Product Manager,163000,"San Francisco, CA",2024
DATADOG INC,QA Engineer,127000,"New York, NY",2026
STRIPE INC,Compliance Analyst,197000,"Jersey City, NJ",2024
DATADOG INC,SRE,159000,"New York, NY",2025
JPMORGAN CHASE & CO,Frontend Engineer,167000,"Palo Alto, CA",2024
MICROSOFT CORPORATION,Technical Lead,186000,"Redmond, WA",2026
SALESFORCE INC,Security Engineer,182000,"San Francisco, CA",2026
SNAP INC,Database Administrator,138000,"Santa Monica, CA",2025
ZOOM VIDEO COMMUNICATIONS,AI Engineer,174000,"Palo Alto, CA",2024
ADOBE INC,Network Engineer,164000,"San Jose, CA",2025
APPLE INC,Senior Software Engineer,171000,"Sacramento, CA",2026
AIRBNB INC,Research Scientist,197000,"Reston, VA",2026
META PLATFORMS INC,Compliance Analyst,194000,"Menlo Park, CA",2026
TATA CONSULTANCY SERVICES,Compliance Analyst,66000,"Alpharetta, GA",2024
VMWARE LLC,Data Scientist,170000,"Palo Alto, CA",2026
GOLDMAN SACHS & CO LLC,Senior DevOps Engineer,142000,"Kansas City, MO",2024
NVIDIA CORPORATION,Applied Scientist,212000,"Santa Clara, CA",2024
SERVICENOW INC,Senior Software Engineer,177000,"Redmond, WA",2024
DATADOG INC,AI Engineer,184000,"New York, NY",2026
SALESFORCE INC,Engineering Manager,165000,"San Francisco, CA",2025
ZOOM VIDEO COMMUNICATIONS,SRE,119000,"Baltimore, MD",2024
AIRBNB INC,Compliance Analyst,183000,"San Francisco, CA",2026
CAPITAL ONE SERVICES LLC,Big Data Engineer,98000,"Salt Lake City, UT",2025
SPLUNK INC,Full Stack Engineer,155000,"San Francisco, CA",2026
INFOSYS LIMITED,Product Manager,86000,"Plano, TX",2026
VMWARE LLC,Software Engineer,124000,"Palo Alto, CA",2026
SPLUNK INC,Infrastructure Engineer,160000,"San Francisco, CA",2026
ADOBE INC,AI Engineer,121000,"San Jose, CA",2025
PINTEREST INC,Data Scientist,128000,"San Francisco, CA",2026
WORKDAY INC,Operations Research Analyst,165000,"Boulder, CO",2024
COGNIZANT TECHNOLOGY SOLUTIONS,Network Engineer,77000,"Bridgewater, NJ",2025
AIRBNB INC,Operations Research Analyst,159000,"Plano, TX",2024
INFOSYS LIMITED,Operations Research Analyst,80000,"Portland, OR",2024
SERVICENOW INC,Applied Scientist,149000,"Arlington, VA",2024
SNAP INC,SRE,175000,"Santa Monica, CA",2026
ZOOM VIDEO COMMUNICATIONS,Platform Engineer,134000,"Detroit, MI",2025
GOLDMAN SACHS & CO LLC,Platform Engineer,143000,"New York, NY",2024
DROPOBOX INC,Senior Engineering Manager,151000,"San Francisco, CA",2026
META PLATFORMS INC,Senior Engineering Manager,207000,"Dallas, TX",2026
DATADOG INC,Product Manager,186000,"New York, NY",2025
TATA CONSULTANCY SERVICES,Technical Lead,86000,"Bridgewater, NJ",2024
PINTEREST INC,Senior Data Scientist,180000,"San Francisco, CA",2026
LINKEDIN CORPORATION,Technical Lead,189000,"Sunnyvale, CA",2025
MICROSOFT CORPORATION,Machine Learning Engineer,191000,"Redmond, WA",2024
AMAZON COM SERVICES LLC,Machine Learning Engineer,126000,"Dallas, TX",2025
ACCENTURE LLP,Product Manager,115000,"Ann Arbor, MI",2024
STRIPE INC,Full Stack Engineer,185000,"South San Francisco, CA",2026
TATA CONSULTANCY SERVICES,Engineering Manager,87000,"Bridgewater, NJ",2026
NETFLIX INC,Applied Scientist,281000,"Los Gatos, CA",2026
ORACLE AMERICA INC,AI Engineer,137000,"Austin, TX",2026
VMWARE LLC,Data Engineer,130000,"Boulder, CO",2024
SERVICENOW INC,Senior Software Engineer,140000,"Santa Clara, CA",2025
GOOGLE LLC,SDET,216000,"Mountain View, CA",2025
COGNIZANT TECHNOLOGY SOLUTIONS,Security Engineer,89000,"Irvine, CA",2024
INFOSYS LIMITED,Senior Data Scientist,93000,"Plano, TX",2024
APPLE INC,Backend Engineer,179000,"Cupertino, CA",2026
UBER TECHNOLOGIES INC,Data Scientist,131000,"Schaumburg, IL",2024
NVIDIA CORPORATION,Business Intelligence Engineer,146000,"Santa Clara, CA",2026
ADOBE INC,Infrastructure Engineer,190000,"Newark, NJ",2026
WALMART GLOBAL TECH,Security Engineer,92000,"Bentonville, AR",2024
VMWARE LLC,Cloud Engineer,120000,"Palo Alto, CA",2026
DROPOBOX INC,Engineering Manager,160000,"San Francisco, CA",2024
CAPITAL ONE SERVICES LLC,DevOps Engineer,131000,"McLean, VA",2026
TATA CONSULTANCY SERVICES,Data Scientist,75000,"Bridgewater, NJ",2025
WORKDAY INC,Senior Software Engineer,153000,"Pleasanton, CA",2024
META PLATFORMS INC,Senior Data Scientist,169000,"Menlo Park, CA",2024
INFOSYS LIMITED,Big Data Engineer,100000,"Schaumburg, IL",2024
AIRBNB INC,UX Engineer,126000,"San Francisco, CA",2025
TESLA INC,Solutions Architect,106000,"Austin, TX",2024
CAPITAL ONE SERVICES LLC,Platform Engineer,112000,"McLean, VA",2025
AMAZON COM SERVICES LLC,Research Scientist,153000,"Seattle, WA",2025
DOCUSIGN INC,Operations Research Analyst,142000,"Kansas City, MO",2026
SALESFORCE INC,Network Engineer,179000,"San Francisco, CA",2025
CAPITAL ONE SERVICES LLC,Operations Research Analyst,128000,"Dallas, TX",2025
INTEL CORPORATION,Database Administrator,111000,"Santa Clara, CA",2026
UBER TECHNOLOGIES INC,Product Manager,148000,"Redmond, WA",2025
DROPOBOX INC,Analytics Engineer,129000,"San Francisco, CA",2024
TWITTER INC,Senior Engineering Manager,162000,"San Francisco, CA",2024
VMWARE LLC,Network Engineer,133000,"Palo Alto, CA",2025
SNAP INC,Senior Data Scientist,156000,"Santa Monica, CA",2024
SPLUNK INC,Cloud Engineer,165000,"Ann Arbor, MI",2025
META PLATFORMS INC,Technical Lead,180000,"Palo Alto, CA",2025
PINTEREST INC,Big Data Engineer,131000,"Raleigh, NC",2024
TESLA INC,Senior Data Scientist,138000,"Austin, TX",2024
META PLATFORMS INC,Senior Engineering Manager,178000,"Menlo Park, CA",2024
AMAZON WEB SERVICES INC,Technical Program Manager,153000,"Phoenix, AZ",2024
DELOITTE CONSULTING LLP,Senior Data Scientist,137000,"New York, NY",2026
TESLA INC,Senior Software Engineer,151000,"Raleigh, NC",2026
COGNIZANT TECHNOLOGY SOLUTIONS,Staff Software Engineer,87000,"Teaneck, NJ",2025
DATADOG INC,Big Data Engineer,152000,"New York, NY",2025
META PLATFORMS INC,Frontend Engineer,201000,"Menlo Park, CA",2026
UBER TECHNOLOGIES INC,SRE,145000,"San Francisco, CA",2024
META PLATFORMS INC,Database Administrator,174000,"Menlo Park, CA",2025
DOCUSIGN INC,Business Intelligence Engineer,115000,"San Francisco, CA",2025
ORACLE AMERICA INC,Data Scientist,119000,"San Francisco, CA",2026
INFOSYS LIMITED,Product Manager,86000,"Reston, VA",2025
NETFLIX INC,Research Scientist,340000,"Pittsburgh, PA",2025
PALANTIR TECHNOLOGIES,Security Engineer,168000,"Denver, CO",2025
APPLE INC,Senior Engineering Manager,191000,"Cupertino, CA",2025
STRIPE INC,Systems Engineer,223000,"Boston, MA",2024
TATA CONSULTANCY SERVICES,UX Engineer,77000,"Bridgewater, NJ",2025
UBER TECHNOLOGIES INC,Platform Engineer,131000,"San Francisco, CA",2025
UBER TECHNOLOGIES INC,Machine Learning Engineer,158000,"San Francisco, CA",2025
NVIDIA CORPORATION,Machine Learning Engineer,161000,"Salt Lake City, UT",2026
SQUARE INC,Senior Data Scientist,139000,"San Francisco, CA",2026
GOOGLE LLC,UX Engineer,186000,"Sunnyvale, CA",2024
SQUARE INC,DevOps Engineer,168000,"San Francisco, CA",2024
STRIPE INC,SDET,180000,"Palo Alto, CA",2026
DROPOBOX INC,Infrastructure Engineer,178000,"San Francisco, CA",2024
JPMORGAN CHASE & CO,SDET,113000,"Raleigh, NC",2026
COGNIZANT TECHNOLOGY SOLUTIONS,Database Administrator,79000,"San Francisco, CA",2024
ACCENTURE LLP,UX Engineer,89000,"Boulder, CO",2024
DATADOG INC,Product Manager,166000,"New York, NY",2026
ZOOM VIDEO COMMUNICATIONS,SRE,137000,"San Jose, CA",2026
ZOOM VIDEO COMMUNICATIONS,Analytics Engineer,120000,"Brooklyn, NY",2026
COGNIZANT TECHNOLOGY SOLUTIONS,UX Engineer,75000,"Teaneck, NJ",2026
NVIDIA CORPORATION,Applied Scientist,207000,"Santa Clara, CA",2026
INFOSYS LIMITED,Senior Product Manager,86000,"Plano, TX",2024
META PLATFORMS INC,Data Scientist,150000,"San Francisco, CA",2024
TATA CONSULTANCY SERVICES,Data Scientist,79000,"Dallas, TX",2025
ZOOM VIDEO COMMUNICATIONS,Machine Learning Engineer,112000,"Cambridge, MA",2025
TESLA INC,Senior Product Manager,157000,"Atlanta, GA",2026
DROPOBOX INC,UX Engineer,185000,"Houston, TX",2024
SERVICENOW INC,Compliance Analyst,154000,"Santa Clara, CA",2024
AIRBNB INC,Compliance Analyst,130000,"Portland, OR",2024
AMAZON COM SERVICES LLC,UX Engineer,194000,"San Jose, CA",2025
ACCENTURE LLP,Backend Engineer,108000,"Chicago, IL",2025
AMAZON WEB SERVICES INC,Cloud Engineer,138000,"Jersey City, NJ",2024
CAPITAL ONE SERVICES LLC,Senior Software Engineer,133000,"Jersey City, NJ",2024
INFOSYS LIMITED,Machine Learning Engineer,83000,"Plano, TX",2025
CAPITAL ONE SERVICES LLC,Operations Research Analyst,138000,"Austin, TX",2026
DOCUSIGN INC,Research Scientist,112000,"San Francisco, CA",2025
TWITTER INC,Frontend Engineer,154000,"Plano, TX",2024
GOLDMAN SACHS & CO LLC,SDET,174000,"New York, NY",2024
ORACLE AMERICA INC,DevOps Engineer,112000,"Austin, TX",2024
SERVICENOW INC,Frontend Engineer,123000,"Santa Clara, CA",2024
WALMART GLOBAL TECH,Machine Learning Engineer,120000,"Houston, TX",2024
TATA CONSULTANCY SERVICES,Machine Learning Engineer,99000,"Bridgewater, NJ",2024
IBM CORPORATION,Staff Software Engineer,123000,"Bentonville, AR",2024
NVIDIA CORPORATION,Operations Research Analyst,140000,"Dallas, TX",2024
INFOSYS LIMITED,SRE,79000,"Plano, TX",2024
GOOGLE LLC,QA Engineer,189000,"Minneapolis, MN",2026
ORACLE AMERICA INC,Senior DevOps Engineer,143000,"Austin, TX",2026
STRIPE INC,Data Scientist,164000,"Cambridge, MA",2025
WORKDAY INC,QA Engineer,142000,"Pleasanton, CA",2025
ADOBE INC,Machine Learning Engineer,129000,"San Jose, CA",2024
ORACLE AMERICA INC,Data Scientist,169000,"Austin, TX",2024
UBER TECHNOLOGIES INC,Compliance Analyst,124000,"Irvine, CA",2025
SPLUNK INC,Senior Software Engineer,181000,"Dallas, TX",2024
META PLATFORMS INC,Infrastructure Engineer,142000,"Menlo Park, CA",2024
GOLDMAN SACHS & CO LLC,Senior Data Scientist,173000,"New York, NY",2025
AIRBNB INC,Business Intelligence Engineer,144000,"San Francisco, CA",2026
SPLUNK INC,SRE,189000,"San Francisco, CA",2024
META PLATFORMS INC,Technical Program Manager,215000,"Arlington, VA",2026
LINKEDIN CORPORATION,Analytics Engineer,180000,"Sunnyvale, CA",2026
DOCUSIGN INC,Solutions Architect,158000,"San Francisco, CA",2026
INFOSYS LIMITED,SDET,78000,"Plano, TX",2024
DROPOBOX INC,DevOps Engineer,150000,"San Francisco, CA",2026
WALMART GLOBAL TECH,UX Engineer,129000,"Bentonville, AR",2025
AIRBNB INC,Technical Program Manager,177000,"Los Angeles, CA",2025
SERVICENOW INC,Senior Engineering Manager,146000,"Santa Clara, CA",2025
SPLUNK INC,Platform Engineer,122000,"Arlington, VA",2024
DOCUSIGN INC,Analytics Engineer,118000,"San Francisco, CA",2024
UBER TECHNOLOGIES INC,Senior Data Engineer,158000,"San Francisco, CA",2026
SNAP INC,Technical Lead,176000,"Santa Monica, CA",2024
SALESFORCE INC,Technical Program Manager,164000,"Seattle, WA",2026
ACCENTURE LLP,Research Scientist,108000,"Chicago, IL",2026
COGNIZANT TECHNOLOGY SOLUTIONS,Database Administrator,65000,"Teaneck, NJ",2025
GOOGLE LLC,Technical Program Manager,195000,"Mountain View, CA",2024
IBM CORPORATION,Big Data Engineer,152000,"Armonk, NY",2025
STRIPE INC,Full Stack Engineer,223000,"South San Francisco, CA",2025
MICROSOFT CORPORATION,Financial Analyst,179000,"Boulder, CO",2024
JPMORGAN CHASE & CO,Senior Product Manager,167000,"New York, NY",2024
PINTEREST INC,DevOps Engineer,192000,"San Francisco, CA",2024
PINTEREST INC,Compliance Analyst,181000,"San Jose, CA",2026
MICROSOFT CORPORATION,Research Scientist,142000,"Redmond, WA",2026
AIRBNB INC,Backend Engineer,186000,"San Francisco, CA",2025
CAPITAL ONE SERVICES LLC,Operations Research Analyst,155000,"Chicago, IL",2024
DATADOG INC,Senior Data Engineer,190000,"New York, NY",2024
GOOGLE LLC,Cloud Engineer,196000,"Mountain View, CA",2024
AMAZON COM SERVICES LLC,Senior Product Manager,172000,"St. Louis, MO",2025
ADOBE INC,Senior Data Engineer,156000,"San Jose, CA",2024
UBER TECHNOLOGIES INC,Data Scientist,157000,"San Francisco, CA",2026
DATADOG INC,Business Intelligence Engineer,152000,"McLean, VA",2025
COGNIZANT TECHNOLOGY SOLUTIONS,Applied Scientist,84000,"Charlotte, NC",2026
WORKDAY INC,Backend Engineer,154000,"Pleasanton, CA",2025
TESLA INC,Backend Engineer,156000,"Denver, CO",2026
CAPITAL ONE SERVICES LLC,Network Engineer,131000,"McLean, VA",2025
DATADOG INC,AI Engineer,144000,"Orlando, FL",2024
DATADOG INC,Compliance Analyst,191000,"Pittsburgh, PA",2024
ZOOM VIDEO COMMUNICATIONS,QA Engineer,182000,"San Jose, CA",2025
COGNIZANT TECHNOLOGY SOLUTIONS,Senior DevOps Engineer,89000,"Teaneck, NJ",2026
ZOOM VIDEO COMMUNICATIONS,Infrastructure Engineer,134000,"San Jose, CA",2025
TWITTER INC,Data Scientist,139000,"Pittsburgh, PA",2024
UBER TECHNOLOGIES INC,Network Engineer,147000,"San Francisco, CA",2025
TWITTER INC,Compliance Analyst,121000,"San Francisco, CA",2025
UBER TECHNOLOGIES INC,Engineering Manager,154000,"San Francisco, CA",2025
INFOSYS LIMITED,Senior Software Engineer,104000,"Plano, TX",2026
ACCENTURE LLP,QA Engineer,95000,"Denver, CO",2024
NETFLIX INC,DevOps Engineer,273000,"Bentonville, AR",2024
ADOBE INC,Software Engineer,123000,"San Jose, CA",2026
SALESFORCE INC,Infrastructure Engineer,197000,"San Francisco, CA",2024
PINTEREST INC,Solutions Architect,132000,"San Francisco, CA",2025
LINKEDIN CORPORATION,Research Scientist,138000,"Sacramento, CA",2026
NVIDIA CORPORATION,Staff Software Engineer,188000,"Palo Alto, CA",2024
DROPOBOX INC,QA Engineer,149000,"Arlington, VA",2026
WORKDAY INC,Site Reliability Engineer,123000,"St. Louis, MO",2026
GOLDMAN SACHS & CO LLC,Security Engineer,163000,"New York, NY",2024
DROPOBOX INC,Analytics Engineer,132000,"St. Louis, MO",2026
MICROSOFT CORPORATION,Machine Learning Engineer,142000,"Cupertino, CA",2025
AMAZON WEB SERVICES INC,Network Engineer,173000,"Seattle, WA",2025
DATADOG INC,Big Data Engineer,127000,"Palo Alto, CA",2026
SPLUNK INC,Cloud Engineer,144000,"Sunnyvale, CA",2026
APPLE INC,Data Scientist,190000,"Cupertino, CA",2026
CAPITAL ONE SERVICES LLC,UX Engineer,135000,"McLean, VA",2024
NVIDIA CORPORATION,DevOps Engineer,238000,"Santa Clara, CA",2024
DELOITTE CONSULTING LLP,Infrastructure Engineer,137000,"Cambridge, MA",2025
SQUARE INC,Database Administrator,186000,"San Francisco, CA",2025
META PLATFORMS INC,UX Engineer,163000,"Menlo Park, CA",2025
COGNIZANT TECHNOLOGY SOLUTIONS,UX Engineer,90000,"Teaneck, NJ",2025
SQUARE INC,Senior Product Manager,153000,"Houston, TX",2025
COGNIZANT TECHNOLOGY SOLUTIONS,SRE,64000,"Teaneck, NJ",2024
SQUARE INC,Data Scientist,182000,"San Francisco, CA",2026
PALANTIR TECHNOLOGIES,Operations Research Analyst,182000,"Denver, CO",2024
COGNIZANT TECHNOLOGY SOLUTIONS,Senior Data Scientist,89000,"Newark, NJ",2026
DROPOBOX INC,Systems Engineer,132000,"Phoenix, AZ",2026
UBER TECHNOLOGIES INC,Full Stack Engineer,132000,"Salt Lake City, UT",2026
DROPOBOX INC,SDET,151000,"Kansas City, MO",2025
ORACLE AMERICA INC,Platform Engineer,117000,"Austin, TX",2025
GOLDMAN SACHS & CO LLC,DevOps Engineer,117000,"Palo Alto, CA",2024
UBER TECHNOLOGIES INC,SRE,176000,"Detroit, MI",2026
INTEL CORPORATION,Business Intelligence Engineer,147000,"Santa Clara, CA",2026
NETFLIX INC,Senior DevOps Engineer,350000,"Philadelphia, PA",2026
SPLUNK INC,UX Engineer,125000,"Bridgewater, NJ",2025
META PLATFORMS INC,Financial Analyst,170000,"Menlo Park, CA",2026
DROPOBOX INC,Machine Learning Engineer,153000,"San Francisco, CA",2025
DELOITTE CONSULTING LLP,DevOps Engineer,120000,"New York, NY",2024
WORKDAY INC,UX Engineer,169000,"Pleasanton, CA",2024
META PLATFORMS INC,Senior Software Engineer,213000,"Baltimore, MD",2025
AMAZON COM SERVICES LLC,Senior Product Manager,173000,"Seattle, WA",2026
JPMORGAN CHASE & CO,UX Engineer,136000,"Austin, TX",2025
JPMORGAN CHASE & CO,Research Scientist,135000,"New York, NY",2024
IBM CORPORATION,Operations Research Analyst,130000,"Armonk, NY",2026
CAPITAL ONE SERVICES LLC,Data Scientist,103000,"McLean, VA",2026
PALANTIR TECHNOLOGIES,Solutions Architect,158000,"Denver, CO",2026
LINKEDIN CORPORATION,Analytics Engineer,139000,"Atlanta, GA",2026
SNAP INC,Infrastructure Engineer,122000,"Santa Monica, CA",2024
COGNIZANT TECHNOLOGY SOLUTIONS,Systems Engineer,85000,"Teaneck, NJ",2024
TWITTER INC,QA Engineer,187000,"San Francisco, CA",2024
ACCENTURE LLP,Applied Scientist,105000,"Los Angeles, CA",2025
DROPOBOX INC,DevOps Engineer,182000,"San Francisco, CA",2026
INFOSYS LIMITED,Senior Data Scientist,108000,"Plano, TX",2026
DROPOBOX INC,Senior Data Scientist,156000,"San Francisco, CA",2024
TWITTER INC,Full Stack Engineer,139000,"San Jose, CA",2024
JPMORGAN CHASE & CO,SDET,125000,"New York, NY",2024
NVIDIA CORPORATION,Analytics Engineer,170000,"Santa Clara, CA",2026
IBM CORPORATION,SRE,110000,"Arlington, VA",2025
UBER TECHNOLOGIES INC,Security Engineer,174000,"San Francisco, CA",2025
IBM CORPORATION,Analytics Engineer,106000,"Armonk, NY",2024
SQUARE INC,Software Engineer,188000,"San Francisco, CA",2024
SPLUNK INC,Infrastructure Engineer,153000,"San Diego, CA",2026
DOCUSIGN INC,Senior Software Engineer,161000,"San Francisco, CA",2026
SNAP INC,Data Engineer,192000,"Santa Monica, CA",2026
DROPOBOX INC,Compliance Analyst,143000,"Raleigh, NC",2026
WALMART GLOBAL TECH,SDET,110000,"Bentonville, AR",2025
NVIDIA CORPORATION,SDET,148000,"Santa Clara, CA",2024
META PLATFORMS INC,Infrastructure Engineer,137000,"Menlo Park, CA",2024
SALESFORCE INC,Engineering Manager,187000,"San Francisco, CA",2026
PINTEREST INC,Compliance Analyst,147000,"San Francisco, CA",2024
META PLATFORMS INC,Software Engineer,164000,"Cupertino, CA",2026
SPLUNK INC,Business Intelligence Engineer,162000,"San Francisco, CA",2024
AIRBNB INC,Business Intelligence Engineer,139000,"San Francisco, CA",2025
PALANTIR TECHNOLOGIES,SRE,134000,"Bentonville, AR",2024
WORKDAY INC,SRE,132000,"Pleasanton, CA",2026
INTEL CORPORATION,Backend Engineer,129000,"Bellevue, WA",2025
SQUARE INC,DevOps Engineer,118000,"San Francisco, CA",2026
ACCENTURE LLP,Engineering Manager,105000,"Chicago, IL",2026
DOCUSIGN INC,Technical Program Manager,139000,"San Francisco, CA",2026
AMAZON WEB SERVICES INC,Financial Analyst,142000,"Seattle, WA",2025
WORKDAY INC,Staff Software Engineer,158000,"Miami, FL",2026
DROPOBOX INC,Data Engineer,156000,"San Francisco, CA",2024
META PLATFORMS INC,Analytics Engineer,172000,"Menlo Park, CA",2024
INTEL CORPORATION,Technical Program Manager,163000,"Tempe, AZ",2025
META PLATFORMS INC,SRE,201000,"Menlo Park, CA",2024
META PLATFORMS INC,Technical Lead,177000,"Plano, TX",2024
INFOSYS LIMITED,Engineering Manager,88000,"Plano, TX",2025
TESLA INC,Solutions Architect,137000,"Schaumburg, IL",2026
ZOOM VIDEO COMMUNICATIONS,SDET,120000,"Arlington, VA",2024
SNAP INC,Senior Engineering Manager,146000,"Santa Monica, CA",2026
LINKEDIN CORPORATION,Engineering Manager,165000,"Sunnyvale, CA",2026
META PLATFORMS INC,Data Scientist,193000,"Baltimore, MD",2026
META PLATFORMS INC,Analytics Engineer,170000,"Seattle, WA",2024
INFOSYS LIMITED,Analytics Engineer,65000,"Plano, TX",2026
AMAZON WEB SERVICES INC,Software Engineer,160000,"Indianapolis, IN",2024
DOCUSIGN INC,Database Administrator,129000,"Miami, FL",2024
WALMART GLOBAL TECH,Backend Engineer,148000,"Bentonville, AR",2024
WALMART GLOBAL TECH,Data Engineer,148000,"Bentonville, AR",2025
TESLA INC,Frontend Engineer,173000,"Austin, TX",2025
SQUARE INC,Engineering Manager,147000,"San Francisco, CA",2024
AMAZON WEB SERVICES INC,Financial Analyst,151000,"Cupertino, CA",2026
SQUARE INC,Analytics Engineer,144000,"San Francisco, CA",2024
AMAZON COM SERVICES LLC,Software Engineer,194000,"Detroit, MI",2025
COGNIZANT TECHNOLOGY SOLUTIONS,DevOps Engineer,78000,"Teaneck, NJ",2025
TWITTER INC,Research Scientist,176000,"Tampa, FL",2026
ACCENTURE LLP,Network Engineer,97000,"Chicago, IL",2024
AIRBNB INC,Analytics Engineer,194000,"San Francisco, CA",2026
VMWARE LLC,Infrastructure Engineer,137000,"Palo Alto, CA",2025
UBER TECHNOLOGIES INC,Systems Engineer,144000,"San Francisco, CA",2024
SERVICENOW INC,Machine Learning Engineer,136000,"Santa Clara, CA",2024
DELOITTE CONSULTING LLP,Technical Lead,112000,"New York, NY",2026
DOCUSIGN INC,Senior Data Engineer,134000,"San Francisco, CA",2026
ORACLE AMERICA INC,AI Engineer,174000,"Austin, TX",2026
SERVICENOW INC,DevOps Engineer,158000,"Bridgewater, NJ",2024
PALANTIR TECHNOLOGIES,Network Engineer,155000,"Denver, CO",2025
JPMORGAN CHASE & CO,Software Engineer,141000,"New York, NY",2025
SQUARE INC,Research Scientist,172000,"San Francisco, CA",2026
AIRBNB INC,Solutions Architect,148000,"Bellevue, WA",2024
INTEL CORPORATION,Machine Learning Engineer,172000,"Newark, NJ",2024
NETFLIX INC,Site Reliability Engineer,309000,"Portland, OR",2026
PINTEREST INC,Senior Software Engineer,156000,"Arlington, VA",2025
GOOGLE LLC,SRE,196000,"Mountain View, CA",2026
COGNIZANT TECHNOLOGY SOLUTIONS,Applied Scientist,65000,"Denver, CO",2025
IBM CORPORATION,Financial Analyst,145000,"Armonk, NY",2026
WALMART GLOBAL TECH,Infrastructure Engineer,131000,"Indianapolis, IN",2024
APPLE INC,Analytics Engineer,192000,"Cupertino, CA",2025
SPLUNK INC,Applied Scientist,165000,"Jersey City, NJ",2024
DELOITTE CONSULTING LLP,Senior Data Engineer,114000,"New York, NY",2025
DOCUSIGN INC,Analytics Engineer,175000,"San Francisco, CA",2025
SERVICENOW INC,Database Administrator,170000,"Santa Clara, CA",2026
AMAZON COM SERVICES LLC,Analytics Engineer,141000,"Seattle, WA",2024
WALMART GLOBAL TECH,Staff Software Engineer,120000,"Bentonville, AR",2025
TESLA INC,Analytics Engineer,127000,"Austin, TX",2026
ORACLE AMERICA INC,Research Scientist,133000,"Austin, TX",2024
COGNIZANT TECHNOLOGY SOLUTIONS,Cloud Engineer,104000,"Teaneck, NJ",2026
META PLATFORMS INC,Systems Engineer,175000,"Menlo Park, CA",2026
STRIPE INC,Senior Engineering Manager,163000,"South San Francisco, CA",2026
IBM CORPORATION,Data Scientist,131000,"Armonk, NY",2024
MICROSOFT CORPORATION,Engineering Manager,188000,"Nashville, TN",2024
SNAP INC,Technical Program Manager,182000,"Santa Monica, CA",2025
GOOGLE LLC,Analytics Engineer,162000,"Mountain View, CA",2025
NETFLIX INC,Platform Engineer,316000,"Alpharetta, GA",2025
CAPITAL ONE SERVICES LLC,Technical Program Manager,124000,"McLean, VA",2026
WORKDAY INC,Machine Learning Engineer,108000,"Pleasanton, CA",2026
GOOGLE LLC,Security Engineer,167000,"Mountain View, CA",2024
SERVICENOW INC,Cloud Engineer,160000,"Sunnyvale, CA",2024
WORKDAY INC,Machine Learning Engineer,156000,"Pleasanton, CA",2024
INFOSYS LIMITED,UX Engineer,68000,"Plano, TX",2025
WALMART GLOBAL TECH,Research Scientist,144000,"Phoenix, AZ",2026
SNAP INC,Solutions Architect,145000,"Miami, FL",2026
AIRBNB INC,Network Engineer,146000,"Tampa, FL",2024
DATADOG INC,Machine Learning Engineer,121000,"New York, NY",2024
WALMART GLOBAL TECH,UX Engineer,144000,"Bentonville, AR",2024
SERVICENOW INC,Product Manager,143000,"Santa Clara, CA",2026
GOOGLE LLC,Cloud Engineer,216000,"Dallas, TX",2026
ZOOM VIDEO COMMUNICATIONS,Backend Engineer,132000,"San Jose, CA",2026
JPMORGAN CHASE & CO,Technical Lead,125000,"New York, NY",2024
SALESFORCE INC,Systems Engineer,165000,"Sacramento, CA",2025
META PLATFORMS INC,Solutions Architect,214000,"Menlo Park, CA",2024
NETFLIX INC,Database Administrator,281000,"San Diego, CA",2024
AMAZON WEB SERVICES INC,Technical Program Manager,182000,"Pittsburgh, PA",2026
DROPOBOX INC,AI Engineer,152000,"Sacramento, CA",2025
WORKDAY INC,Senior Data Engineer,157000,"Redmond, WA",2025
GOOGLE LLC,Platform Engineer,199000,"Mountain View, CA",2024
LINKEDIN CORPORATION,Data Engineer,156000,"Sunnyvale, CA",2026
GOOGLE LLC,Senior DevOps Engineer,172000,"Mountain View, CA",2025
PALANTIR TECHNOLOGIES,Technical Lead,178000,"Denver, CO",2026
GOOGLE LLC,Technical Program Manager,200000,"Mountain View, CA",2026
AMAZON COM SERVICES LLC,AI Engineer,170000,"Cambridge, MA",2026
NETFLIX INC,Data Scientist,248000,"Los Gatos, CA",2026
APPLE INC,Staff Software Engineer,196000,"New York, NY",2024
SQUARE INC,Technical Program Manager,149000,"Arlington, VA",2024
TATA CONSULTANCY SERVICES,Cloud Engineer,65000,"Tempe, AZ",2026
SERVICENOW INC,Research Scientist,163000,"Tampa, FL",2026
LINKEDIN CORPORATION,SRE,208000,"Sunnyvale, CA",2025
JPMORGAN CHASE & CO,Senior Product Manager,120000,"New York, NY",2026
STRIPE INC,QA Engineer,222000,"South San Francisco, CA",2024
WORKDAY INC,Data Scientist,164000,"Pleasanton, CA",2025
MICROSOFT CORPORATION,Network Engineer,168000,"Redmond, WA",2024
CAPITAL ONE SERVICES LLC,SRE,159000,"Newark, NJ",2025
GOLDMAN SACHS & CO LLC,DevOps Engineer,131000,"Dallas, TX",2025
PALANTIR TECHNOLOGIES,Software Engineer,170000,"Milwaukee, WI",2026
LINKEDIN CORPORATION,SDET,207000,"Redmond, WA",2026
SNAP INC,Machine Learning Engineer,155000,"Santa Monica, CA",2025
ADOBE INC,Data Scientist,125000,"San Jose, CA",2025
APPLE INC,Network Engineer,149000,"Cupertino, CA",2026
META PLATFORMS INC,Senior Product Manager,208000,"San Diego, CA",2026
PALANTIR TECHNOLOGIES,SDET,176000,"Denver, CO",2025
SALESFORCE INC,Database Administrator,175000,"Phoenix, AZ",2024
VMWARE LLC,Systems Engineer,122000,"Palo Alto, CA",2025
TWITTER INC,Operations Research Analyst,166000,"San Francisco, CA",2025
ADOBE INC,Engineering Manager,184000,"San Jose, CA",2025
ADOBE INC,Financial Analyst,136000,"San Jose, CA",2026
ACCENTURE LLP,Machine Learning Engineer,110000,"Chicago, IL",2026
ORACLE AMERICA INC,Senior Data Engineer,128000,"Austin, TX",2025
APPLE INC,Senior Data Engineer,206000,"Cupertino, CA",2024
COGNIZANT TECHNOLOGY SOLUTIONS,Data Engineer,101000,"Reston, VA",2026
SERVICENOW INC,Business Intelligence Engineer,174000,"Santa Clara, CA",2025
WORKDAY INC,Backend Engineer,132000,"Mountain View, CA",2024
NETFLIX INC,Engineering Manager,342000,"Los Gatos, CA",2024
CAPITAL ONE SERVICES LLC,Site Reliability Engineer,157000,"McLean, VA",2024
SNAP INC,Operations Research Analyst,139000,"Santa Monica, CA",2024
DROPOBOX INC,Business Intelligence Engineer,128000,"San Francisco, CA",2026
UBER TECHNOLOGIES INC,Network Engineer,179000,"Cupertino, CA",2025
DATADOG INC,Senior Engineering Manager,189000,"Indianapolis, IN",2024
SNAP INC,Technical Program Manager,192000,"Santa Monica, CA",2026
SALESFORCE INC,Security Engineer,131000,"Pittsburgh, PA",2026
CAPITAL ONE SERVICES LLC,Data Scientist,152000,"McLean, VA",2025
WALMART GLOBAL TECH,Backend Engineer,127000,"Bentonville, AR",2024
AMAZON COM SERVICES LLC,Senior Engineering Manager,196000,"San Diego, CA",2025
DOCUSIGN INC,Software Engineer,135000,"San Francisco, CA",2024
SNAP INC,Senior DevOps Engineer,149000,"Santa Monica, CA",2026
DROPOBOX INC,Financial Analyst,149000,"Bridgewater, NJ",2024
NVIDIA CORPORATION,Senior Data Scientist,166000,"Santa Clara, CA",2025
LINKEDIN CORPORATION,Research Scientist,160000,"Sunnyvale, CA",2025
AIRBNB INC,Senior Data Engineer,151000,"San Francisco, CA",2026
ADOBE INC,Senior Software Engineer,193000,"San Jose, CA",2026
SERVICENOW INC,DevOps Engineer,175000,"Santa Clara, CA",2024
TESLA INC,Software Engineer,126000,"Houston, TX",2025
PINTEREST INC,Senior Engineering Manager,149000,"San Francisco, CA",2026
AIRBNB INC,Analytics Engineer,166000,"San Francisco, CA",2026
MICROSOFT CORPORATION,Platform Engineer,155000,"Phoenix, AZ",2026
GOLDMAN SACHS & CO LLC,Big Data Engineer,117000,"New York, NY",2025
GOOGLE LLC,Machine Learning Engineer,196000,"Mountain View, CA",2024
VMWARE LLC,QA Engineer,133000,"Arlington, VA",2026
ACCENTURE LLP,Senior Data Engineer,106000,"Chicago, IL",2025
META PLATFORMS INC,SRE,213000,"Irvine, CA",2024
DELOITTE CONSULTING LLP,Technical Lead,110000,"Chicago, IL",2025
TESLA INC,Platform Engineer,157000,"Austin, TX",2026
ADOBE INC,Data Engineer,145000,"San Jose, CA",2026
TATA CONSULTANCY SERVICES,Technical Program Manager,104000,"Richmond, VA",2026
TESLA INC,Systems Engineer,120000,"Minneapolis, MN",2025
SPLUNK INC,SRE,153000,"San Francisco, CA",2024
SERVICENOW INC,SDET,112000,"Sacramento, CA",2024
AMAZON WEB SERVICES INC,QA Engineer,193000,"Minneapolis, MN",2025
INFOSYS LIMITED,Senior DevOps Engineer,108000,"Schaumburg, IL",2025
AMAZON WEB SERVICES INC,SDET,182000,"Seattle, WA",2024
UBER TECHNOLOGIES INC,Machine Learning Engineer,194000,"San Francisco, CA",2025
DELOITTE CONSULTING LLP,Data Scientist,98000,"New York, NY",2026
STRIPE INC,Big Data Engineer,164000,"South San Francisco, CA",2025
META PLATFORMS INC,Engineering Manager,201000,"Menlo Park, CA",2025
LINKEDIN CORPORATION,DevOps Engineer,172000,"Columbus, OH",2025
SALESFORCE INC,Full Stack Engineer,173000,"San Francisco, CA",2025
WORKDAY INC,Full Stack Engineer,122000,"Dallas, TX",2025
AMAZON WEB SERVICES INC,Site Reliability Engineer,195000,"St. Louis, MO",2025
NETFLIX INC,Security Engineer,308000,"San Francisco, CA",2024
CAPITAL ONE SERVICES LLC,Security Engineer,158000,"McLean, VA",2025
NVIDIA CORPORATION,Big Data Engineer,179000,"Santa Clara, CA",2024
COGNIZANT TECHNOLOGY SOLUTIONS,Data Scientist,82000,"Teaneck, NJ",2026
TESLA INC,Financial Analyst,111000,"Austin, TX",2024
TESLA INC,Data Scientist,130000,"San Francisco, CA",2024
DATADOG INC,Solutions Architect,155000,"New York, NY",2024
JPMORGAN CHASE & CO,DevOps Engineer,132000,"St. Louis, MO",2024
TESLA INC,Senior Engineering Manager,170000,"Austin, TX",2026
DROPOBOX INC,SDET,136000,"San Francisco, CA",2024
PALANTIR TECHNOLOGIES,UX Engineer,131000,"Bridgewater, NJ",2026
DOCUSIGN INC,Senior Data Scientist,151000,"San Francisco, CA",2025
TESLA INC,Applied Scientist,133000,"Austin, TX",2026
TATA CONSULTANCY SERVICES,Analytics Engineer,71000,"Bridgewater, NJ",2024
DROPOBOX INC,Applied Scientist,122000,"San Francisco, CA",2024
SNAP INC,Security Engineer,147000,"Detroit, MI",2024
DELOITTE CONSULTING LLP,Senior DevOps Engineer,139000,"Ann Arbor, MI",2024
TWITTER INC,Cloud Engineer,147000,"San Francisco, CA",2026
GOLDMAN SACHS & CO LLC,Solutions Architect,164000,"Irvine, CA",2025
TWITTER INC,Senior Data Engineer,170000,"Salt Lake City, UT",2024
VMWARE LLC,Operations Research Analyst,174000,"Palo Alto, CA",2025
CAPITAL ONE SERVICES LLC,Analytics Engineer,100000,"McLean, VA",2024
UBER TECHNOLOGIES INC,Technical Program Manager,195000,"San Francisco, CA",2026
ZOOM VIDEO COMMUNICATIONS,Senior Data Engineer,134000,"San Jose, CA",2026
DATADOG INC,Senior Software Engineer,179000,"New York, NY",2025
AMAZON WEB SERVICES INC,Infrastructure Engineer,166000,"Seattle, WA",2025
DOCUSIGN INC,Data Engineer,148000,"San Francisco, CA",2026
AMAZON WEB SERVICES INC,Software Engineer,179000,"Seattle, WA",2024
VMWARE LLC,Senior Software Engineer,144000,"Dallas, TX",2024
SERVICENOW INC,Data Engineer,144000,"Santa Clara, CA",2026
MICROSOFT CORPORATION,Technical Program Manager,141000,"Redmond, WA",2024
SNAP INC,UX Engineer,143000,"Santa Monica, CA",2026
GOOGLE LLC,DevOps Engineer,217000,"Raleigh, NC",2025
GOLDMAN SACHS & CO LLC,Senior Engineering Manager,151000,"Cupertino, CA",2026
ZOOM VIDEO COMMUNICATIONS,Data Engineer,115000,"San Jose, CA",2024
SQUARE INC,SRE,179000,"Atlanta, GA",2025
DELOITTE CONSULTING LLP,Product Manager,132000,"New York, NY",2025
NVIDIA CORPORATION,Security Engineer,192000,"Santa Clara, CA",2024
ADOBE INC,Frontend Engineer,189000,"San Jose, CA",2025
NVIDIA CORPORATION,Security Engineer,170000,"McLean, VA",2025
INTEL CORPORATION,Senior Data Scientist,179000,"Santa Clara, CA",2025
VMWARE LLC,Big Data Engineer,145000,"Palo Alto, CA",2025
TESLA INC,Infrastructure Engineer,151000,"Austin, TX",2025
STRIPE INC,Site Reliability Engineer,149000,"Bellevue, WA",2024
PINTEREST INC,Research Scientist,187000,"Chicago, IL",2025
IBM CORPORATION,Cloud Engineer,136000,"Armonk, NY",2026
DATADOG INC,Data Scientist,173000,"San Francisco, CA",2025
COGNIZANT TECHNOLOGY SOLUTIONS,Platform Engineer,101000,"Teaneck, NJ",2025
UBER TECHNOLOGIES INC,Research Scientist,132000,"Reston, VA",2025
WORKDAY INC,Frontend Engineer,120000,"Pleasanton, CA",2025
SERVICENOW INC,Research Scientist,151000,"Santa Clara, CA",2026
DATADOG INC,Compliance Analyst,129000,"New York, NY",2026
IBM CORPORATION,Systems Engineer,104000,"Los Angeles, CA",2024
COGNIZANT TECHNOLOGY SOLUTIONS,Senior Data Engineer,95000,"Teaneck, NJ",2026
TWITTER INC,Business Intelligence Engineer,131000,"San Francisco, CA",2026
GOLDMAN SACHS & CO LLC,Data Engineer,139000,"New York, NY",2025
GOLDMAN SACHS & CO LLC,Senior Data Engineer,154000,"Los Angeles, CA",2026
IBM CORPORATION,Technical Lead,159000,"Armonk, NY",2026
DELOITTE CONSULTING LLP,Security Engineer,101000,"New York, NY",2024
ORACLE AMERICA INC,SDET,165000,"San Francisco, CA",2024
NETFLIX INC,SRE,269000,"Los Gatos, CA",2024
GOLDMAN SACHS & CO LLC,Staff Software Engineer,140000,"Salt Lake City, UT",2026
TESLA INC,Machine Learning Engineer,170000,"Seattle, WA",2024
PALANTIR TECHNOLOGIES,Technical Lead,174000,"Denver, CO",2025
TWITTER INC,Engineering Manager,187000,"San Francisco, CA",2024
INFOSYS LIMITED,Security Engineer,80000,"Richmond, VA",2026
WORKDAY INC,QA Engineer,129000,"Pleasanton, CA",2025
INTEL CORPORATION,QA Engineer,111000,"New York, NY",2024
AMAZON WEB SERVICES INC,Solutions Architect,193000,"Phoenix, AZ",2025
META PLATFORMS INC,Backend Engineer,158000,"Menlo Park, CA",2026
DELOITTE CONSULTING LLP,Solutions Architect,100000,"New York, NY",2026
INFOSYS LIMITED,Platform Engineer,75000,"Plano, TX",2024
VMWARE LLC,Business Intelligence Engineer,149000,"Boston, MA",2024
TATA CONSULTANCY SERVICES,AI Engineer,100000,"Cambridge, MA",2026
DATADOG INC,Business Intelligence Engineer,164000,"Bentonville, AR",2025
GOOGLE LLC,Engineering Manager,218000,"Tampa, FL",2024
VMWARE LLC,Network Engineer,124000,"Palo Alto, CA",2024
VMWARE LLC,Technical Lead,175000,"Palo Alto, CA",2025
AIRBNB INC,Research Scientist,130000,"San Francisco, CA",2024
INFOSYS LIMITED,Big Data Engineer,101000,"Cupertino, CA",2024
GOOGLE LLC,QA Engineer,156000,"Mountain View, CA",2026
ADOBE INC,Senior Product Manager,188000,"San Jose, CA",2026
CAPITAL ONE SERVICES LLC,AI Engineer,159000,"McLean, VA",2025
SALESFORCE INC,Applied Scientist,132000,"Schaumburg, IL",2026
SALESFORCE INC,Software Engineer,150000,"San Francisco, CA",2025
TATA CONSULTANCY SERVICES,Applied Scientist,72000,"Austin, TX",2024
ORACLE AMERICA INC,Systems Engineer,136000,"Cambridge, MA",2024
SNAP INC,Big Data Engineer,188000,"Irvine, CA",2024
JPMORGAN CHASE & CO,Data Scientist,155000,"New York, NY",2024
DROPOBOX INC,UX Engineer,188000,"Cambridge, MA",2026
INFOSYS LIMITED,Data Scientist,80000,"Plano, TX",2024
LINKEDIN CORPORATION,Applied Scientist,148000,"Cambridge, MA",2024
IBM CORPORATION,Research Scientist,151000,"Armonk, NY",2024
DELOITTE CONSULTING LLP,Database Administrator,88000,"New York, NY",2026
ACCENTURE LLP,Platform Engineer,132000,"Chicago, IL",2025
AMAZON WEB SERVICES INC,Full Stack Engineer,193000,"Seattle, WA",2024
COGNIZANT TECHNOLOGY SOLUTIONS,Product Manager,102000,"Teaneck, NJ",2026
UBER TECHNOLOGIES INC,Site Reliability Engineer,160000,"San Francisco, CA",2024
SPLUNK INC,Compliance Analyst,148000,"Sacramento, CA",2025
SERVICENOW INC,Senior Engineering Manager,152000,"Chicago, IL",2024
SPLUNK INC,Full Stack Engineer,134000,"Sacramento, CA",2025
NETFLIX INC,Operations Research Analyst,335000,"Los Gatos, CA",2025
GOOGLE LLC,Backend Engineer,174000,"Mountain View, CA",2025
DROPOBOX INC,Analytics Engineer,137000,"San Francisco, CA",2026
LINKEDIN CORPORATION,Security Engineer,175000,"Columbus, OH",2024
NETFLIX INC,Research Scientist,278000,"Austin, TX",2026
IBM CORPORATION,Engineering Manager,129000,"Nashville, TN",2026
AMAZON COM SERVICES LLC,Machine Learning Engineer,180000,"Schaumburg, IL",2026
NETFLIX INC,DevOps Engineer,318000,"Los Gatos, CA",2024
AIRBNB INC,Product Manager,163000,"San Francisco, CA",2025
PALANTIR TECHNOLOGIES,Software Engineer,141000,"Denver, CO",2024
NVIDIA CORPORATION,Business Intelligence Engineer,250000,"Santa Clara, CA",2025
APPLE INC,AI Engineer,164000,"Milwaukee, WI",2025
CAPITAL ONE SERVICES LLC,Data Scientist,137000,"McLean, VA",2024
TWITTER INC,Product Manager,176000,"San Francisco, CA",2026
WORKDAY INC,Database Administrator,111000,"Pleasanton, CA",2024
STRIPE INC,Data Engineer,193000,"South San Francisco, CA",2024
SPLUNK INC,Senior DevOps Engineer,164000,"San Francisco, CA",2024
PALANTIR TECHNOLOGIES,Engineering Manager,146000,"Denver, CO",2024
NVIDIA CORPORATION,Network Engineer,209000,"Santa Clara, CA",2024
NETFLIX INC,Security Engineer,206000,"Los Angeles, CA",2026
IBM CORPORATION,Operations Research Analyst,110000,"Houston, TX",2024
AMAZON COM SERVICES LLC,Product Manager,179000,"Seattle, WA",2025
ACCENTURE LLP,Senior Product Manager,125000,"Mountain View, CA",2024
IBM CORPORATION,Staff Software Engineer,132000,"Armonk, NY",2026
ADOBE INC,Senior Software Engineer,160000,"Philadelphia, PA",2024
MICROSOFT CORPORATION,Data Engineer,173000,"Jersey City, NJ",2026
ORACLE AMERICA INC,Solutions Architect,144000,"Austin, TX",2025
SPLUNK INC,Systems Engineer,188000,"St. Louis, MO",2025
TESLA INC,Backend Engineer,143000,"Milwaukee, WI",2024
AIRBNB INC,Data Scientist,181000,"San Francisco, CA",2025
AMAZON COM SERVICES LLC,Technical Lead,191000,"Seattle, WA",2026
AIRBNB INC,Applied Scientist,139000,"San Francisco, CA",2025
CAPITAL ONE SERVICES LLC,Full Stack Engineer,110000,"New York, NY",2026
DOCUSIGN INC,Data Engineer,157000,"Columbus, OH",2025
SALESFORCE INC,QA Engineer,163000,"St. Louis, MO",2024
SQUARE INC,Staff Software Engineer,173000,"San Francisco, CA",2026
ACCENTURE LLP,Security Engineer,108000,"Redmond, WA",2025
AMAZON COM SERVICES LLC,SRE,196000,"Richmond, VA",2024
DATADOG INC,Software Engineer,178000,"New York, NY",2024
PALANTIR TECHNOLOGIES,Engineering Manager,150000,"Denver, CO",2024
DELOITTE CONSULTING LLP,Engineering Manager,138000,"Ann Arbor, MI",2025
COGNIZANT TECHNOLOGY SOLUTIONS,AI Engineer,89000,"Atlanta, GA",2024
PALANTIR TECHNOLOGIES,Security Engineer,142000,"Denver, CO",2025
META PLATFORMS INC,Solutions Architect,177000,"Menlo Park, CA",2026
IBM CORPORATION,Data Scientist,125000,"San Diego, CA",2026
PINTEREST INC,UX Engineer,186000,"San Francisco, CA",2024
SQUARE INC,Systems Engineer,184000,"San Francisco, CA",2024
DOCUSIGN INC,Senior Data Engineer,167000,"Atlanta, GA",2026
TATA CONSULTANCY SERVICES,Data Scientist,67000,"Columbus, OH",2026
SQUARE INC,Machine Learning Engineer,174000,"San Francisco, CA",2024
SERVICENOW INC,Senior Data Scientist,171000,"Santa Clara, CA",2025
ORACLE AMERICA INC,Site Reliability Engineer,111000,"Salt Lake City, UT",2024
TWITTER INC,Senior Data Scientist,168000,"San Francisco, CA",2024
ORACLE AMERICA INC,Infrastructure Engineer,161000,"Austin, TX",2025
DOCUSIGN INC,Site Reliability Engineer,138000,"San Francisco, CA",2026
SQUARE INC,Technical Program Manager,135000,"St. Louis, MO",2026
TESLA INC,Product Manager,173000,"Austin, TX",2026
TATA CONSULTANCY SERVICES,AI Engineer,80000,"Bridgewater, NJ",2026
NETFLIX INC,Engineering Manager,293000,"Los Gatos, CA",2025
LINKEDIN CORPORATION,Senior DevOps Engineer,207000,"Sunnyvale, CA",2025
CAPITAL ONE SERVICES LLC,Research Scientist,104000,"McLean, VA",2026
PINTEREST INC,Senior Data Scientist,161000,"Richmond, VA",2026
DROPOBOX INC,Senior Engineering Manager,140000,"San Francisco, CA",2026
STRIPE INC,Site Reliability Engineer,180000,"South San Francisco, CA",2024
NETFLIX INC,Senior Data Engineer,230000,"Sacramento, CA",2025
PALANTIR TECHNOLOGIES,SRE,182000,"Dallas, TX",2025
UBER TECHNOLOGIES INC,Senior Data Scientist,182000,"Austin, TX",2024
CAPITAL ONE SERVICES LLC,Backend Engineer,132000,"McLean, VA",2025
SQUARE INC,Network Engineer,116000,"San Francisco, CA",2026
INTEL CORPORATION,Solutions Architect,111000,"Santa Clara, CA",2024
DOCUSIGN INC,Data Scientist,156000,"Cupertino, CA",2026
CAPITAL ONE SERVICES LLC,Engineering Manager,132000,"Jersey City, NJ",2025
SPLUNK INC,Staff Software Engineer,142000,"San Francisco, CA",2025
MICROSOFT CORPORATION,Big Data Engineer,189000,"Bellevue, WA",2024
DATADOG INC,Senior Data Scientist,150000,"New York, NY",2024
APPLE INC,Product Manager,180000,"Cupertino, CA",2025
INTEL CORPORATION,Backend Engineer,122000,"Santa Clara, CA",2024
COGNIZANT TECHNOLOGY SOLUTIONS,Security Engineer,105000,"Chicago, IL",2025
TATA CONSULTANCY SERVICES,Senior Data Scientist,97000,"Bridgewater, NJ",2024
MICROSOFT CORPORATION,Frontend Engineer,151000,"Redmond, WA",2025
TESLA INC,Product Manager,146000,"Pittsburgh, PA",2026
IBM CORPORATION,Technical Program Manager,128000,"Armonk, NY",2026
TWITTER INC,Senior Product Manager,162000,"San Francisco, CA",2025
ACCENTURE LLP,Database Administrator,86000,"Atlanta, GA",2024
GOLDMAN SACHS & CO LLC,Senior Product Manager,138000,"Dallas, TX",2024
LINKEDIN CORPORATION,Financial Analyst,194000,"San Jose, CA",2025
PINTEREST INC,Senior Data Engineer,191000,"Seattle, WA",2026
PALANTIR TECHNOLOGIES,Applied Scientist,170000,"Newark, NJ",2026
STRIPE INC,Technical Program Manager,195000,"South San Francisco, CA",2025
GOOGLE LLC,Financial Analyst,195000,"Mountain View, CA",2024
PALANTIR TECHNOLOGIES,Senior Product Manager,142000,"Denver, CO",2026
JPMORGAN CHASE & CO,Infrastructure Engineer,127000,"New York, NY",2024
SQUARE INC,Senior Data Engineer,170000,"San Francisco, CA",2025
NVIDIA CORPORATION,Engineering Manager,221000,"Indianapolis, IN",2026
META PLATFORMS INC,Data Scientist,185000,"Menlo Park, CA",2025
ADOBE INC,Security Engineer,139000,"San Jose, CA",2024
SERVICENOW INC,Product Manager,179000,"Santa Clara, CA",2024
TESLA INC,Business Intelligence Engineer,168000,"Austin, TX",2025
SNAP INC,UX Engineer,163000,"Santa Monica, CA",2026
SALESFORCE INC,Solutions Architect,190000,"Tampa, FL",2024
CAPITAL ONE SERVICES LLC,Security Engineer,142000,"Bridgewater, NJ",2024
AMAZON WEB SERVICES INC,QA Engineer,203000,"Seattle, WA",2026
LINKEDIN CORPORATION,Research Scientist,162000,"Sunnyvale, CA",2024
VMWARE LLC,Platform Engineer,144000,"Palo Alto, CA",2024
NVIDIA CORPORATION,Senior Engineering Manager,174000,"Ann Arbor, MI",2026
TESLA INC,Frontend Engineer,156000,"Phoenix, AZ",2024
DELOITTE CONSULTING LLP,Senior Software Engineer,115000,"Brooklyn, NY",2026
VMWARE LLC,Cloud Engineer,164000,"Palo Alto, CA",2025
INTEL CORPORATION,Software Engineer,178000,"Santa Clara, CA",2024
ACCENTURE LLP,Compliance Analyst,128000,"Chicago, IL",2025
WALMART GLOBAL TECH,SDET,91000,"Bentonville, AR",2026
ACCENTURE LLP,Business Intelligence Engineer,87000,"Chicago, IL",2025
PINTEREST INC,Machine Learning Engineer,144000,"San Diego, CA",2024
CAPITAL ONE SERVICES LLC,Senior Engineering Manager,138000,"McLean, VA",2026
ADOBE INC,Full Stack Engineer,144000,"New York, NY",2026
JPMORGAN CHASE & CO,Analytics Engineer,168000,"New York, NY",2025
CAPITAL ONE SERVICES LLC,AI Engineer,125000,"McLean, VA",2025
DROPOBOX INC,Cloud Engineer,137000,"San Francisco, CA",2025
MICROSOFT CORPORATION,Security Engineer,164000,"Tampa, FL",2026
ACCENTURE LLP,Technical Program Manager,123000,"New York, NY",2025
ADOBE INC,AI Engineer,138000,"San Jose, CA",2025
MICROSOFT CORPORATION,Site Reliability Engineer,121000,"Phoenix, AZ",2024
MICROSOFT CORPORATION,Data Scientist,178000,"Redmond, WA",2025
VMWARE LLC,Senior Product Manager,160000,"Palo Alto, CA",2024
INFOSYS LIMITED,Business Intelligence Engineer,92000,"Denver, CO",2024
INFOSYS LIMITED,Senior Software Engineer,103000,"Baltimore, MD",2026
PINTEREST INC,UX Engineer,129000,"San Francisco, CA",2026
TATA CONSULTANCY SERVICES,Senior Data Scientist,84000,"Bridgewater, NJ",2026
UBER TECHNOLOGIES INC,UX Engineer,165000,"Cupertino, CA",2026
SALESFORCE INC,Site Reliability Engineer,190000,"San Francisco, CA",2025
ORACLE AMERICA INC,AI Engineer,129000,"Austin, TX",2026
GOLDMAN SACHS & CO LLC,SDET,142000,"New York, NY",2025
INFOSYS LIMITED,Compliance Analyst,91000,"Plano, TX",2025
GOOGLE LLC,Staff Software Engineer,209000,"New York, NY",2026
META PLATFORMS INC,Staff Software Engineer,175000,"Austin, TX",2024
ACCENTURE LLP,Senior DevOps Engineer,117000,"Chicago, IL",2026
AMAZON WEB SERVICES INC,Platform Engineer,163000,"San Diego, CA",2024
INTEL CORPORATION,Analytics Engineer,172000,"Columbus, OH",2024
DATADOG INC,Applied Scientist,139000,"St. Louis, MO",2026
ADOBE INC,Engineering Manager,145000,"San Jose, CA",2025
PALANTIR TECHNOLOGIES,Solutions Architect,171000,"Denver, CO",2025
DELOITTE CONSULTING LLP,Network Engineer,102000,"Mountain View, CA",2024
LINKEDIN CORPORATION,SDET,135000,"Sunnyvale, CA",2026
STRIPE INC,Senior DevOps Engineer,225000,"South San Francisco, CA",2024
DOCUSIGN INC,Product Manager,137000,"Boston, MA",2026
GOLDMAN SACHS & CO LLC,Network Engineer,158000,"New York, NY",2026
ADOBE INC,Product Manager,142000,"Palo Alto, CA",2024
ADOBE INC,Senior Data Engineer,160000,"San Jose, CA",2025
DELOITTE CONSULTING LLP,Technical Lead,113000,"New York, NY",2025
PALANTIR TECHNOLOGIES,Operations Research Analyst,116000,"Denver, CO",2024
ZOOM VIDEO COMMUNICATIONS,Machine Learning Engineer,170000,"San Jose, CA",2026
DROPOBOX INC,Senior Software Engineer,152000,"Houston, TX",2025
TATA CONSULTANCY SERVICES,SRE,73000,"Bridgewater, NJ",2025
ZOOM VIDEO COMMUNICATIONS,Database Administrator,114000,"Kansas City, MO",2026
MICROSOFT CORPORATION,Staff Software Engineer,173000,"Redmond, WA",2024
TATA CONSULTANCY SERVICES,SRE,99000,"Bridgewater, NJ",2024
META PLATFORMS INC,Business Intelligence Engineer,154000,"Menlo Park, CA",2025
LINKEDIN CORPORATION,Senior Engineering Manager,192000,"Sunnyvale, CA",2025
TESLA INC,Technical Program Manager,159000,"Boston, MA",2026
TATA CONSULTANCY SERVICES,Senior Data Engineer,97000,"Columbus, OH",2026
NVIDIA CORPORATION,Solutions Architect,170000,"Charlotte, NC",2026
LINKEDIN CORPORATION,Technical Program Manager,172000,"Bentonville, AR",2025
TWITTER INC,Database Administrator,194000,"Atlanta, GA",2025
DATADOG INC,Research Scientist,149000,"New York, NY",2024
JPMORGAN CHASE & CO,Security Engineer,115000,"Nashville, TN",2026
TWITTER INC,Financial Analyst,135000,"San Francisco, CA",2026
GOLDMAN SACHS & CO LLC,Financial Analyst,174000,"New York, NY",2026
MICROSOFT CORPORATION,Network Engineer,161000,"San Jose, CA",2025
DOCUSIGN INC,Senior Engineering Manager,132000,"San Francisco, CA",2024
UBER TECHNOLOGIES INC,DevOps Engineer,178000,"San Francisco, CA",2024
COGNIZANT TECHNOLOGY SOLUTIONS,Systems Engineer,90000,"Teaneck, NJ",2025
WALMART GLOBAL TECH,AI Engineer,141000,"Bentonville, AR",2026
COGNIZANT TECHNOLOGY SOLUTIONS,Operations Research Analyst,101000,"Schaumburg, IL",2024
SPLUNK INC,Technical Program Manager,182000,"Baltimore, MD",2025
LINKEDIN CORPORATION,QA Engineer,202000,"Sunnyvale, CA",2025
PINTEREST INC,Compliance Analyst,121000,"Phoenix, AZ",2024
WORKDAY INC,Machine Learning Engineer,116000,"Detroit, MI",2025
TESLA INC,Financial Analyst,138000,"Brooklyn, NY",2026
DROPOBOX INC,Frontend Engineer,179000,"Raleigh, NC",2026
DOCUSIGN INC,Business Intelligence Engineer,114000,"San Francisco, CA",2025
SQUARE INC,Senior Software Engineer,182000,"San Francisco, CA",2025
ACCENTURE LLP,Business Intelligence Engineer,106000,"Bridgewater, NJ",2026
ACCENTURE LLP,Senior Data Engineer,136000,"Chicago, IL",2026
SPLUNK INC,Financial Analyst,165000,"San Francisco, CA",2024
META PLATFORMS INC,Compliance Analyst,203000,"Menlo Park, CA",2024
META PLATFORMS INC,Technical Lead,210000,"Philadelphia, PA",2025
GOOGLE LLC,Machine Learning Engineer,188000,"Mountain View, CA",2026
PINTEREST INC,QA Engineer,160000,"San Francisco, CA",2024
NVIDIA CORPORATION,Data Scientist,145000,"Santa Clara, CA",2025
TESLA INC,Backend Engineer,150000,"Austin, TX",2024
NVIDIA CORPORATION,Technical Program Manager,192000,"Santa Clara, CA",2026
ADOBE INC,Data Scientist,187000,"Bentonville, AR",2025
TATA CONSULTANCY SERVICES,Senior Data Scientist,89000,"Bridgewater, NJ",2025
ZOOM VIDEO COMMUNICATIONS,Big Data Engineer,167000,"Dallas, TX",2025
WALMART GLOBAL TECH,Senior Data Scientist,110000,"Bentonville, AR",2026
ZOOM VIDEO COMMUNICATIONS,Senior Data Engineer,147000,"San Jose, CA",2024
SNAP INC,Systems Engineer,145000,"Reston, VA",2026
PINTEREST INC,Big Data Engineer,181000,"Austin, TX",2026
PALANTIR TECHNOLOGIES,UX Engineer,163000,"Denver, CO",2024
UBER TECHNOLOGIES INC,Senior Software Engineer,193000,"Milwaukee, WI",2025
LINKEDIN CORPORATION,Backend Engineer,161000,"Nashville, TN",2026
AIRBNB INC,Senior Software Engineer,158000,"Mountain View, CA",2024
TWITTER INC,Engineering Manager,193000,"Richmond, VA",2026
IBM CORPORATION,Compliance Analyst,144000,"Armonk, NY",2026
TESLA INC,Backend Engineer,141000,"Austin, TX",2026
STRIPE INC,Cloud Engineer,216000,"South San Francisco, CA",2025
TWITTER INC,QA Engineer,195000,"Detroit, MI",2025
PINTEREST INC,Product Manager,176000,"San Francisco, CA",2026
MICROSOFT CORPORATION,Site Reliability Engineer,184000,"Atlanta, GA",2025
CAPITAL ONE SERVICES LLC,Product Manager,125000,"Orlando, FL",2026
APPLE INC,Full Stack Engineer,167000,"Houston, TX",2025
NVIDIA CORPORATION,Engineering Manager,166000,"Santa Clara, CA",2024
VMWARE LLC,SDET,171000,"Palo Alto, CA",2025
JPMORGAN CHASE & CO,Technical Program Manager,134000,"Atlanta, GA",2024
SQUARE INC,Cloud Engineer,164000,"Reston, VA",2024
SNAP INC,DevOps Engineer,180000,"Santa Monica, CA",2025
COGNIZANT TECHNOLOGY SOLUTIONS,UX Engineer,97000,"Baltimore, MD",2024
NETFLIX INC,Engineering Manager,298000,"Los Gatos, CA",2025
DOCUSIGN INC,Operations Research Analyst,135000,"St. Louis, MO",2024
PINTEREST INC,Senior Data Engineer,172000,"San Francisco, CA",2024
DELOITTE CONSULTING LLP,Data Scientist,118000,"New York, NY",2026
NVIDIA CORPORATION,Technical Program Manager,183000,"Tampa, FL",2026
AMAZON COM SERVICES LLC,SDET,140000,"Seattle, WA",2026
COGNIZANT TECHNOLOGY SOLUTIONS,Database Administrator,66000,"Teaneck, NJ",2024
SALESFORCE INC,SRE,198000,"San Jose, CA",2025
AMAZON WEB SERVICES INC,Senior Data Scientist,168000,"Raleigh, NC",2025
WORKDAY INC,Frontend Engineer,107000,"Pleasanton, CA",2026
LINKEDIN CORPORATION,Frontend Engineer,152000,"Sunnyvale, CA",2026
SPLUNK INC,Compliance Analyst,168000,"St. Louis, MO",2026
VMWARE LLC,Senior Product Manager,186000,"Palo Alto, CA",2025
WORKDAY INC,Backend Engineer,137000,"Pleasanton, CA",2024
SALESFORCE INC,Data Engineer,149000,"Columbus, OH",2026
DELOITTE CONSULTING LLP,AI Engineer,100000,"Raleigh, NC",2025
ZOOM VIDEO COMMUNICATIONS,Applied Scientist,151000,"Charlotte, NC",2024
WALMART GLOBAL TECH,AI Engineer,93000,"Bentonville, AR",2026
LINKEDIN CORPORATION,Site Reliability Engineer,175000,"Sunnyvale, CA",2026
AMAZON WEB SERVICES INC,Solutions Architect,132000,"Seattle, WA",2025
SNAP INC,Platform Engineer,179000,"Philadelphia, PA",2024
APPLE INC,Staff Software Engineer,181000,"Milwaukee, WI",2025
VMWARE LLC,Compliance Analyst,129000,"Nashville, TN",2026
AMAZON COM SERVICES LLC,Backend Engineer,177000,"Denver, CO",2024
GOOGLE LLC,Big Data Engineer,210000,"Mountain View, CA",2026
TATA CONSULTANCY SERVICES,Senior Product Manager,88000,"Bridgewater, NJ",2025
ORACLE AMERICA INC,Solutions Architect,169000,"Austin, TX",2026
COGNIZANT TECHNOLOGY SOLUTIONS,Platform Engineer,102000,"Teaneck, NJ",2025
JPMORGAN CHASE & CO,Senior Data Engineer,162000,"Tempe, AZ",2026
WORKDAY INC,Machine Learning Engineer,169000,"Pleasanton, CA",2025
MICROSOFT CORPORATION,Research Scientist,140000,"Redmond, WA",2025
SPLUNK INC,Product Manager,176000,"Sacramento, CA",2026
LINKEDIN CORPORATION,Data Engineer,144000,"Kansas City, MO",2025
VMWARE LLC,Full Stack Engineer,174000,"Dallas, TX",2026
AMAZON COM SERVICES LLC,Data Scientist,171000,"Tampa, FL",2026
WALMART GLOBAL TECH,Full Stack Engineer,118000,"Bentonville, AR",2026
DOCUSIGN INC,Data Engineer,113000,"San Francisco, CA",2025
TATA CONSULTANCY SERVICES,Senior Data Engineer,94000,"Bridgewater, NJ",2025
INFOSYS LIMITED,Technical Lead,88000,"Plano, TX",2024
GOOGLE LLC,Solutions Architect,168000,"Mountain View, CA",2024
DELOITTE CONSULTING LLP,Software Engineer,137000,"New York, NY",2024
PINTEREST INC,Cloud Engineer,160000,"Sunnyvale, CA",2026
SALESFORCE INC,Senior Product Manager,195000,"Reston, VA",2026
SPLUNK INC,Staff Software Engineer,145000,"San Francisco, CA",2025
AMAZON COM SERVICES LLC,Financial Analyst,125000,"Sacramento, CA",2025
MICROSOFT CORPORATION,Research Scientist,179000,"Redmond, WA",2025
CAPITAL ONE SERVICES LLC,Applied Scientist,101000,"Detroit, MI",2026
GOOGLE LLC,AI Engineer,212000,"Mountain View, CA",2026
LINKEDIN CORPORATION,Senior Engineering Manager,200000,"Sunnyvale, CA",2026
ADOBE INC,SRE,165000,"San Jose, CA",2025
GOLDMAN SACHS & CO LLC,Platform Engineer,157000,"Plano, TX",2025
ORACLE AMERICA INC,Senior Engineering Manager,148000,"Austin, TX",2025
SALESFORCE INC,Research Scientist,133000,"San Francisco, CA",2025
DOCUSIGN INC,Site Reliability Engineer,124000,"San Francisco, CA",2025
INTEL CORPORATION,Data Scientist,168000,"Santa Clara, CA",2025
AMAZON COM SERVICES LLC,Applied Scientist,169000,"Seattle, WA",2026
DELOITTE CONSULTING LLP,Senior Data Engineer,129000,"New York, NY",2024
ORACLE AMERICA INC,Backend Engineer,170000,"Minneapolis, MN",2026
GOOGLE LLC,Senior DevOps Engineer,171000,"Mountain View, CA",2026
NVIDIA CORPORATION,Systems Engineer,167000,"Santa Clara, CA",2025
DATADOG INC,Machine Learning Engineer,127000,"New York, NY",2026
TWITTER INC,Systems Engineer,159000,"Atlanta, GA",2026
ADOBE INC,Senior Data Engineer,158000,"San Jose, CA",2024
DOCUSIGN INC,Product Manager,151000,"San Francisco, CA",2025
MICROSOFT CORPORATION,Senior Data Engineer,193000,"Tampa, FL",2025
INTEL CORPORATION,Big Data Engineer,134000,"Chicago, IL",2025
AIRBNB INC,DevOps Engineer,193000,"Atlanta, GA",2025
SERVICENOW INC,Compliance Analyst,170000,"Santa Clara, CA",2025
NETFLIX INC,Technical Program Manager,291000,"Los Gatos, CA",2026
GOOGLE LLC,Senior Data Scientist,173000,"Mountain View, CA",2026
SPLUNK INC,DevOps Engineer,168000,"San Francisco, CA",2026
SERVICENOW INC,DevOps Engineer,117000,"Columbus, OH",2026
GOLDMAN SACHS & CO LLC,Technical Lead,163000,"New York, NY",2025
SQUARE INC,Platform Engineer,182000,"New York, NY",2024
SERVICENOW INC,QA Engineer,166000,"Santa Clara, CA",2026
SALESFORCE INC,Staff Software Engineer,146000,"Chicago, IL",2025
UBER TECHNOLOGIES INC,Senior Engineering Manager,142000,"San Francisco, CA",2026
STRIPE INC,Site Reliability Engineer,223000,"Arlington, VA",2024
GOLDMAN SACHS & CO LLC,Senior Product Manager,174000,"New York, NY",2025
AIRBNB INC,Data Engineer,166000,"San Francisco, CA",2026
META PLATFORMS INC,Platform Engineer,176000,"Menlo Park, CA",2024
PALANTIR TECHNOLOGIES,DevOps Engineer,153000,"Denver, CO",2025
UBER TECHNOLOGIES INC,Research Scientist,164000,"San Francisco, CA",2026
DROPOBOX INC,Platform Engineer,146000,"San Francisco, CA",2026
NVIDIA CORPORATION,QA Engineer,163000,"Santa Clara, CA",2026
SPLUNK INC,Financial Analyst,180000,"Cambridge, MA",2026
ZOOM VIDEO COMMUNICATIONS,Financial Analyst,138000,"San Jose, CA",2025
SERVICENOW INC,Product Manager,154000,"San Diego, CA",2024
WALMART GLOBAL TECH,AI Engineer,109000,"Bentonville, AR",2025
APPLE INC,Operations Research Analyst,178000,"Atlanta, GA",2024
WORKDAY INC,AI Engineer,171000,"Plano, TX",2026
STRIPE INC,Applied Scientist,196000,"Houston, TX",2024
SALESFORCE INC,Applied Scientist,174000,"Ann Arbor, MI",2024
ORACLE AMERICA INC,Staff Software Engineer,172000,"Redmond, WA",2025
PINTEREST INC,Machine Learning Engineer,178000,"Portland, OR",2026
NETFLIX INC,Financial Analyst,327000,"Ann Arbor, MI",2025
GOOGLE LLC,SDET,157000,"Mountain View, CA",2025
APPLE INC,Financial Analyst,157000,"Cupertino, CA",2025
DOCUSIGN INC,Backend Engineer,152000,"McLean, VA",2025
TWITTER INC,Data Scientist,178000,"San Francisco, CA",2025
NETFLIX INC,Senior DevOps Engineer,251000,"Los Gatos, CA",2025
DROPOBOX INC,Infrastructure Engineer,122000,"Newark, NJ",2026
INTEL CORPORATION,SRE,179000,"Santa Clara, CA",2025
IBM CORPORATION,DevOps Engineer,157000,"Minneapolis, MN",2026
ZOOM VIDEO COMMUNICATIONS,Full Stack Engineer,121000,"San Jose, CA",2026
JPMORGAN CHASE & CO,Analytics Engineer,114000,"Dallas, TX",2024
ORACLE AMERICA INC,Applied Scientist,114000,"Austin, TX",2026
ORACLE AMERICA INC,UX Engineer,132000,"Boulder, CO",2025
PALANTIR TECHNOLOGIES,AI Engineer,155000,"Irvine, CA",2024
VMWARE LLC,AI Engineer,132000,"Palo Alto, CA",2024
VMWARE LLC,Platform Engineer,173000,"Salt Lake City, UT",2024
DATADOG INC,Data Engineer,190000,"New York, NY",2026
AIRBNB INC,Senior DevOps Engineer,198000,"San Francisco, CA",2024
TATA CONSULTANCY SERVICES,SDET,73000,"Bridgewater, NJ",2025
SPLUNK INC,Frontend Engineer,175000,"San Francisco, CA",2025
JPMORGAN CHASE & CO,Compliance Analyst,120000,"New York, NY",2024
MICROSOFT CORPORATION,Security Engineer,126000,"Redmond, WA",2026
DOCUSIGN INC,Research Scientist,142000,"San Francisco, CA",2026
APPLE INC,Compliance Analyst,176000,"Cupertino, CA",2025
APPLE INC,Technical Lead,205000,"Cupertino, CA",2024
DROPOBOX INC,AI Engineer,135000,"San Francisco, CA",2026
ZOOM VIDEO COMMUNICATIONS,Site Reliability Engineer,132000,"San Jose, CA",2025
UBER TECHNOLOGIES INC,Engineering Manager,188000,"San Francisco, CA",2025
PALANTIR TECHNOLOGIES,Database Administrator,125000,"Los Angeles, CA",2025
DATADOG INC,Analytics Engineer,190000,"New York, NY",2026
SPLUNK INC,Big Data Engineer,140000,"Charlotte, NC",2024
COGNIZANT TECHNOLOGY SOLUTIONS,Senior Data Engineer,97000,"Teaneck, NJ",2026
AIRBNB INC,DevOps Engineer,149000,"San Francisco, CA",2025
TESLA INC,Business Intelligence Engineer,137000,"Redmond, WA",2024
STRIPE INC,Data Engineer,167000,"South San Francisco, CA",2024
APPLE INC,Infrastructure Engineer,186000,"San Francisco, CA",2025
ZOOM VIDEO COMMUNICATIONS,Senior Data Scientist,170000,"San Jose, CA",2025
ADOBE INC,Senior Engineering Manager,181000,"Brooklyn, NY",2024
JPMORGAN CHASE & CO,Cloud Engineer,103000,"San Francisco, CA",2026
MICROSOFT CORPORATION,Applied Scientist,157000,"Redmond, WA",2026
UBER TECHNOLOGIES INC,Infrastructure Engineer,156000,"San Francisco, CA",2026
SALESFORCE INC,Compliance Analyst,197000,"San Francisco, CA",2025
AMAZON WEB SERVICES INC,Senior Engineering Manager,201000,"Plano, TX",2024
PALANTIR TECHNOLOGIES,Backend Engineer,137000,"Indianapolis, IN",2024
COGNIZANT TECHNOLOGY SOLUTIONS,Full Stack Engineer,105000,"Teaneck, NJ",2025
WALMART GLOBAL TECH,Data Engineer,143000,"Bentonville, AR",2025
STRIPE INC,SRE,202000,"San Diego, CA",2026
APPLE INC,Cloud Engineer,139000,"Miami, FL",2026
SPLUNK INC,Machine Learning Engineer,185000,"San Francisco, CA",2026
NETFLIX INC,Analytics Engineer,333000,"Los Gatos, CA",2026
DELOITTE CONSULTING LLP,Data Engineer,127000,"Detroit, MI",2026
AMAZON COM SERVICES LLC,SDET,164000,"Seattle, WA",2026
PALANTIR TECHNOLOGIES,Operations Research Analyst,121000,"Denver, CO",2025
JPMORGAN CHASE & CO,Senior Software Engineer,156000,"Schaumburg, IL",2024
AIRBNB INC,Technical Lead,189000,"San Francisco, CA",2026
DOCUSIGN INC,QA Engineer,156000,"San Francisco, CA",2025
APPLE INC,Analytics Engineer,172000,"Redmond, WA",2025
DATADOG INC,SDET,180000,"Phoenix, AZ",2026
TWITTER INC,Research Scientist,179000,"San Francisco, CA",2024
ZOOM VIDEO COMMUNICATIONS,Business Intelligence Engineer,123000,"Atlanta, GA",2025
NETFLIX INC,Database Administrator,245000,"Los Gatos, CA",2024
COGNIZANT TECHNOLOGY SOLUTIONS,UX Engineer,67000,"Teaneck, NJ",2025
DROPOBOX INC,Engineering Manager,155000,"San Francisco, CA",2024
NETFLIX INC,Platform Engineer,265000,"Los Gatos, CA",2025
PINTEREST INC,Infrastructure Engineer,168000,"San Francisco, CA",2024
UBER TECHNOLOGIES INC,Data Scientist,121000,"Columbus, OH",2024
AIRBNB INC,Security Engineer,182000,"San Francisco, CA",2025
AMAZON COM SERVICES LLC,SDET,188000,"Indianapolis, IN",2024
AMAZON WEB SERVICES INC,Senior DevOps Engineer,193000,"Seattle, WA",2025
AIRBNB INC,Senior Data Engineer,170000,"Charlotte, NC",2026
SQUARE INC,Analytics Engineer,130000,"Irvine, CA",2024
NVIDIA CORPORATION,DevOps Engineer,209000,"Santa Clara, CA",2024
STRIPE INC,AI Engineer,164000,"Portland, OR",2024
GOOGLE LLC,Senior Data Scientist,171000,"Mountain View, CA",2024
META PLATFORMS INC,Big Data Engineer,169000,"Austin, TX",2026
SNAP INC,SDET,147000,"Sunnyvale, CA",2024
PINTEREST INC,Engineering Manager,170000,"Austin, TX",2024
SNAP INC,Senior Data Engineer,191000,"Indianapolis, IN",2024
TWITTER INC,Product Manager,179000,"San Francisco, CA",2024
STRIPE INC,Data Engineer,157000,"Reston, VA",2025
SERVICENOW INC,Senior Engineering Manager,140000,"Santa Clara, CA",2025
NETFLIX INC,Platform Engineer,259000,"Los Gatos, CA",2025
META PLATFORMS INC,Product Manager,196000,"Milwaukee, WI",2024
DROPOBOX INC,Compliance Analyst,174000,"San Francisco, CA",2026
GOLDMAN SACHS & CO LLC,Senior Data Scientist,174000,"New York, NY",2024
DELOITTE CONSULTING LLP,Compliance Analyst,115000,"St. Louis, MO",2024
TESLA INC,Data Engineer,145000,"Austin, TX",2025
APPLE INC,Financial Analyst,185000,"Cupertino, CA",2025
WORKDAY INC,Senior Product Manager,138000,"Pleasanton, CA",2025
VMWARE LLC,Machine Learning Engineer,178000,"Boston, MA",2024
AMAZON COM SERVICES LLC,Data Engineer,189000,"Seattle, WA",2024
JPMORGAN CHASE & CO,UX Engineer,164000,"New York, NY",2024
DROPOBOX INC,Software Engineer,140000,"Tampa, FL",2026
META PLATFORMS INC,AI Engineer,172000,"Tampa, FL",2026
DELOITTE CONSULTING LLP,Applied Scientist,127000,"New York, NY",2026
STRIPE INC,Solutions Architect,221000,"South San Francisco, CA",2024
UBER TECHNOLOGIES INC,Research Scientist,152000,"Milwaukee, WI",2025
SNAP INC,Technical Lead,171000,"Santa Monica, CA",2024
DATADOG INC,Database Administrator,193000,"New York, NY",2026
SQUARE INC,Research Scientist,163000,"San Francisco, CA",2024
INFOSYS LIMITED,Staff Software Engineer,89000,"Plano, TX",2024
JPMORGAN CHASE & CO,Infrastructure Engineer,138000,"Seattle, WA",2025
TATA CONSULTANCY SERVICES,Senior Product Manager,86000,"Bridgewater, NJ",2026
DELOITTE CONSULTING LLP,Solutions Architect,87000,"New York, NY",2026
INTEL CORPORATION,Systems Engineer,150000,"Santa Clara, CA",2025
GOOGLE LLC,Senior Data Engineer,187000,"Dallas, TX",2026
GOOGLE LLC,Product Manager,167000,"Sacramento, CA",2026
ACCENTURE LLP,Compliance Analyst,127000,"Chicago, IL",2026
VMWARE LLC,Engineering Manager,159000,"Palo Alto, CA",2025
AMAZON WEB SERVICES INC,Senior Data Scientist,183000,"Indianapolis, IN",2025
GOLDMAN SACHS & CO LLC,Security Engineer,169000,"New York, NY",2024
SERVICENOW INC,Machine Learning Engineer,134000,"Santa Clara, CA",2025
CAPITAL ONE SERVICES LLC,Big Data Engineer,137000,"McLean, VA",2025
DOCUSIGN INC,Data Scientist,105000,"San Francisco, CA",2024
LINKEDIN CORPORATION,Systems Engineer,203000,"Sunnyvale, CA",2024
DROPOBOX INC,Frontend Engineer,189000,"St. Louis, MO",2026
WALMART GLOBAL TECH,Cloud Engineer,115000,"Kansas City, MO",2024
PINTEREST INC,Compliance Analyst,163000,"Denver, CO",2024
AMAZON WEB SERVICES INC,Technical Lead,164000,"Newark, NJ",2025
WORKDAY INC,Senior Engineering Manager,137000,"Pleasanton, CA",2026
SERVICENOW INC,Platform Engineer,142000,"Santa Clara, CA",2026
TWITTER INC,Data Engineer,178000,"San Francisco, CA",2026
ADOBE INC,Database Administrator,156000,"Redmond, WA",2024
TWITTER INC,Staff Software Engineer,143000,"Boston, MA",2026
TATA CONSULTANCY SERVICES,Operations Research Analyst,99000,"Portland, OR",2026
PINTEREST INC,UX Engineer,158000,"San Francisco, CA",2024
DATADOG INC,Systems Engineer,120000,"New York, NY",2024
INTEL CORPORATION,Technical Program Manager,141000,"Santa Clara, CA",2024
DELOITTE CONSULTING LLP,Senior Engineering Manager,111000,"New York, NY",2024
WALMART GLOBAL TECH,DevOps Engineer,132000,"Bentonville, AR",2026
DELOITTE CONSULTING LLP,Security Engineer,100000,"New York, NY",2026
ACCENTURE LLP,Site Reliability Engineer,94000,"Sunnyvale, CA",2025
DOCUSIGN INC,Technical Lead,158000,"San Diego, CA",2024
CAPITAL ONE SERVICES LLC,Senior Product Manager,115000,"McLean, VA",2025
DROPOBOX INC,Machine Learning Engineer,143000,"Dallas, TX",2025
AMAZON COM SERVICES LLC,Senior Engineering Manager,155000,"Bentonville, AR",2024
AMAZON COM SERVICES LLC,Technical Program Manager,149000,"Seattle, WA",2024
ADOBE INC,Operations Research Analyst,170000,"San Jose, CA",2025
VMWARE LLC,Senior DevOps Engineer,172000,"Palo Alto, CA",2026
PINTEREST INC,Infrastructure Engineer,165000,"San Francisco, CA",2024
DOCUSIGN INC,Senior Data Engineer,156000,"San Francisco, CA",2026
SNAP INC,Full Stack Engineer,135000,"Irvine, CA",2024
DROPOBOX INC,Database Administrator,157000,"San Francisco, CA",2025
SNAP INC,Business Intelligence Engineer,185000,"Baltimore, MD",2025
DROPOBOX INC,Compliance Analyst,135000,"Chicago, IL",2024
SPLUNK INC,Frontend Engineer,121000,"Richmond, VA",2025
AMAZON WEB SERVICES INC,UX Engineer,141000,"San Diego, CA",2024
STRIPE INC,Database Administrator,143000,"Alpharetta, GA",2025
UBER TECHNOLOGIES INC,Senior Engineering Manager,150000,"San Francisco, CA",2025
ACCENTURE LLP,Senior Engineering Manager,101000,"Chicago, IL",2026
CAPITAL ONE SERVICES LLC,Frontend Engineer,96000,"Los Angeles, CA",2024
INFOSYS LIMITED,Operations Research Analyst,83000,"Minneapolis, MN",2025
AMAZON COM SERVICES LLC,Technical Program Manager,152000,"Seattle, WA",2024
VMWARE LLC,Software Engineer,165000,"Palo Alto, CA",2025
MICROSOFT CORPORATION,Backend Engineer,125000,"Redmond, WA",2024
TWITTER INC,Engineering Manager,164000,"Palo Alto, CA",2026
DELOITTE CONSULTING LLP,SDET,108000,"New York, NY",2024
SALESFORCE INC,Senior Software Engineer,161000,"San Francisco, CA",2026
UBER TECHNOLOGIES INC,Operations Research Analyst,135000,"San Francisco, CA",2026
WORKDAY INC,Data Scientist,109000,"Pleasanton, CA",2025
TATA CONSULTANCY SERVICES,Engineering Manager,101000,"Bridgewater, NJ",2024
AMAZON WEB SERVICES INC,Operations Research Analyst,208000,"Seattle, WA",2024
TATA CONSULTANCY SERVICES,Senior Product Manager,100000,"Bridgewater, NJ",2025
SERVICENOW INC,Security Engineer,172000,"Santa Clara, CA",2026
PINTEREST INC,Infrastructure Engineer,142000,"San Francisco, CA",2024
SNAP INC,Senior Software Engineer,162000,"St. Louis, MO",2026
COGNIZANT TECHNOLOGY SOLUTIONS,Backend Engineer,94000,"Teaneck, NJ",2024
STRIPE INC,Machine Learning Engineer,184000,"South San Francisco, CA",2025
SALESFORCE INC,Site Reliability Engineer,190000,"Tampa, FL",2024
ZOOM VIDEO COMMUNICATIONS,SRE,171000,"Tempe, AZ",2024
MICROSOFT CORPORATION,UX Engineer,189000,"Milwaukee, WI",2026
DROPOBOX INC,Product Manager,168000,"Nashville, TN",2024
AMAZON WEB SERVICES INC,Senior Data Engineer,205000,"Seattle, WA",2026
WORKDAY INC,Compliance Analyst,155000,"Pleasanton, CA",2026
TATA CONSULTANCY SERVICES,Backend Engineer,89000,"Tempe, AZ",2025
CAPITAL ONE SERVICES LLC,Research Scientist,132000,"Cambridge, MA",2026
TATA CONSULTANCY SERVICES,Data Scientist,102000,"Bridgewater, NJ",2026
VMWARE LLC,Backend Engineer,184000,"Palo Alto, CA",2026
TATA CONSULTANCY SERVICES,Applied Scientist,105000,"Bridgewater, NJ",2026
ADOBE INC,Technical Lead,151000,"San Jose, CA",2024
DATADOG INC,Frontend Engineer,181000,"New York, NY",2026
ADOBE INC,Cloud Engineer,171000,"Jersey City, NJ",2025
GOOGLE LLC,Senior DevOps Engineer,198000,"Mountain View, CA",2024
WORKDAY INC,Senior Data Scientist,126000,"Reston, VA",2024
ACCENTURE LLP,SDET,138000,"Chicago, IL",2026
JPMORGAN CHASE & CO,Platform Engineer,134000,"New York, NY",2025
AMAZON WEB SERVICES INC,Cloud Engineer,208000,"Dallas, TX",2026
CAPITAL ONE SERVICES LLC,Senior Engineering Manager,136000,"Portland, OR",2026
DATADOG INC,Business Intelligence Engineer,148000,"New York, NY",2025
LINKEDIN CORPORATION,QA Engineer,138000,"Sunnyvale, CA",2025
ORACLE AMERICA INC,Operations Research Analyst,154000,"Houston, TX",2025
TATA CONSULTANCY SERVICES,Database Administrator,80000,"Bridgewater, NJ",2026
WALMART GLOBAL TECH,Machine Learning Engineer,140000,"Bentonville, AR",2025
STRIPE INC,UX Engineer,217000,"Nashville, TN",2025
CAPITAL ONE SERVICES LLC,Infrastructure Engineer,121000,"Dallas, TX",2025
PINTEREST INC,SRE,153000,"San Francisco, CA",2026
APPLE INC,Site Reliability Engineer,200000,"Seattle, WA",2024
META PLATFORMS INC,Technical Lead,173000,"Palo Alto, CA",2026
NVIDIA CORPORATION,Product Manager,226000,"Bridgewater, NJ",2024
INTEL CORPORATION,Solutions Architect,115000,"Santa Clara, CA",2026
INFOSYS LIMITED,Analytics Engineer,74000,"Arlington, VA",2024
SQUARE INC,Senior Product Manager,153000,"San Francisco, CA",2026
AMAZON WEB SERVICES INC,Solutions Architect,192000,"Denver, CO",2025
TESLA INC,Financial Analyst,152000,"Austin, TX",2025
TESLA INC,Big Data Engineer,138000,"Austin, TX",2025
CAPITAL ONE SERVICES LLC,Senior Software Engineer,116000,"McLean, VA",2026
SNAP INC,Senior Engineering Manager,186000,"Santa Monica, CA",2025
WALMART GLOBAL TECH,Platform Engineer,104000,"Bentonville, AR",2026
GOLDMAN SACHS & CO LLC,Systems Engineer,151000,"New York, NY",2025
DOCUSIGN INC,Machine Learning Engineer,158000,"Salt Lake City, UT",2024
JPMORGAN CHASE & CO,Senior Software Engineer,159000,"New York, NY",2025
DELOITTE CONSULTING LLP,Research Scientist,92000,"Charlotte, NC",2026
STRIPE INC,UX Engineer,229000,"South San Francisco, CA",2025
SERVICENOW INC,Site Reliability Engineer,154000,"Baltimore, MD",2025
MICROSOFT CORPORATION,Machine Learning Engineer,183000,"McLean, VA",2024
INTEL CORPORATION,Network Engineer,136000,"Columbus, OH",2026
GOLDMAN SACHS & CO LLC,Platform Engineer,152000,"New York, NY",2024
ADOBE INC,Database Administrator,164000,"San Jose, CA",2025
TATA CONSULTANCY SERVICES,Big Data Engineer,94000,"Bridgewater, NJ",2025
MICROSOFT CORPORATION,Technical Program Manager,182000,"Jersey City, NJ",2025
META PLATFORMS INC,Applied Scientist,190000,"Menlo Park, CA",2024
AIRBNB INC,AI Engineer,162000,"San Francisco, CA",2026
GOLDMAN SACHS & CO LLC,Cloud Engineer,116000,"New York, NY",2025
APPLE INC,Technical Lead,160000,"Cupertino, CA",2024
IBM CORPORATION,Database Administrator,157000,"Sunnyvale, CA",2024
APPLE INC,Business Intelligence Engineer,139000,"Cupertino, CA",2024
NVIDIA CORPORATION,Database Administrator,239000,"Charlotte, NC",2026
ORACLE AMERICA INC,Infrastructure Engineer,140000,"Austin, TX",2025
SPLUNK INC,Big Data Engineer,127000,"San Francisco, CA",2026
JPMORGAN CHASE & CO,Research Scientist,144000,"New York, NY",2026
WALMART GLOBAL TECH,Data Scientist,140000,"Bentonville, AR",2024
VMWARE LLC,Senior Data Engineer,189000,"Palo Alto, CA",2024
SQUARE INC,Technical Program Manager,138000,"San Francisco, CA",2024
DOCUSIGN INC,QA Engineer,163000,"Jersey City, NJ",2025
NVIDIA CORPORATION,Compliance Analyst,237000,"Santa Clara, CA",2025
JPMORGAN CHASE & CO,Machine Learning Engineer,164000,"New York, NY",2024
SPLUNK INC,Senior Data Engineer,172000,"Newark, NJ",2024
SERVICENOW INC,SRE,141000,"Santa Clara, CA",2024
DATADOG INC,UX Engineer,160000,"Bellevue, WA",2025
SPLUNK INC,Operations Research Analyst,153000,"San Francisco, CA",2025
COGNIZANT TECHNOLOGY SOLUTIONS,Backend Engineer,77000,"Columbus, OH",2024
SPLUNK INC,Senior Data Engineer,149000,"San Francisco, CA",2024
CAPITAL ONE SERVICES LLC,Systems Engineer,111000,"Cupertino, CA",2024
CAPITAL ONE SERVICES LLC,Data Engineer,130000,"McLean, VA",2026
STRIPE INC,Senior DevOps Engineer,172000,"South San Francisco, CA",2024
PALANTIR TECHNOLOGIES,Systems Engineer,144000,"Denver, CO",2024
SNAP INC,Machine Learning Engineer,185000,"Arlington, VA",2024
DATADOG INC,DevOps Engineer,132000,"New York, NY",2024
STRIPE INC,SDET,153000,"McLean, VA",2024
MICROSOFT CORPORATION,Senior Data Scientist,173000,"Redmond, WA",2024
DELOITTE CONSULTING LLP,Financial Analyst,135000,"New York, NY",2024
LINKEDIN CORPORATION,Product Manager,191000,"Cupertino, CA",2025
COGNIZANT TECHNOLOGY SOLUTIONS,Database Administrator,101000,"Teaneck, NJ",2025
GOOGLE LLC,Machine Learning Engineer,170000,"Reston, VA",2026
SERVICENOW INC,Platform Engineer,117000,"Santa Clara, CA",2024
APPLE INC,Senior DevOps Engineer,194000,"Cupertino, CA",2026
AMAZON COM SERVICES LLC,Big Data Engineer,142000,"Seattle, WA",2024
LINKEDIN CORPORATION,Big Data Engineer,191000,"Sunnyvale, CA",2024
PINTEREST INC,Platform Engineer,141000,"San Francisco, CA",2025
AIRBNB INC,Solutions Architect,163000,"Alpharetta, GA",2026
APPLE INC,Solutions Architect,164000,"Newark, NJ",2024
ZOOM VIDEO COMMUNICATIONS,Compliance Analyst,131000,"San Jose, CA",2024
WALMART GLOBAL TECH,Machine Learning Engineer,130000,"Bentonville, AR",2025
PINTEREST INC,Senior Data Scientist,173000,"San Francisco, CA",2025
ADOBE INC,Compliance Analyst,177000,"San Jose, CA",2026
ZOOM VIDEO COMMUNICATIONS,Research Scientist,125000,"Jersey City, NJ",2025
DATADOG INC,DevOps Engineer,187000,"New York, NY",2025
TESLA INC,QA Engineer,174000,"Cupertino, CA",2026
DOCUSIGN INC,Backend Engineer,140000,"San Francisco, CA",2025
GOOGLE LLC,Senior Data Scientist,204000,"Mountain View, CA",2025
PINTEREST INC,Senior Engineering Manager,178000,"Kansas City, MO",2024
GOLDMAN SACHS & CO LLC,DevOps Engineer,130000,"Cambridge, MA",2025
MICROSOFT CORPORATION,Technical Lead,191000,"Redmond, WA",2024
PALANTIR TECHNOLOGIES,Senior DevOps Engineer,157000,"Denver, CO",2024
APPLE INC,Analytics Engineer,158000,"Cupertino, CA",2025
PALANTIR TECHNOLOGIES,Product Manager,159000,"Denver, CO",2024
INTEL CORPORATION,Senior Software Engineer,157000,"Santa Clara, CA",2024
NETFLIX INC,DevOps Engineer,222000,"Los Gatos, CA",2024
SALESFORCE INC,Cloud Engineer,184000,"Detroit, MI",2026
TWITTER INC,Engineering Manager,144000,"San Francisco, CA",2024
DELOITTE CONSULTING LLP,Solutions Architect,88000,"Atlanta, GA",2024
IBM CORPORATION,SDET,135000,"San Francisco, CA",2026
CAPITAL ONE SERVICES LLC,Applied Scientist,149000,"McLean, VA",2026
SNAP INC,Site Reliability Engineer,150000,"Santa Monica, CA",2026
VMWARE LLC,Software Engineer,171000,"Palo Alto, CA",2025
SALESFORCE INC,Data Scientist,133000,"Sacramento, CA",2025
STRIPE INC,Technical Lead,198000,"South San Francisco, CA",2025
GOLDMAN SACHS & CO LLC,Platform Engineer,118000,"Alpharetta, GA",2026
DELOITTE CONSULTING LLP,Data Engineer,108000,"Ann Arbor, MI",2026
INFOSYS LIMITED,Data Scientist,106000,"Plano, TX",2026
SPLUNK INC,Senior DevOps Engineer,186000,"San Francisco, CA",2024
SQUARE INC,Applied Scientist,154000,"San Francisco, CA",2026
COGNIZANT TECHNOLOGY SOLUTIONS,Network Engineer,71000,"Teaneck, NJ",2026
IBM CORPORATION,Senior DevOps Engineer,143000,"Los Angeles, CA",2024
IBM CORPORATION,Technical Lead,116000,"Armonk, NY",2025
AIRBNB INC,Machine Learning Engineer,193000,"San Francisco, CA",2024
DOCUSIGN INC,DevOps Engineer,132000,"San Francisco, CA",2026
META PLATFORMS INC,Compliance Analyst,204000,"San Francisco, CA",2025
WALMART GLOBAL TECH,Site Reliability Engineer,148000,"Bentonville, AR",2026
VMWARE LLC,Systems Engineer,158000,"Plano, TX",2024
WORKDAY INC,Solutions Architect,166000,"Indianapolis, IN",2024
ACCENTURE LLP,SRE,108000,"Chicago, IL",2025
DELOITTE CONSULTING LLP,Frontend Engineer,86000,"New York, NY",2024
COGNIZANT TECHNOLOGY SOLUTIONS,Big Data Engineer,72000,"Boulder, CO",2026
NETFLIX INC,Technical Lead,300000,"Los Gatos, CA",2024
IBM CORPORATION,Systems Engineer,105000,"Sacramento, CA",2024
NETFLIX INC,Site Reliability Engineer,349000,"Houston, TX",2026
ORACLE AMERICA INC,Compliance Analyst,110000,"Austin, TX",2026
ACCENTURE LLP,AI Engineer,94000,"Charlotte, NC",2024
STRIPE INC,Platform Engineer,214000,"South San Francisco, CA",2024
UBER TECHNOLOGIES INC,Financial Analyst,191000,"San Francisco, CA",2025
VMWARE LLC,Software Engineer,168000,"Cambridge, MA",2026
PINTEREST INC,Operations Research Analyst,163000,"San Francisco, CA",2024
SALESFORCE INC,Operations Research Analyst,172000,"San Francisco, CA",2024
AMAZON COM SERVICES LLC,Cloud Engineer,181000,"Seattle, WA",2024
NETFLIX INC,Database Administrator,240000,"Los Gatos, CA",2025
LINKEDIN CORPORATION,Senior Software Engineer,194000,"Sunnyvale, CA",2025
TATA CONSULTANCY SERVICES,Systems Engineer,85000,"Bridgewater, NJ",2025
COGNIZANT TECHNOLOGY SOLUTIONS,Data Scientist,85000,"Teaneck, NJ",2024
TATA CONSULTANCY SERVICES,Data Engineer,66000,"Bridgewater, NJ",2024
TESLA INC,Data Engineer,172000,"Austin, TX",2026
PALANTIR TECHNOLOGIES,Senior Engineering Manager,134000,"Phoenix, AZ",2025
WORKDAY INC,Full Stack Engineer,157000,"San Jose, CA",2024
MICROSOFT CORPORATION,Database Administrator,125000,"Redmond, WA",2026
APPLE INC,Backend Engineer,135000,"Austin, TX",2024
UBER TECHNOLOGIES INC,Senior Data Scientist,148000,"San Francisco, CA",2024
WORKDAY INC,Product Manager,152000,"Pleasanton, CA",2025
DROPOBOX INC,Senior Product Manager,159000,"Tampa, FL",2026
GOLDMAN SACHS & CO LLC,Big Data Engineer,163000,"Dallas, TX",2025
ORACLE AMERICA INC,Security Engineer,123000,"Austin, TX",2026
APPLE INC,Backend Engineer,147000,"Cupertino, CA",2024
WORKDAY INC,Business Intelligence Engineer,164000,"Pleasanton, CA",2025
SQUARE INC,Solutions Architect,161000,"Minneapolis, MN",2024
VMWARE LLC,Senior Product Manager,179000,"Palo Alto, CA",2026
LINKEDIN CORPORATION,Infrastructure Engineer,182000,"Sunnyvale, CA",2025
SALESFORCE INC,Technical Lead,193000,"Salt Lake City, UT",2024
DATADOG INC,Cloud Engineer,168000,"Los Angeles, CA",2025
MICROSOFT CORPORATION,Security Engineer,135000,"Redmond, WA",2024
UBER TECHNOLOGIES INC,Data Engineer,139000,"Schaumburg, IL",2026
DELOITTE CONSULTING LLP,Machine Learning Engineer,100000,"New York, NY",2026
WORKDAY INC,Full Stack Engineer,149000,"Kansas City, MO",2024
DROPOBOX INC,Machine Learning Engineer,144000,"San Francisco, CA",2026
ORACLE AMERICA INC,Data Engineer,147000,"Sacramento, CA",2024
VMWARE LLC,Solutions Architect,134000,"Denver, CO",2024
WORKDAY INC,Financial Analyst,158000,"Pleasanton, CA",2026
APPLE INC,QA Engineer,190000,"Cupertino, CA",2024
GOLDMAN SACHS & CO LLC,Machine Learning Engineer,149000,"Phoenix, AZ",2024
ADOBE INC,Backend Engineer,176000,"Ann Arbor, MI",2025
SPLUNK INC,Senior DevOps Engineer,182000,"Orlando, FL",2024
LINKEDIN CORPORATION,Product Manager,185000,"Sunnyvale, CA",2026
TESLA INC,QA Engineer,113000,"Austin, TX",2026
SQUARE INC,AI Engineer,161000,"San Francisco, CA",2024
DATADOG INC,Solutions Architect,176000,"New York, NY",2025
JPMORGAN CHASE & CO,Data Scientist,114000,"New York, NY",2025
VMWARE LLC,Site Reliability Engineer,150000,"Indianapolis, IN",2025
ACCENTURE LLP,Data Engineer,121000,"Chicago, IL",2025
PINTEREST INC,DevOps Engineer,174000,"San Francisco, CA",2024
SNAP INC,QA Engineer,163000,"Santa Monica, CA",2025
DOCUSIGN INC,Staff Software Engineer,155000,"San Francisco, CA",2025
AMAZON WEB SERVICES INC,Data Engineer,156000,"Seattle, WA",2026
GOOGLE LLC,Software Engineer,183000,"Mountain View, CA",2024
INFOSYS LIMITED,Product Manager,92000,"Plano, TX",2025
TATA CONSULTANCY SERVICES,QA Engineer,66000,"Bridgewater, NJ",2026
INFOSYS LIMITED,Product Manager,86000,"Kansas City, MO",2024
PALANTIR TECHNOLOGIES,Senior Engineering Manager,153000,"Pittsburgh, PA",2025
GOOGLE LLC,Network Engineer,203000,"Mountain View, CA",2024
DOCUSIGN INC,Cloud Engineer,123000,"Orlando, FL",2025
DELOITTE CONSULTING LLP,Operations Research Analyst,137000,"Dallas, TX",2025
GOOGLE LLC,Senior Product Manager,209000,"Mountain View, CA",2024
SNAP INC,Engineering Manager,197000,"Santa Monica, CA",2024
NVIDIA CORPORATION,Systems Engineer,210000,"Santa Clara, CA",2025
DROPOBOX INC,Solutions Architect,127000,"San Francisco, CA",2024
NETFLIX INC,Backend Engineer,274000,"San Francisco, CA",2026
UBER TECHNOLOGIES INC,AI Engineer,181000,"San Francisco, CA",2026
SPLUNK INC,Frontend Engineer,159000,"Arlington, VA",2026
SALESFORCE INC,Security Engineer,146000,"San Francisco, CA",2026
TWITTER INC,Product Manager,177000,"San Francisco, CA",2025
SNAP INC,Database Administrator,132000,"Santa Monica, CA",2026
JPMORGAN CHASE & CO,Financial Analyst,133000,"New York, NY",2024
ACCENTURE LLP,Software Engineer,94000,"Chicago, IL",2026
DELOITTE CONSULTING LLP,Software Engineer,141000,"New York, NY",2025
VMWARE LLC,Security Engineer,115000,"Palo Alto, CA",2025
DELOITTE CONSULTING LLP,Full Stack Engineer,103000,"New York, NY",2024
COGNIZANT TECHNOLOGY SOLUTIONS,Product Manager,100000,"Columbus, OH",2025
NETFLIX INC,Backend Engineer,329000,"Los Gatos, CA",2026
SQUARE INC,Technical Program Manager,189000,"Bellevue, WA",2026
ORACLE AMERICA INC,Backend Engineer,169000,"Austin, TX",2025
IBM CORPORATION,Machine Learning Engineer,101000,"Armonk, NY",2024
SQUARE INC,Senior Product Manager,156000,"San Francisco, CA",2025
AMAZON COM SERVICES LLC,SRE,191000,"Bentonville, AR",2024
GOOGLE LLC,Research Scientist,172000,"Mountain View, CA",2025
JPMORGAN CHASE & CO,Technical Lead,161000,"New York, NY",2026
SQUARE INC,Technical Program Manager,178000,"Dallas, TX",2025
JPMORGAN CHASE & CO,Research Scientist,152000,"Alpharetta, GA",2026
DATADOG INC,SDET,150000,"New York, NY",2024
ADOBE INC,UX Engineer,168000,"San Jose, CA",2026
TATA CONSULTANCY SERVICES,UX Engineer,97000,"St. Louis, MO",2025
UBER TECHNOLOGIES INC,Business Intelligence Engineer,165000,"San Francisco, CA",2026
NETFLIX INC,Network Engineer,219000,"Los Gatos, CA",2026
CAPITAL ONE SERVICES LLC,AI Engineer,137000,"San Francisco, CA",2026
CAPITAL ONE SERVICES LLC,Site Reliability Engineer,131000,"McLean, VA",2025
SERVICENOW INC,Analytics Engineer,159000,"Santa Clara, CA",2026
AIRBNB INC,Infrastructure Engineer,154000,"Bellevue, WA",2026
APPLE INC,Infrastructure Engineer,185000,"Cupertino, CA",2025
STRIPE INC,AI Engineer,160000,"Alpharetta, GA",2025
UBER TECHNOLOGIES INC,Site Reliability Engineer,159000,"Milwaukee, WI",2024
COGNIZANT TECHNOLOGY SOLUTIONS,Senior DevOps Engineer,98000,"Richmond, VA",2025
SNAP INC,Software Engineer,176000,"Santa Monica, CA",2026
DATADOG INC,Research Scientist,147000,"New York, NY",2025
SPLUNK INC,Backend Engineer,194000,"San Francisco, CA",2024
MICROSOFT CORPORATION,Research Scientist,126000,"Redmond, WA",2026
APPLE INC,Database Administrator,143000,"Cupertino, CA",2025
WORKDAY INC,Technical Lead,158000,"Palo Alto, CA",2025
MICROSOFT CORPORATION,SDET,174000,"Milwaukee, WI",2025
ACCENTURE LLP,Software Engineer,112000,"Palo Alto, CA",2026
TATA CONSULTANCY SERVICES,Full Stack Engineer,71000,"Bridgewater, NJ",2025
TWITTER INC,QA Engineer,194000,"Milwaukee, WI",2024
SPLUNK INC,Network Engineer,135000,"Sacramento, CA",2026
AIRBNB INC,Operations Research Analyst,165000,"San Francisco, CA",2025
ADOBE INC,Operations Research Analyst,166000,"Boston, MA",2025
ZOOM VIDEO COMMUNICATIONS,Cloud Engineer,119000,"Redmond, WA",2025
META PLATFORMS INC,SDET,209000,"Menlo Park, CA",2026
IBM CORPORATION,Network Engineer,116000,"Armonk, NY",2025
ADOBE INC,Database Administrator,174000,"Newark, NJ",2024
ZOOM VIDEO COMMUNICATIONS,Data Engineer,112000,"San Jose, CA",2026
MICROSOFT CORPORATION,Technical Lead,168000,"Redmond, WA",2024
UBER TECHNOLOGIES INC,Data Scientist,179000,"San Francisco, CA",2025
SQUARE INC,Senior Data Engineer,172000,"Denver, CO",2026
